mag_id	user_genome	classification	closest_genome_reference	closest_genome_reference_radius	closest_genome_taxonomy	closest_genome_ani	closest_genome_af	closest_placement_reference	closest_placement_radius	closest_placement_taxonomy	closest_placement_ani	closest_placement_af	pplacer_taxonomy	classification_method	note	other_related_references(genome_id,species_name,radius,ANI,AF)	msa_percent	translation_table	red_value	warnings
10C(CNS0876620)_bin.42	10C_CNS0876620__bin.42	d__Archaea;p__Thermoplasmatota;c__Penumbrarchaeia;o__Penumbrarchaeales;f__Penumbrarchaeaceae;g__JBLIRG01;s__	N/A	N/A	N/A	N/A	N/A	N/A	N/A	N/A	N/A	N/A	d__Archaea;p__Thermoplasmatota;c__Penumbrarchaeia;o__Penumbrarchaeales;f__Penumbrarchaeaceae;g__;s__	taxonomic novelty determined using RED	N/A	N/A	94.62	11	0.96396	N/A
10F(CNS0876623)_bin.27	10F_CNS0876623__bin.27	d__Archaea;p__Asgardarchaeota;c__Thorarchaeia;o__Thorarchaeales;f__Thorarchaeaceae;g__WTCK01;s__	N/A	N/A	N/A	N/A	N/A	N/A	N/A	N/A	N/A	N/A	d__Archaea;p__Asgardarchaeota;c__Thorarchaeia;o__Thorarchaeales;f__Thorarchaeaceae;g__WTCK01;s__	taxonomic classification fully defined by topology	N/A	N/A	91.94	11	0.99394	N/A
7C(CNS0876639)_bin.17	7C_CNS0876639__bin.17	d__Archaea;p__Thermoplasmatota;c__Thermoplasmata;o__RBG-16-68-12;f__JAJISG01;g__JAJISK01;s__JAJISK01 sp036444795	GCA_036444795.1	95.0	d__Archaea;p__Thermoplasmatota;c__Thermoplasmata;o__RBG-16-68-12;f__JAJISG01;g__JAJISK01;s__JAJISK01 sp036444795	98.47	0.847	N/A	N/A	N/A	N/A	N/A	N/A	ani_screen	classification based on ANI only	N/A	92.29	11	N/A	N/A
7E(CNS0876641)_bin.48	7E_CNS0876641__bin.48	d__Archaea;p__Thermoproteota;c__Bathyarchaeia;o__Bathyarchaeales;f__SOJC01;g__SOJC01;s__SOJC01 sp004376645	GCA_004376645.1	95.0	d__Archaea;p__Thermoproteota;c__Bathyarchaeia;o__Bathyarchaeales;f__SOJC01;g__SOJC01;s__SOJC01 sp004376645	97.91	0.742	N/A	N/A	N/A	N/A	N/A	N/A	ani_screen	classification based on ANI only	N/A	77.18	11	N/A	N/A
FDZ033-YBk0-2(OES00301283)_bin.59	FDZ033-YBk0-2_OES00301283__bin.59	d__Archaea;p__Thermoproteota;c__Nitrososphaeria;o__Nitrososphaerales;f__JAPUIC01;g__JAPUIC01;s__	N/A	N/A	N/A	N/A	N/A	N/A	N/A	N/A	N/A	N/A	d__Archaea;p__Thermoproteota;c__Nitrososphaeria;o__Nitrososphaerales;f__;g__;s__	taxonomic novelty determined using RED	N/A	N/A	87.75	11	0.98399	N/A
FDZ039-Y14-16(OES00301306)_bin.1	FDZ039-Y14-16_OES00301306__bin.1	d__Archaea;p__Thermoproteota;c__Nitrososphaeria;o__Nitrososphaerales;f__Nitrosopumilaceae;g__DRGT01;s__DRGT01 sp022567895	GCA_022567895.1	95.0	d__Archaea;p__Thermoproteota;c__Nitrososphaeria;o__Nitrososphaerales;f__Nitrosopumilaceae;g__DRGT01;s__DRGT01 sp022567895	96.9	0.841	N/A	N/A	N/A	N/A	N/A	N/A	ani_screen	classification based on ANI only	N/A	92.38	11	N/A	N/A
FDZ050-RBk28-30(OES00301427)_bin.82	FDZ050-RBk28-30_OES00301427__bin.82	d__Archaea;p__Iainarchaeota;c__Iainarchaeia;o__Iainarchaeales;f__Iainarchaeaceae;g__UBA493;s__	N/A	N/A	N/A	N/A	N/A	N/A	N/A	N/A	N/A	N/A	d__Archaea;p__Iainarchaeota;c__Iainarchaeia;o__Iainarchaeales;f__Iainarchaeaceae;g__UBA493;s__	taxonomic classification fully defined by topology	N/A	N/A	90.78	11	0.93099	N/A
FDZ054-Be30-32(OES00301484)_bin.6	FDZ054-Be30-32_OES00301484__bin.6	d__Archaea;p__Thermoproteota;c__Nitrososphaeria;o__Nitrososphaerales;f__Nitrosopumilaceae;g__DRGT01;s__DRGT01 sp016838795	GCA_016838795.1	95.0	d__Archaea;p__Thermoproteota;c__Nitrososphaeria;o__Nitrososphaerales;f__Nitrosopumilaceae;g__DRGT01;s__DRGT01 sp016838795	96.05	0.823	N/A	N/A	N/A	N/A	N/A	N/A	ani_screen	classification based on ANI only	GCA_016838795.1, s__DRGT01 sp016838795, 95.0, 96.05, 0.823; GCA_022574415.1, s__DRGT01 sp022574415, 95.24, 94.83, 0.744; GCA_016838845.1, s__DRGT01 sp016838845, 95.0, 92.65, 0.658	92.61	11	N/A	N/A
FDZ060-HbR22-24(OES00301551)_bin.54	FDZ060-HbR22-24_OES00301551__bin.54	d__Archaea;p__Asgardarchaeota;c__Heimdallarchaeia;o__Heimdallarchaeales;f__Kariarchaeaceae;g__JAJRQD01;s__	N/A	N/A	N/A	N/A	N/A	N/A	N/A	N/A	N/A	N/A	d__Archaea;p__Asgardarchaeota;c__Heimdallarchaeia;o__Heimdallarchaeales;f__Kariarchaeaceae;g__JAJRQD01;s__	taxonomic classification fully defined by topology	N/A	N/A	87.18	11	0.94014	N/A
FDZ061-WW8-10(OES00301591)_bin.46	FDZ061-WW8-10_OES00301591__bin.46	d__Archaea;p__Nanobdellota;c__Nanobdellia;o__Woesearchaeales;f__GW2011-AR4;g__GCA-2686855;s__	N/A	N/A	N/A	N/A	N/A	N/A	N/A	N/A	N/A	N/A	d__Archaea;p__Nanobdellota;c__Nanobdellia;o__Woesearchaeales;f__GW2011-AR4;g__;s__	taxonomic novelty determined using RED	N/A	N/A	92.9	11	0.93393	N/A
FDZ062-RRR14-16(OES00301611)_bin.17	FDZ062-RRR14-16_OES00301611__bin.17	d__Archaea;p__Thermoproteota;c__Nitrososphaeria;o__Nitrososphaerales;f__Nitrosopumilaceae;g__DRGT01;s__DRGT01 sp022564515	GCA_022564515.1	95.0	d__Archaea;p__Thermoproteota;c__Nitrososphaeria;o__Nitrososphaerales;f__Nitrosopumilaceae;g__DRGT01;s__DRGT01 sp022564515	98.81	0.848	N/A	N/A	N/A	N/A	N/A	N/A	ani_screen	classification based on ANI only	N/A	94.09	11	N/A	N/A
FDZ062-WuWW6-8(OES00301642)_bin.30	FDZ062-WuWW6-8_OES00301642__bin.30	d__Archaea;p__Thermoplasmatota;c__Thermoplasmata;o__GCA-020350865;f__;g__;s__	N/A	N/A	N/A	N/A	N/A	N/A	N/A	N/A	N/A	N/A	d__Archaea;p__Thermoplasmatota;c__Thermoplasmata;o__;f__;g__;s__	taxonomic novelty determined using RED	N/A	N/A	95.45	11	0.57717	N/A
FDZ069-WuWuWu8-10(OES00301822)_bin.63	FDZ069-WuWuWu8-10_OES00301822__bin.63	d__Archaea;p__Thermoproteota;c__Nitrososphaeria;o__Nitrososphaerales;f__Nitrosopumilaceae;g__CSP1-1;s__	N/A	N/A	N/A	N/A	N/A	N/A	N/A	N/A	N/A	N/A	d__Archaea;p__Thermoproteota;c__Nitrososphaeria;o__Nitrososphaerales;f__Nitrosopumilaceae;g__CSP1-1;s__	taxonomic classification fully defined by topology	N/A	N/A	84.37	11	0.98451	N/A
FDZ070-GBkY4-6(OES00301859)_bin.51	FDZ070-GBkY4-6_OES00301859__bin.51	d__Archaea;p__Asgardarchaeota;c__Heimdallarchaeia;o__Heimdallarchaeales;f__Kariarchaeaceae;g__;s__	N/A	N/A	N/A	N/A	N/A	N/A	N/A	N/A	N/A	N/A	d__Archaea;p__Asgardarchaeota;c__Heimdallarchaeia;o__Heimdallarchaeales;f__Kariarchaeaceae;g__;s__	taxonomic novelty determined using RED	N/A	N/A	88.83	11	0.87423	N/A
FDZ071-BUG4-6(OES00301939)_bin.11	FDZ071-BUG4-6_OES00301939__bin.11	d__Archaea;p__Thermoproteota;c__Nitrososphaeria;o__Nitrososphaerales;f__UBA57;g__B1T1B5;s__B1T1B5 sp022572285	GCA_022572285.1	95.0	d__Archaea;p__Thermoproteota;c__Nitrososphaeria;o__Nitrososphaerales;f__UBA57;g__B1T1B5;s__B1T1B5 sp022572285	99.1	0.816	N/A	N/A	N/A	N/A	N/A	N/A	ani_screen	classification based on ANI only	N/A	89.95	11	N/A	N/A
FDZ072-GBeBe4-6(OES00302001)_bin.66	FDZ072-GBeBe4-6_OES00302001__bin.66	d__Archaea;p__Thermoproteota;c__Nitrososphaeria;o__Nitrososphaerales;f__Nitrosopumilaceae;g__Nitrosomaritimum;s__Nitrosomaritimum sp022562615	GCA_022562615.1	95.0	d__Archaea;p__Thermoproteota;c__Nitrososphaeria;o__Nitrososphaerales;f__Nitrosopumilaceae;g__Nitrosomaritimum;s__Nitrosomaritimum sp022562615	99.06	0.841	N/A	N/A	N/A	N/A	N/A	N/A	ani_screen	classification based on ANI only	N/A	86.7	11	N/A	N/A
FDZ072-GRR24-26_26_(OES00302017)_bin.2	FDZ072-GRR24-26_26__OES00302017__bin.2	d__Archaea;p__Thermoproteota;c__Nitrososphaeria;o__Nitrososphaerales;f__Nitrosopumilaceae;g__Nitrosopumilus;s__Nitrosopumilus sp022573895	GCA_022573895.1	95.0	d__Archaea;p__Thermoproteota;c__Nitrososphaeria;o__Nitrososphaerales;f__Nitrosopumilaceae;g__Nitrosopumilus;s__Nitrosopumilus sp022573895	99.46	0.794	N/A	N/A	N/A	N/A	N/A	N/A	ani_screen	classification based on ANI only	GCA_022573895.1, s__Nitrosopumilus sp022573895, 95.0, 99.46, 0.794; GCA_950073955.1, s__Nitrosopumilus sp950073955, 95.0, 90.67, 0.716; GCA_013390905.1, s__Nitrosopumilus sp013390905, 95.0, 90.49, 0.702; GCA_022564385.1, s__Nitrosopumilus sp022564385, 95.0, 90.25, 0.561; GCA_001510275.1, s__Nitrosopumilus sp001510275, 95.0, 87.88, 0.558	94.07	11	N/A	N/A
FDZ074-WuYW10-12(OES00302211)_bin.84	FDZ074-WuYW10-12_OES00302211__bin.84	d__Archaea;p__Nanobdellota;c__Nanobdellia;o__Woesearchaeales;f__GW2011-AR4;g__;s__	N/A	N/A	N/A	N/A	N/A	N/A	N/A	N/A	N/A	N/A	d__Archaea;p__Nanobdellota;c__Nanobdellia;o__Woesearchaeales;f__GW2011-AR4;g__;s__	taxonomic novelty determined using RED	N/A	N/A	91.21	11	0.87675	N/A
FDZ076-BkWG18-20(OES00302228)_bin.76	FDZ076-BkWG18-20_OES00302228__bin.76	d__Archaea;p__Thermoproteota;c__Nitrososphaeria;o__Nitrososphaerales;f__Nitrosopumilaceae;g__Nitrosopumilus;s__Nitrosopumilus sp950073955	GCA_950073955.1	95.0	d__Archaea;p__Thermoproteota;c__Nitrososphaeria;o__Nitrososphaerales;f__Nitrosopumilaceae;g__Nitrosopumilus;s__Nitrosopumilus sp950073955	96.43	0.787	N/A	N/A	N/A	N/A	N/A	N/A	ani_screen	classification based on ANI only	GCA_950073955.1, s__Nitrosopumilus sp950073955, 95.0, 96.43, 0.787; GCA_013390905.1, s__Nitrosopumilus sp013390905, 95.0, 94.79, 0.763; GCA_965247045.1, s__Nitrosopumilus sp965247045, 95.0, 91.47, 0.664; GCA_022573895.1, s__Nitrosopumilus sp022573895, 95.0, 90.41, 0.641; GCA_965219345.1, s__Nitrosopumilus sp965219345, 95.0, 90.07, 0.599; GCA_022564385.1, s__Nitrosopumilus sp022564385, 95.0, 88.41, 0.52; GCA_963667665.2, s__Nitrosopumilus sp963667665, 95.0, 88.3, 0.515; GCA_013911135.1, s__Nitrosopumilus sp013911135, 95.0, 88.26, 0.509; GCA_001510275.1, s__Nitrosopumilus sp001510275, 95.0, 87.91, 0.52	88.92	11	N/A	N/A
FDZ076-BkWG22-24(OES00302230)_bin.47	FDZ076-BkWG22-24_OES00302230__bin.47	d__Archaea;p__Thermoplasmatota;c__Thermoplasmata;o__GCA-020350865;f__;g__;s__	N/A	N/A	N/A	N/A	N/A	N/A	N/A	N/A	N/A	N/A	d__Archaea;p__Thermoplasmatota;c__Thermoplasmata;o__;f__;g__;s__	taxonomic novelty determined using RED	N/A	N/A	94.53	11	0.57907	N/A
FDZ076-RGWu4-6(OES00302270)_bin.168	FDZ076-RGWu4-6_OES00302270__bin.168	d__Archaea;p__Nanobdellota;c__Nanobdellia;o__Woesearchaeales;f__JAGVZT01;g__;s__	N/A	N/A	N/A	N/A	N/A	N/A	N/A	N/A	N/A	N/A	d__Archaea;p__Nanobdellota;c__Nanobdellia;o__Woesearchaeales;f__JAGVZT01;g__;s__	taxonomic novelty determined using RED	N/A	N/A	88.03	11	0.83767	N/A
FDZ076-RRW20-22(OES00302277)_bin.7	FDZ076-RRW20-22_OES00302277__bin.7	d__Archaea;p__Thermoproteota;c__Nitrososphaeria;o__Nitrososphaerales;f__Nitrosopumilaceae;g__Nitrosopumilus;s__Nitrosopumilus sp013390905	GCA_013390905.1	95.0	d__Archaea;p__Thermoproteota;c__Nitrososphaeria;o__Nitrososphaerales;f__Nitrosopumilaceae;g__Nitrosopumilus;s__Nitrosopumilus sp013390905	96.63	0.879	N/A	N/A	N/A	N/A	N/A	N/A	ani_screen	classification based on ANI only	GCA_013390905.1, s__Nitrosopumilus sp013390905, 95.0, 96.63, 0.879; GCA_950073955.1, s__Nitrosopumilus sp950073955, 95.0, 94.71, 0.843; GCA_965247045.1, s__Nitrosopumilus sp965247045, 95.0, 90.71, 0.544; GCA_022573895.1, s__Nitrosopumilus sp022573895, 95.0, 89.99, 0.561; GCA_001510275.1, s__Nitrosopumilus sp001510275, 95.0, 87.37, 0.543	93.93	11	N/A	N/A
FDZ076-WWWu4-6(OES00302308)_bin.74	FDZ076-WWWu4-6_OES00302308__bin.74	d__Archaea;p__Thermoproteota;c__Nitrososphaeria;o__Nitrososphaerales;f__JAPUIC01;g__JAPUIC01;s__	N/A	N/A	N/A	N/A	N/A	N/A	N/A	N/A	N/A	N/A	d__Archaea;p__Thermoproteota;c__Nitrososphaeria;o__Nitrososphaerales;f__;g__;s__	taxonomic novelty determined using RED	N/A	N/A	88.74	11	0.95832	N/A
FDZ076-YW-A16-18(OES00302314)_bin.31	FDZ076-YW-A16-18_OES00302314__bin.31	d__Archaea;p__Iainarchaeota;c__Iainarchaeia;o__Iainarchaeales;f__GW2011-AR10;g__;s__	N/A	N/A	N/A	N/A	N/A	N/A	N/A	N/A	N/A	N/A	d__Archaea;p__Iainarchaeota;c__Iainarchaeia;o__Iainarchaeales;f__GW2011-AR10;g__;s__	taxonomic novelty determined using RED	N/A	N/A	89.65	11	0.87063	N/A
RS_10(SAMN18200498)_bin.1	RS_10_SAMN18200498__bin.1	d__Archaea;p__Thermoproteota;c__Bathyarchaeia;o__Bathyarchaeales;f__SOJC01;g__JAGLZJ01;s__JAGLZJ01 sp023131555	GCA_023131555.1	95.0	d__Archaea;p__Thermoproteota;c__Bathyarchaeia;o__Bathyarchaeales;f__SOJC01;g__JAGLZJ01;s__JAGLZJ01 sp023131555	97.98	0.697	N/A	N/A	N/A	N/A	N/A	N/A	ani_screen	classification based on ANI only	N/A	89.24	11	N/A	N/A
RS_10(SAMN18200498)_bin.50	RS_10_SAMN18200498__bin.50	d__Archaea;p__Asgardarchaeota;c__Heimdallarchaeia;o__Heimdallarchaeales;f__Heimdallarchaeaceae;g__UBA460;s__UBA460 sp023270155	GCA_023270155.1	95.0	d__Archaea;p__Asgardarchaeota;c__Heimdallarchaeia;o__Heimdallarchaeales;f__Heimdallarchaeaceae;g__UBA460;s__UBA460 sp023270155	99.9	0.963	N/A	N/A	N/A	N/A	N/A	N/A	ani_screen	classification based on ANI only	N/A	97.02	11	N/A	N/A
RS_10(SAMN18200498)_bin.83	RS_10_SAMN18200498__bin.83	d__Archaea;p__Asgardarchaeota;c__Heimdallarchaeia;o__Heimdallarchaeales;f__Heimdallarchaeaceae;g__UBA460;s__UBA460 sp023139025	GCA_023139025.1	95.0	d__Archaea;p__Asgardarchaeota;c__Heimdallarchaeia;o__Heimdallarchaeales;f__Heimdallarchaeaceae;g__UBA460;s__UBA460 sp023139025	99.81	0.862	N/A	N/A	N/A	N/A	N/A	N/A	ani_screen	classification based on ANI only	GCA_023139025.1, s__UBA460 sp023139025, 95.0, 99.81, 0.862; GCA_030608385.1, s__UBA460 sp030608385, 95.0, 94.77, 0.72; GCA_021399345.1, s__UBA460 sp021399345, 95.0, 93.57, 0.659; GCA_030668825.1, s__UBA460 sp023132955, 95.0, 92.61, 0.647; GCA_030607575.1, s__UBA460 sp030607575, 95.0, 91.98, 0.711; GCA_019057375.1, s__UBA460 sp002505645, 95.0, 91.44, 0.631	97.21	11	N/A	N/A
RS_12(SAMN18200500)_bin.42	RS_12_SAMN18200500__bin.42	d__Archaea;p__Asgardarchaeota;c__Heimdallarchaeia;o__Heimdallarchaeales;f__Heimdallarchaeaceae;g__UBA460;s__UBA460 sp023132955	GCA_030668825.1	95.0	d__Archaea;p__Asgardarchaeota;c__Heimdallarchaeia;o__Heimdallarchaeales;f__Heimdallarchaeaceae;g__UBA460;s__UBA460 sp023132955	99.49	0.935	N/A	N/A	N/A	N/A	N/A	N/A	ani_screen	classification based on ANI only	GCA_030668825.1, s__UBA460 sp023132955, 95.0, 99.49, 0.935; GCA_030608385.1, s__UBA460 sp030608385, 95.0, 93.1, 0.721; GCA_023139025.1, s__UBA460 sp023139025, 95.0, 93.05, 0.614; GCA_021399345.1, s__UBA460 sp021399345, 95.0, 92.4, 0.608; GCA_019057375.1, s__UBA460 sp002505645, 95.0, 92.03, 0.621; GCA_030607575.1, s__UBA460 sp030607575, 95.0, 92.01, 0.674	97.21	11	N/A	N/A
RS_12(SAMN18200500)_bin.67	RS_12_SAMN18200500__bin.67	d__Archaea;p__Aenigmatarchaeota;c__Aenigmatarchaeia;o__QMZP01;f__QMZT01;g__JAZGEG01;s__JAZGEG01 sp023128965	GCA_023128965.1	95.0	d__Archaea;p__Aenigmatarchaeota;c__Aenigmatarchaeia;o__QMZP01;f__QMZT01;g__JAZGEG01;s__JAZGEG01 sp023128965	98.99	0.919	N/A	N/A	N/A	N/A	N/A	N/A	ani_screen	classification based on ANI only	N/A	90.68	11	N/A	N/A
RS_17(SAMN18200505)_bin.41	RS_17_SAMN18200505__bin.41	d__Archaea;p__B1Sed10-29;c__B1Sed10-29;o__WALL01;f__WALL01;g__WALL01;s__WALL01 sp023129115	GCA_023129115.1	95.0	d__Archaea;p__B1Sed10-29;c__B1Sed10-29;o__WALL01;f__WALL01;g__WALL01;s__WALL01 sp023129115	99.96	0.994	N/A	N/A	N/A	N/A	N/A	N/A	ani_screen	classification based on ANI only	N/A	97.05	11	N/A	N/A
RS_17(SAMN18200505)_bin.61	RS_17_SAMN18200505__bin.61	d__Archaea;p__Micrarchaeota;c__Micrarchaeia;o__Anstonellales;f__Bilamarchaeaceae;g__JAGMCT01;s__JAGMCT01 sp023129075	GCA_023129075.1	95.0	d__Archaea;p__Micrarchaeota;c__Micrarchaeia;o__Anstonellales;f__Bilamarchaeaceae;g__JAGMCT01;s__JAGMCT01 sp023129075	99.95	0.97	N/A	N/A	N/A	N/A	N/A	N/A	ani_screen	classification based on ANI only	N/A	90.48	11	N/A	N/A
RS_17(SAMN18200505)_bin.64	RS_17_SAMN18200505__bin.64	d__Archaea;p__Thermoplasmatota;c__Thermoplasmata;o__RBG-16-68-12;f__JAGMCJ01;g__JAGMCJ01;s__JAGMCJ01 sp023129265	GCA_023129265.1	95.0	d__Archaea;p__Thermoplasmatota;c__Thermoplasmata;o__RBG-16-68-12;f__JAGMCJ01;g__JAGMCJ01;s__JAGMCJ01 sp023129265	99.77	0.858	N/A	N/A	N/A	N/A	N/A	N/A	ani_screen	classification based on ANI only	GCA_023129265.1, s__JAGMCJ01 sp023129265, 95.0, 99.77, 0.858; GCA_023136265.1, s__JAGMCJ01 sp023136265, 95.0, 90.75, 0.572; GCA_022848865.1, s__JAGMCJ01 sp022848865, 95.78, 89.34, 0.517	85.67	11	N/A	N/A
RS_5(SAMN18200493)_bin.10	RS_5_SAMN18200493__bin.10	d__Archaea;p__Thermoplasmatota;c__Thermoplasmata;o__RBG-16-68-12;f__SOIM01;g__JAGLME01;s__JAGLME01 sp023140195	GCA_023140195.1	95.0	d__Archaea;p__Thermoplasmatota;c__Thermoplasmata;o__RBG-16-68-12;f__SOIM01;g__JAGLME01;s__JAGLME01 sp023140195	99.99	0.997	N/A	N/A	N/A	N/A	N/A	N/A	ani_screen	classification based on ANI only	GCA_023140195.1, s__JAGLME01 sp023140195, 95.0, 99.99, 0.997; GCA_030593885.1, s__JAGLME01 sp030593885, 95.0, 92.43, 0.662; GCA_036477085.1, s__JAGLME01 sp036477085, 95.0, 91.91, 0.677; GCA_030593295.1, s__JAGLME01 sp030593295, 95.0, 91.89, 0.662	95.63	11	N/A	N/A
RS_7(SAMN18200495)_bin.80	RS_7_SAMN18200495__bin.80	d__Archaea;p__Thermoplasmatota;c__Thermoplasmata;o__RBG-16-68-12;f__JAGMCJ01;g__JAGMCJ01;s__JAGMCJ01 sp023136265	GCA_023136265.1	95.0	d__Archaea;p__Thermoplasmatota;c__Thermoplasmata;o__RBG-16-68-12;f__JAGMCJ01;g__JAGMCJ01;s__JAGMCJ01 sp023136265	99.88	0.979	N/A	N/A	N/A	N/A	N/A	N/A	ani_screen	classification based on ANI only	GCA_023136265.1, s__JAGMCJ01 sp023136265, 95.0, 99.88, 0.979; GCA_022848825.1, s__JAGMCJ01 sp022848825, 95.0, 91.98, 0.564; GCA_022848865.1, s__JAGMCJ01 sp022848865, 95.78, 91.51, 0.672; GCA_023129265.1, s__JAGMCJ01 sp023129265, 95.0, 90.39, 0.545; GCA_023130895.1, s__JAGMCJ01 sp023130895, 96.22, 90.23, 0.552	96.52	11	N/A	N/A
RS_8(SAMN18200496)_bin.14	RS_8_SAMN18200496__bin.14	d__Archaea;p__Thermoplasmatota;c__Thermoplasmata;o__SG8-5;f__SG8-5;g__JAGLQM01;s__JAGLQM01 sp023136815	GCA_023136815.1	95.0	d__Archaea;p__Thermoplasmatota;c__Thermoplasmata;o__SG8-5;f__SG8-5;g__JAGLQM01;s__JAGLQM01 sp023136815	99.8	0.833	N/A	N/A	N/A	N/A	N/A	N/A	ani_screen	classification based on ANI only	N/A	86.88	11	N/A	N/A
RS_8(SAMN18200496)_bin.19	RS_8_SAMN18200496__bin.19	d__Archaea;p__Thermoplasmatota;c__Thermoplasmata;o__SG8-5;f__JAGLSY01;g__JAGLSY01;s__JAGLSY01 sp023137005	GCA_023137005.1	95.0	d__Archaea;p__Thermoplasmatota;c__Thermoplasmata;o__SG8-5;f__JAGLSY01;g__JAGLSY01;s__JAGLSY01 sp023137005	99.83	0.95	N/A	N/A	N/A	N/A	N/A	N/A	ani_screen	classification based on ANI only	N/A	90.87	11	N/A	N/A
SAMD00080627_bin.25	SAMD00080627_bin.25	d__Archaea;p__Hydrothermarchaeota;c__Hydrothermarchaeia;o__Hydrothermarchaeales;f__BMS3B;g__BMS3B;s__BMS3B sp002897955	GCA_002897955.1	95.0	d__Archaea;p__Hydrothermarchaeota;c__Hydrothermarchaeia;o__Hydrothermarchaeales;f__BMS3B;g__BMS3B;s__BMS3B sp002897955	99.78	0.915	N/A	N/A	N/A	N/A	N/A	N/A	ani_screen	classification based on ANI only	N/A	86.86	11	N/A	N/A
SAMD00080628_bin.14	SAMD00080628_bin.14	d__Archaea;p__Hydrothermarchaeota;c__Hydrothermarchaeia;o__Hydrothermarchaeales;f__SZUA-236;g__SZUA-236;s__SZUA-236 sp002923215	GCA_002923215.1	95.0	d__Archaea;p__Hydrothermarchaeota;c__Hydrothermarchaeia;o__Hydrothermarchaeales;f__SZUA-236;g__SZUA-236;s__SZUA-236 sp002923215	99.7	0.855	N/A	N/A	N/A	N/A	N/A	N/A	ani_screen	classification based on ANI only	N/A	86.77	11	N/A	N/A
SAMEA101254168_bin.13	SAMEA101254168_bin.13	d__Archaea;p__Halobacteriota;c__Archaeoglobi;o__Archaeoglobales;f__Archaeoglobaceae;g__Archaeoglobus_B;s__	N/A	N/A	N/A	N/A	N/A	N/A	N/A	N/A	N/A	N/A	d__Archaea;p__Halobacteriota;c__Archaeoglobi;o__Archaeoglobales;f__Archaeoglobaceae;g__Archaeoglobus_B;s__	taxonomic classification fully defined by topology	N/A	N/A	67.93	11	0.91043	N/A
SAMEA101255668_bin.13	SAMEA101255668_bin.13	d__Archaea;p__Thermoplasmatota;c__Thermoplasmata;o__Thermoplasmatales;f__Aciduliprofundaceae;g__Aciduliprofundum;s__	N/A	N/A	N/A	N/A	N/A	N/A	N/A	N/A	N/A	N/A	d__Archaea;p__Thermoplasmatota;c__Thermoplasmata;o__Thermoplasmatales;f__Aciduliprofundaceae;g__Aciduliprofundum;s__	taxonomic classification fully defined by topology	N/A	N/A	86.61	11	0.97538	N/A
SAMEA3143263_bin.4	SAMEA3143263_bin.4	d__Archaea;p__AGJL01;c__Methanococci;o__Methanococcales;f__Methanococcaceae;g__Methanofervidicoccus;s__	N/A	N/A	N/A	N/A	N/A	N/A	N/A	N/A	N/A	N/A	d__Archaea;p__AGJL01;c__Methanococci;o__Methanococcales;f__Methanococcaceae;g__Methanofervidicoccus;s__	taxonomic classification fully defined by topology	N/A	N/A	94.71	11	0.99051	N/A
SAMEA3143271_bin.55	SAMEA3143271_bin.55	d__Archaea;p__Micrarchaeota;c__Micrarchaeia;o__Anstonellales;f__Bilamarchaeaceae;g__;s__	N/A	N/A	N/A	N/A	N/A	N/A	N/A	N/A	N/A	N/A	d__Archaea;p__Micrarchaeota;c__Micrarchaeia;o__Anstonellales;f__Bilamarchaeaceae;g__;s__	taxonomic classification fully defined by topology	N/A	N/A	87.41	11	0.74792	N/A
SAMEA3143271_bin.64	SAMEA3143271_bin.64	d__Archaea;p__Halobacteriota;c__Archaeoglobi;o__Archaeoglobales;f__Archaeoglobaceae;g__Archaeoglobus_C;s__	N/A	N/A	N/A	N/A	N/A	N/A	N/A	N/A	N/A	N/A	d__Archaea;p__Halobacteriota;c__Archaeoglobi;o__Archaeoglobales;f__Archaeoglobaceae;g__Archaeoglobus_C;s__	taxonomic classification fully defined by topology	N/A	N/A	97.69	11	0.97418	N/A
SAMEA3143271_bin.80	SAMEA3143271_bin.80	d__Archaea;p__Thermoproteota;c__Nitrososphaeria;o__Geothermarchaeales;f__JDFR-13;g__B109-G9;s__	N/A	N/A	N/A	N/A	N/A	N/A	N/A	N/A	N/A	N/A	d__Archaea;p__Thermoproteota;c__Nitrososphaeria;o__Geothermarchaeales;f__JDFR-13;g__;s__	taxonomic novelty determined using RED	N/A	N/A	84.82	11	0.90875	N/A
SAMEA3143273_bin.32	SAMEA3143273_bin.32	d__Archaea;p__Halobacteriota;c__Archaeoglobi;o__Archaeoglobales;f__Archaeoglobaceae;g__JdFR-22;s__	N/A	N/A	N/A	N/A	N/A	N/A	N/A	N/A	N/A	N/A	d__Archaea;p__Halobacteriota;c__Archaeoglobi;o__Archaeoglobales;f__Archaeoglobaceae;g__JdFR-22;s__	taxonomic classification fully defined by topology	N/A	N/A	97.85	11	0.90939	N/A
SAMEA3143273_bin.37	SAMEA3143273_bin.37	d__Archaea;p__Halobacteriota;c__Archaeoglobi;o__Archaeoglobales;f__Archaeoglobaceae;g__JdFR-22;s__	N/A	N/A	N/A	N/A	N/A	N/A	N/A	N/A	N/A	N/A	d__Archaea;p__Halobacteriota;c__Archaeoglobi;o__Archaeoglobales;f__Archaeoglobaceae;g__JdFR-22;s__	taxonomic classification fully defined by topology	N/A	N/A	86.27	11	0.91783	N/A
SAMEA4470836_bin.106	SAMEA4470836_bin.106	d__Archaea;p__Thermoproteota;c__Bathyarchaeia;o__Bathyarchaeales;f__B26-1;g__;s__	N/A	N/A	N/A	N/A	N/A	N/A	N/A	N/A	N/A	N/A	d__Archaea;p__Thermoproteota;c__Bathyarchaeia;o__Bathyarchaeales;f__B26-1;g__;s__	taxonomic novelty determined using RED	N/A	N/A	79.72	11	0.86164	N/A
SAMEA4470836_bin.113	SAMEA4470836_bin.113	d__Archaea;p__Thermoproteota;c__Bathyarchaeia;o__40CM-2-53-6;f__DTDX01;g__;s__	N/A	N/A	N/A	N/A	N/A	N/A	N/A	N/A	N/A	N/A	d__Archaea;p__Thermoproteota;c__Bathyarchaeia;o__40CM-2-53-6;f__;g__;s__	taxonomic novelty determined using RED	N/A	N/A	83.91	11	0.82816	N/A
SAMEA4470836_bin.2	SAMEA4470836_bin.2	d__Archaea;p__Thermoplasmatota;c__DAOVMN01;o__DAOVMN01;f__;g__;s__	N/A	N/A	N/A	N/A	N/A	N/A	N/A	N/A	N/A	N/A	d__Archaea;p__Thermoplasmatota;c__;o__;f__;g__;s__	taxonomic novelty determined using RED	N/A	N/A	92.36	11	0.54846	N/A
SAMEA4470836_bin.30	SAMEA4470836_bin.30	d__Archaea;p__Halobacteriota;c__Methanosarcinia;o__Methanosarcinales;f__Methanogasteraceae;g__Methanogaster_D;s__Methanogaster_D sp012961645	GCA_012961645.1	95.0	d__Archaea;p__Halobacteriota;c__Methanosarcinia;o__Methanosarcinales;f__Methanogasteraceae;g__Methanogaster_D;s__Methanogaster_D sp012961645	99.96	0.95	N/A	N/A	N/A	N/A	N/A	N/A	ani_screen	classification based on ANI only	N/A	91.69	11	N/A	N/A
SAMEA4470836_bin.42	SAMEA4470836_bin.42	d__Archaea;p__Thermoplasmatota;c__E2;o__UBA202;f__JdFR-43;g__;s__	N/A	N/A	N/A	N/A	N/A	N/A	N/A	N/A	N/A	N/A	d__Archaea;p__Thermoplasmatota;c__E2;o__UBA202;f__JdFR-43;g__;s__	taxonomic classification fully defined by topology	N/A	N/A	94.83	11	0.83376	N/A
SAMEA4470836_bin.47	SAMEA4470836_bin.47	d__Archaea;p__Halobacteriota;c__Methanosarcinia;o__Methanosarcinales;f__;g__;s__	N/A	N/A	N/A	N/A	N/A	N/A	N/A	N/A	N/A	N/A	d__Archaea;p__Halobacteriota;c__Methanosarcinia;o__Methanosarcinales;f__;g__;s__	taxonomic novelty determined using RED	N/A	N/A	93.64	11	0.62485	N/A
SAMEA4470836_bin.53	SAMEA4470836_bin.53	d__Archaea;p__Thermoproteota;c__Bathyarchaeia;o__Hecatellales;f__Hecatellaceae;g__B25;s__	N/A	N/A	N/A	N/A	N/A	N/A	N/A	N/A	N/A	N/A	d__Archaea;p__Thermoproteota;c__Bathyarchaeia;o__Hecatellales;f__Hecatellaceae;g__B25;s__	taxonomic classification fully defined by topology	N/A	N/A	95.93	11	0.96841	N/A
SAMEA4470836_bin.61	SAMEA4470836_bin.61	d__Archaea;p__Thermoplasmatota;c__E2;o__DHVEG-1;f__B18-G2;g__B91-G9;s__	N/A	N/A	N/A	N/A	N/A	N/A	N/A	N/A	N/A	N/A	d__Archaea;p__Thermoplasmatota;c__E2;o__DHVEG-1;f__B18-G2;g__;s__	taxonomic novelty determined using RED	N/A	N/A	88.42	11	0.88694	N/A
SAMEA4470836_bin.96	SAMEA4470836_bin.96	d__Archaea;p__Halobacteriota;c__Archaeoglobi;o__Archaeoglobales;f__Archaeoglobaceae;g__JdFR-22;s__	N/A	N/A	N/A	N/A	N/A	N/A	N/A	N/A	N/A	N/A	d__Archaea;p__Halobacteriota;c__Archaeoglobi;o__Archaeoglobales;f__Archaeoglobaceae;g__JdFR-22;s__	taxonomic classification fully defined by topology	N/A	N/A	97.16	11	0.91513	N/A
SAMEA4470841_bin.31	SAMEA4470841_bin.31	d__Archaea;p__Thermoproteota;c__Thermoprotei_A;o__Sulfolobales;f__Pyrodictiaceae;g__SZUA-1443;s__	N/A	N/A	N/A	N/A	N/A	N/A	N/A	N/A	N/A	N/A	d__Archaea;p__Thermoproteota;c__Thermoprotei_A;o__Sulfolobales;f__Pyrodictiaceae;g__;s__	taxonomic novelty determined using RED	N/A	N/A	84.71	11	0.97187	N/A
SAMEA4470841_bin.36	SAMEA4470841_bin.36	d__Archaea;p__AGJL01;c__Methanococci;o__Methanococcales;f__Methanococcaceae;g__Methanofervidicoccus;s__Methanofervidicoccus okinawensis_C	GCA_015663075.1	95.0	d__Archaea;p__AGJL01;c__Methanococci;o__Methanococcales;f__Methanococcaceae;g__Methanofervidicoccus;s__Methanofervidicoccus okinawensis_C	99.84	0.959	N/A	N/A	N/A	N/A	N/A	N/A	ani_screen	classification based on ANI only	N/A	96.25	11	N/A	N/A
SAMEA4470842_bin.11	SAMEA4470842_bin.11	d__Archaea;p__AGJL01;c__Methanococci;o__Methanococcales;f__Methanococcaceae;g__Methanofervidicoccus;s__Methanofervidicoccus abyssi	GCF_004310395.1	95.0	d__Archaea;p__AGJL01;c__Methanococci;o__Methanococcales;f__Methanococcaceae;g__Methanofervidicoccus;s__Methanofervidicoccus abyssi	99.14	0.976	N/A	N/A	N/A	N/A	N/A	N/A	ani_screen	classification based on ANI only	N/A	96.06	11	N/A	N/A
SAMEA4470842_bin.30	SAMEA4470842_bin.30	d__Archaea;p__Halobacteriota;c__Archaeoglobi;o__Archaeoglobales;f__Archaeoglobaceae;g__;s__	N/A	N/A	N/A	N/A	N/A	N/A	N/A	N/A	N/A	N/A	d__Archaea;p__Halobacteriota;c__Archaeoglobi;o__Archaeoglobales;f__Archaeoglobaceae;g__;s__	taxonomic novelty determined using RED	N/A	N/A	94.64	11	0.8862	N/A
SAMEA4470843_bin.1	SAMEA4470843_bin.1	d__Archaea;p__Thermoproteota;c__Thermoprotei_A;o__Sulfolobales;f__Pyrodictiaceae;g__Pyrodictium;s__Pyrodictium delaneyi_A	GCA_015661645.1	95.0	d__Archaea;p__Thermoproteota;c__Thermoprotei_A;o__Sulfolobales;f__Pyrodictiaceae;g__Pyrodictium;s__Pyrodictium delaneyi_A	99.66	0.903	N/A	N/A	N/A	N/A	N/A	N/A	ani_screen	classification based on ANI only	N/A	89.31	11	N/A	N/A
SAMEA4470848_bin.1	SAMEA4470848_bin.1	d__Archaea;p__Thermoproteota;c__Thermoprotei_A;o__CAZTBM01;f__SZUA-1508;g__SZUA-1508;s__SZUA-1508 sp015661855	GCA_015661855.1	95.0	d__Archaea;p__Thermoproteota;c__Thermoprotei_A;o__CAZTBM01;f__SZUA-1508;g__SZUA-1508;s__SZUA-1508 sp015661855	99.65	0.963	N/A	N/A	N/A	N/A	N/A	N/A	ani_screen	classification based on ANI only	N/A	99.29	11	N/A	N/A
SAMEA4470848_bin.2	SAMEA4470848_bin.2	d__Archaea;p__AGJL01;c__Methanococci;o__Methanococcales;f__Methanococcaceae;g__Methanofervidicoccus;s__Methanofervidicoccus okinawensis_B	GCA_015661555.1	95.0	d__Archaea;p__AGJL01;c__Methanococci;o__Methanococcales;f__Methanococcaceae;g__Methanofervidicoccus;s__Methanofervidicoccus okinawensis_B	99.72	0.938	N/A	N/A	N/A	N/A	N/A	N/A	ani_screen	classification based on ANI only	N/A	86.82	11	N/A	N/A
SAMEA4470848_bin.3	SAMEA4470848_bin.3	d__Archaea;p__Thermoproteota;c__Nitrososphaeria_A;o__Caldarchaeales;f__Caldarchaeaceae;g__SZUA-1515;s__SZUA-1515 sp015661775	GCA_015661775.1	95.0	d__Archaea;p__Thermoproteota;c__Nitrososphaeria_A;o__Caldarchaeales;f__Caldarchaeaceae;g__SZUA-1515;s__SZUA-1515 sp015661775	99.7	0.947	N/A	N/A	N/A	N/A	N/A	N/A	ani_screen	classification based on ANI only	N/A	87.66	11	N/A	N/A
SAMEA4473311_bin.11	SAMEA4473311_bin.11	d__Archaea;p__Thermoproteota;c__Thermoprotei;o__Thermoproteales;f__Thermocladiaceae;g__JAADER01;s__	N/A	N/A	N/A	N/A	N/A	N/A	N/A	N/A	N/A	N/A	d__Archaea;p__Thermoproteota;c__Thermoprotei;o__Thermoproteales;f__Thermocladiaceae;g__JAADER01;s__	taxonomic classification fully defined by topology	N/A	N/A	92.31	11	0.95376	N/A
SAMEA4473311_bin.37	SAMEA4473311_bin.37	d__Archaea;p__Thermoproteota;c__Thermoprotei_A;o__Sulfolobales;f__NBVN01;g__S013-73;s__	N/A	N/A	N/A	N/A	N/A	N/A	N/A	N/A	N/A	N/A	d__Archaea;p__Thermoproteota;c__Thermoprotei_A;o__Sulfolobales;f__NBVN01;g__S013-73;s__	taxonomic classification fully defined by topology	N/A	N/A	94.12	11	0.98989	N/A
SAMEA4473311_bin.39	SAMEA4473311_bin.39	d__Archaea;p__Thermoproteota;c__Thermoprotei_A;o__Sulfolobales;f__Pyrodictiaceae;g__QNYQ01;s__	N/A	N/A	N/A	N/A	N/A	N/A	N/A	N/A	N/A	N/A	d__Archaea;p__Thermoproteota;c__Thermoprotei_A;o__Sulfolobales;f__Pyrodictiaceae;g__QNYQ01;s__	taxonomic classification fully defined by topology	N/A	N/A	96.13	11	0.99319	N/A
SAMEA4473311_bin.50	SAMEA4473311_bin.50	d__Archaea;p__Thermoproteota;c__Thermoprotei_A;o__Sulfolobales;f__WAQK01;g__JALWQH01;s__JALWQH01 sp027083135	GCA_027083135.1	95.0	d__Archaea;p__Thermoproteota;c__Thermoprotei_A;o__Sulfolobales;f__WAQK01;g__JALWQH01;s__JALWQH01 sp027083135	95.14	0.823	N/A	N/A	N/A	N/A	N/A	N/A	ani_screen	classification based on ANI only	N/A	92.26	11	N/A	N/A
SAMEA4473311_bin.53	SAMEA4473311_bin.53	d__Archaea;p__Halobacteriota;c__Archaeoglobi;o__Archaeoglobales;f__Archaeoglobaceae;g__WAPX01;s__	N/A	N/A	N/A	N/A	N/A	N/A	N/A	N/A	N/A	N/A	d__Archaea;p__Halobacteriota;c__Archaeoglobi;o__Archaeoglobales;f__Archaeoglobaceae;g__WAPX01;s__	taxonomic classification fully defined by topology	N/A	N/A	94.51	11	0.98906	N/A
SAMEA4473311_bin.55	SAMEA4473311_bin.55	d__Archaea;p__Thermoproteota;c__Thermoprotei_A;o__Sulfolobales;f__Acidilobaceae;g__Caldisphaera;s__	N/A	N/A	N/A	N/A	N/A	N/A	N/A	N/A	N/A	N/A	d__Archaea;p__Thermoproteota;c__Thermoprotei_A;o__Sulfolobales;f__Acidilobaceae;g__Caldisphaera;s__	taxonomic classification fully defined by topology	N/A	N/A	86.93	11	0.99771	N/A
SAMEA4473311_bin.68	SAMEA4473311_bin.68	d__Archaea;p__Thermoplasmatota;c__Thermoplasmata;o__Thermoplasmatales;f__Aciduliprofundaceae;g__JAADDK01;s__	N/A	N/A	N/A	N/A	N/A	N/A	N/A	N/A	N/A	N/A	d__Archaea;p__Thermoplasmatota;c__Thermoplasmata;o__Thermoplasmatales;f__Aciduliprofundaceae;g__JAADDK01;s__	taxonomic classification fully defined by topology	N/A	N/A	91.44	11	0.99115	N/A
SAMEA4473311_bin.85	SAMEA4473311_bin.85	d__Archaea;p__Thermoproteota;c__Thermoprotei_A;o__Sulfolobales;f__NBVN01;g__S013-73;s__	N/A	N/A	N/A	N/A	N/A	N/A	N/A	N/A	N/A	N/A	d__Archaea;p__Thermoproteota;c__Thermoprotei_A;o__Sulfolobales;f__NBVN01;g__S013-73;s__	taxonomic classification fully defined by topology	N/A	N/A	87.25	11	0.97949	N/A
SAMEA4473313_bin.52	SAMEA4473313_bin.52	d__Archaea;p__Thermoplasmatota;c__Thermoplasmata;o__Thermoplasmatales;f__Aciduliprofundaceae;g__Aciduliprofundum;s__	N/A	N/A	N/A	N/A	N/A	N/A	N/A	N/A	N/A	N/A	d__Archaea;p__Thermoplasmatota;c__Thermoplasmata;o__Thermoplasmatales;f__Aciduliprofundaceae;g__Aciduliprofundum;s__	taxonomic classification fully defined by topology	N/A	N/A	67.8	11	0.96995	N/A
SAMEA5663119_bin.41	SAMEA5663119_bin.41	d__Archaea;p__Asgardarchaeota;c__Thorarchaeia;o__Thorarchaeales;f__Thorarchaeaceae;g__WTCK01;s__WTCK01 sp030642465	GCA_030642465.1	95.0	d__Archaea;p__Asgardarchaeota;c__Thorarchaeia;o__Thorarchaeales;f__Thorarchaeaceae;g__WTCK01;s__WTCK01 sp030642465	99.83	0.89	N/A	N/A	N/A	N/A	N/A	N/A	ani_screen	classification based on ANI only	N/A	78.71	11	N/A	N/A
SAMEA5663119_bin.48	SAMEA5663119_bin.48	d__Archaea;p__Halobacteriota;c__Syntropharchaeia;o__DAOWMC01;f__DAOWMC01;g__DAOWMC01;s__DAOWMC01 sp030643285	GCA_030643285.1	95.0	d__Archaea;p__Halobacteriota;c__Syntropharchaeia;o__DAOWMC01;f__DAOWMC01;g__DAOWMC01;s__DAOWMC01 sp030643285	99.6	0.899	N/A	N/A	N/A	N/A	N/A	N/A	ani_screen	classification based on ANI only	N/A	81.53	11	N/A	N/A
SAMN02786774_bin.15	SAMN02786774_bin.15	d__Archaea;p__Halobacteriota;c__Methanomicrobia;o__Methanomicrobiales;f__Methanoculleaceae;g__UBA206;s__UBA206 sp002503105	GCA_002503105.1	95.0	d__Archaea;p__Halobacteriota;c__Methanomicrobia;o__Methanomicrobiales;f__Methanoculleaceae;g__UBA206;s__UBA206 sp002503105	100.0	0.978	N/A	N/A	N/A	N/A	N/A	N/A	ani_screen	classification based on ANI only	N/A	98.4	11	N/A	N/A
SAMN02786774_bin.3	SAMN02786774_bin.3	d__Archaea;p__Halobacteriota;c__Methanosarcinia;o__Methanosarcinales;f__Methanosarcinaceae;g__MTP4;s__MTP4 sp9310u	GCA_030627005.1	95.0	d__Archaea;p__Halobacteriota;c__Methanosarcinia;o__Methanosarcinales;f__Methanosarcinaceae;g__MTP4;s__MTP4 sp9310u	99.94	0.99	N/A	N/A	N/A	N/A	N/A	N/A	ani_screen	classification based on ANI only	GCA_030627005.1, s__MTP4 sp9310u, 95.0, 99.94, 0.99; GCF_000970045.1, s__MTP4 sp000970045, 95.0, 92.22, 0.607; GCA_016841265.1, s__MTP4 sp016841265, 95.0, 92.09, 0.622; GCA_965601435.1, s__MTP4 sp965601435, 95.0, 91.49, 0.559; GCF_052056915.1, s__MTP4 sp052056915, 95.0, 91.3, 0.573	95.83	11	N/A	N/A
SAMN02786774_bin.6	SAMN02786774_bin.6	d__Archaea;p__Halobacteriota;c__Methanosarcinia;o__Methanotrichales;f__Methanotrichaceae;g__Methanocrinis;s__Methanocrinis harundinacea_A	GCA_002502785.1	95.0	d__Archaea;p__Halobacteriota;c__Methanosarcinia;o__Methanotrichales;f__Methanotrichaceae;g__Methanocrinis;s__Methanocrinis harundinacea_A	99.99	0.995	N/A	N/A	N/A	N/A	N/A	N/A	ani_screen	classification based on ANI only	N/A	99.2	11	N/A	N/A
SAMN02786774_bin.7	SAMN02786774_bin.7	d__Archaea;p__Halobacteriota;c__Methanomicrobia;o__Methanomicrobiales;f__Methanoculleaceae;g__Methanoculleus;s__Methanoculleus sp002498065	GCF_002498065.1	95.16	d__Archaea;p__Halobacteriota;c__Methanomicrobia;o__Methanomicrobiales;f__Methanoculleaceae;g__Methanoculleus;s__Methanoculleus sp002498065	99.99	0.971	N/A	N/A	N/A	N/A	N/A	N/A	ani_screen	classification based on ANI only	GCF_002498065.1, s__Methanoculleus sp002498065, 95.16, 99.99, 0.971; GCA_030156625.1, s__Methanoculleus sp030156625, 95.0, 95.28, 0.688; GCF_018433835.1, s__Methanoculleus sp018433835, 95.0, 91.42, 0.653; GCA_016841955.1, s__Methanoculleus sp016841955, 95.0, 90.42, 0.597; GCF_023702065.1, s__Methanoculleus oceani, 95.0, 89.95, 0.565; GCF_000691865.1, s__Methanoculleus sp000691865, 95.0, 89.95, 0.514; GCF_032944295.1, s__Methanoculleus nereidis, 95.0, 89.89, 0.585; GCA_016841385.1, s__Methanoculleus sp016841385, 95.0, 89.81, 0.505; GCA_023436625.1, s__Methanoculleus sp023436625, 95.0, 89.45, 0.535; GCF_000015825.1, s__Methanoculleus marisnigri, 95.0, 89.36, 0.518; GCF_001017125.1, s__Methanoculleus sediminis, 95.0, 88.88, 0.512	98.49	11	N/A	N/A
SAMN02786774_bin.9	SAMN02786774_bin.9	d__Archaea;p__Halobacteriota;c__Methanomicrobia;o__Methanomicrobiales;f__Methanoculleaceae;g__UBA207;s__UBA207 sp002503135	GCA_002503135.1	95.0	d__Archaea;p__Halobacteriota;c__Methanomicrobia;o__Methanomicrobiales;f__Methanoculleaceae;g__UBA207;s__UBA207 sp002503135	99.92	0.975	N/A	N/A	N/A	N/A	N/A	N/A	ani_screen	classification based on ANI only	N/A	98.35	11	N/A	N/A
SAMN02786775_bin.10	SAMN02786775_bin.10	d__Archaea;p__Halobacteriota;c__Methanosarcinia;o__Methanosarcinales;f__Methanocomedenaceae;g__Methanocomedens_A;s__Methanocomedens_A sp7939u	GCA_030627385.1	95.0	d__Archaea;p__Halobacteriota;c__Methanosarcinia;o__Methanosarcinales;f__Methanocomedenaceae;g__Methanocomedens_A;s__Methanocomedens_A sp7939u	99.64	0.76	N/A	N/A	N/A	N/A	N/A	N/A	ani_screen	classification based on ANI only	N/A	97.6	11	N/A	N/A
SAMN03142812_bin.5	SAMN03142812_bin.5	d__Archaea;p__Halobacteriota;c__Archaeoglobi;o__Archaeoglobales;f__Archaeoglobaceae;g__Archaeoglobus_A;s__Archaeoglobus_A sp002494625	GCA_002494625.1	95.0	d__Archaea;p__Halobacteriota;c__Archaeoglobi;o__Archaeoglobales;f__Archaeoglobaceae;g__Archaeoglobus_A;s__Archaeoglobus_A sp002494625	99.99	0.993	N/A	N/A	N/A	N/A	N/A	N/A	ani_screen	classification based on ANI only	N/A	99.2	11	N/A	N/A
SAMN03142812_bin.8	SAMN03142812_bin.8	d__Archaea;p__Halobacteriota;c__Archaeoglobi;o__Archaeoglobales;f__Archaeoglobaceae;g__Geoglobus;s__Geoglobus sp002494725	GCA_002494725.1	95.0	d__Archaea;p__Halobacteriota;c__Archaeoglobi;o__Archaeoglobales;f__Archaeoglobaceae;g__Geoglobus;s__Geoglobus sp002494725	99.98	1.0	N/A	N/A	N/A	N/A	N/A	N/A	ani_screen	classification based on ANI only	N/A	99.15	11	N/A	N/A
SAMN03142813_bin.8	SAMN03142813_bin.8	d__Archaea;p__Halobacteriota;c__Archaeoglobi;o__Archaeoglobales;f__Archaeoglobaceae;g__Archaeoglobus;s__Archaeoglobus sp002507545	GCF_002507545.1	95.0	d__Archaea;p__Halobacteriota;c__Archaeoglobi;o__Archaeoglobales;f__Archaeoglobaceae;g__Archaeoglobus;s__Archaeoglobus sp002507545	99.97	0.99	N/A	N/A	N/A	N/A	N/A	N/A	ani_screen	classification based on ANI only	N/A	95.1	11	N/A	N/A
SAMN03142814_bin.6	SAMN03142814_bin.6	d__Archaea;p__Thermoproteota;c__Bathyarchaeia;o__Bathyarchaeales;f__UBA233;g__UBA233;s__UBA233 sp002507245	GCA_002507245.1	95.0	d__Archaea;p__Thermoproteota;c__Bathyarchaeia;o__Bathyarchaeales;f__UBA233;g__UBA233;s__UBA233 sp002507245	99.87	0.951	N/A	N/A	N/A	N/A	N/A	N/A	ani_screen	classification based on ANI only	N/A	96.66	11	N/A	N/A
SAMN03166137_bin.11	SAMN03166137_bin.11	d__Archaea;p__Thermoproteota;c__Bathyarchaeia;o__Bathyarchaeales;f__Bathycorpusculaceae;g__JdFR-07;s__JdFR-07 sp002010975	GCA_002010975.1	95.0	d__Archaea;p__Thermoproteota;c__Bathyarchaeia;o__Bathyarchaeales;f__Bathycorpusculaceae;g__JdFR-07;s__JdFR-07 sp002010975	98.41	0.895	N/A	N/A	N/A	N/A	N/A	N/A	ani_screen	classification based on ANI only	N/A	91.62	11	N/A	N/A
SAMN03166137_bin.12	SAMN03166137_bin.12	d__Archaea;p__AGJL01;c__Methanococci;o__Methanococcales;f__Methanococcaceae;g__Methanothermococcus;s__Methanothermococcus thermolithotrophicus	GCF_946463545.1	95.0	d__Archaea;p__AGJL01;c__Methanococci;o__Methanococcales;f__Methanococcaceae;g__Methanothermococcus;s__Methanothermococcus thermolithotrophicus	99.85	0.932	N/A	N/A	N/A	N/A	N/A	N/A	ani_screen	classification based on ANI only	N/A	95.88	11	N/A	N/A
SAMN03166137_bin.15	SAMN03166137_bin.15	d__Archaea;p__Halobacteriota;c__Archaeoglobi;o__Mnemosynellales;f__Mnemosynellaceae;g__Mnemosynella;s__Mnemosynella biddleae	GCA_002011165.2	95.0	d__Archaea;p__Halobacteriota;c__Archaeoglobi;o__Mnemosynellales;f__Mnemosynellaceae;g__Mnemosynella;s__Mnemosynella biddleae	99.99	0.998	N/A	N/A	N/A	N/A	N/A	N/A	ani_screen	classification based on ANI only	N/A	99.54	11	N/A	N/A
SAMN03166137_bin.20	SAMN03166137_bin.20	d__Archaea;p__Halobacteriota;c__Archaeoglobi;o__Archaeoglobales;f__Archaeoglobaceae;g__Archaeoglobus_A;s__Archaeoglobus_A sp002011235	GCA_002011235.1	95.0	d__Archaea;p__Halobacteriota;c__Archaeoglobi;o__Archaeoglobales;f__Archaeoglobaceae;g__Archaeoglobus_A;s__Archaeoglobus_A sp002011235	100.0	0.952	N/A	N/A	N/A	N/A	N/A	N/A	ani_screen	classification based on ANI only	N/A	98.92	11	N/A	N/A
SAMN03166137_bin.25	SAMN03166137_bin.25	d__Archaea;p__Halobacteriota;c__Archaeoglobi;o__Archaeoglobales;f__Archaeoglobaceae;g__Archaeoglobus_A;s__	N/A	N/A	N/A	N/A	N/A	N/A	N/A	N/A	N/A	N/A	d__Archaea;p__Halobacteriota;c__Archaeoglobi;o__Archaeoglobales;f__Archaeoglobaceae;g__Archaeoglobus_A;s__	taxonomic classification fully defined by topology	N/A	N/A	97.51	11	0.98424	N/A
SAMN03166137_bin.26	SAMN03166137_bin.26	d__Archaea;p__Halobacteriota;c__Methanosarcinia;o__DSM-18856;f__Methermicoccaceae;g__JdFR-19;s__JdFR-19 sp002010075	GCA_002010075.1	95.0	d__Archaea;p__Halobacteriota;c__Methanosarcinia;o__DSM-18856;f__Methermicoccaceae;g__JdFR-19;s__JdFR-19 sp002010075	99.99	0.997	N/A	N/A	N/A	N/A	N/A	N/A	ani_screen	classification based on ANI only	N/A	98.33	11	N/A	N/A
SAMN03166137_bin.28	SAMN03166137_bin.28	d__Archaea;p__Thermoproteota;c__Nitrososphaeria;o__Geothermarchaeales;f__JDFR-13;g__Geothermarchaeum;s__Geothermarchaeum rappei	GCA_002011085.2	95.0	d__Archaea;p__Thermoproteota;c__Nitrososphaeria;o__Geothermarchaeales;f__JDFR-13;g__Geothermarchaeum;s__Geothermarchaeum rappei	100.0	1.0	N/A	N/A	N/A	N/A	N/A	N/A	ani_screen	classification based on ANI only	N/A	91.58	11	N/A	N/A
SAMN03166137_bin.31	SAMN03166137_bin.31	d__Archaea;p__Halobacteriota;c__Archaeoglobi;o__Archaeoglobales;f__Archaeoglobaceae;g__Archaeoglobus_A;s__Archaeoglobus_A sp002010195	GCA_002010195.1	95.0	d__Archaea;p__Halobacteriota;c__Archaeoglobi;o__Archaeoglobales;f__Archaeoglobaceae;g__Archaeoglobus_A;s__Archaeoglobus_A sp002010195	99.98	0.93	N/A	N/A	N/A	N/A	N/A	N/A	ani_screen	classification based on ANI only	N/A	97.55	11	N/A	N/A
SAMN03166137_bin.36	SAMN03166137_bin.36	d__Archaea;p__Thermoproteota;c__Bathyarchaeia;o__Hecatellales;f__Hecatellaceae;g__Hecatella;s__Hecatella orcuttiae	GCA_002011035.2	95.0	d__Archaea;p__Thermoproteota;c__Bathyarchaeia;o__Hecatellales;f__Hecatellaceae;g__Hecatella;s__Hecatella orcuttiae	99.99	1.0	N/A	N/A	N/A	N/A	N/A	N/A	ani_screen	classification based on ANI only	N/A	95.72	11	N/A	N/A
SAMN03166137_bin.4	SAMN03166137_bin.4	d__Archaea;p__Thermoplasmatota;c__E2;o__UBA202;f__JdFR-43;g__JdFR-43;s__JdFR-43 sp002011355	GCA_002011355.1	95.0	d__Archaea;p__Thermoplasmatota;c__E2;o__UBA202;f__JdFR-43;g__JdFR-43;s__JdFR-43 sp002011355	99.74	0.685	N/A	N/A	N/A	N/A	N/A	N/A	ani_screen	classification based on ANI only	GCA_002011355.1, s__JdFR-43 sp002011355, 95.0, 99.74, 0.685; GCA_029259015.1, s__JdFR-43 sp029259015, 95.0, 90.69, 0.627; GCA_024275755.1, s__JdFR-43 sp024275755, 95.0, 90.41, 0.631	90.11	11	N/A	N/A
SAMN03166137_bin.44	SAMN03166137_bin.44	d__Archaea;p__Thermoproteota;c__Thermoprotei_A;o__Sulfolobales;f__NBVN01;g__;s__	N/A	N/A	N/A	N/A	N/A	N/A	N/A	N/A	N/A	N/A	d__Archaea;p__Thermoproteota;c__Thermoprotei_A;o__Sulfolobales;f__NBVN01;g__;s__	taxonomic classification fully defined by topology	N/A	N/A	87.34	11	0.79756	N/A
SAMN03166137_bin.53	SAMN03166137_bin.53	d__Archaea;p__Halobacteriota;c__Archaeoglobi;o__Archaeoglobales;f__Archaeoglobaceae;g__;s__	N/A	N/A	N/A	N/A	N/A	N/A	N/A	N/A	N/A	N/A	d__Archaea;p__Halobacteriota;c__Archaeoglobi;o__Archaeoglobales;f__Archaeoglobaceae;g__;s__	taxonomic novelty determined using RED	N/A	N/A	99.2	11	0.87878	N/A
SAMN03166137_bin.54	SAMN03166137_bin.54	d__Archaea;p__Halobacteriota;c__Archaeoglobi;o__Archaeoglobales;f__JdFR-42;g__JdFR-42;s__JdFR-42 sp002010305	GCA_002010305.1	95.0	d__Archaea;p__Halobacteriota;c__Archaeoglobi;o__Archaeoglobales;f__JdFR-42;g__JdFR-42;s__JdFR-42 sp002010305	100.0	0.967	N/A	N/A	N/A	N/A	N/A	N/A	ani_screen	classification based on ANI only	N/A	99.61	11	N/A	N/A
SAMN03166137_bin.57	SAMN03166137_bin.57	d__Archaea;p__Thermoproteota;c__Bathyarchaeia;o__Bathyarchaeales;f__UBA233;g__UBA233;s__UBA233 sp002010925	GCA_002010925.1	95.0	d__Archaea;p__Thermoproteota;c__Bathyarchaeia;o__Bathyarchaeales;f__UBA233;g__UBA233;s__UBA233 sp002010925	99.97	0.895	N/A	N/A	N/A	N/A	N/A	N/A	ani_screen	classification based on ANI only	N/A	91.74	11	N/A	N/A
SAMN03166137_bin.60	SAMN03166137_bin.60	d__Archaea;p__Halobacteriota;c__Archaeoglobi;o__Archaeoglobales;f__Archaeoglobaceae;g__JdFR-37;s__JdFR-37 sp002010215	GCA_002010215.1	95.0	d__Archaea;p__Halobacteriota;c__Archaeoglobi;o__Archaeoglobales;f__Archaeoglobaceae;g__JdFR-37;s__JdFR-37 sp002010215	100.0	0.959	N/A	N/A	N/A	N/A	N/A	N/A	ani_screen	classification based on ANI only	N/A	98.63	11	N/A	N/A
SAMN03166137_bin.63	SAMN03166137_bin.63	d__Archaea;p__Thermoplasmatota;c__Thermoplasmata;o__Thermoplasmatales;f__JdFR-45;g__JdFR-45;s__JdFR-45 sp002011395	GCA_002011395.1	95.0	d__Archaea;p__Thermoplasmatota;c__Thermoplasmata;o__Thermoplasmatales;f__JdFR-45;g__JdFR-45;s__JdFR-45 sp002011395	99.98	0.995	N/A	N/A	N/A	N/A	N/A	N/A	ani_screen	classification based on ANI only	N/A	98.03	11	N/A	N/A
SAMN03166137_bin.64	SAMN03166137_bin.64	d__Archaea;p__Hydrothermarchaeota;c__Hydrothermarchaeia;o__Hydrothermarchaeales;f__Hydrothermarchaeaceae;g__Hydrothermarchaeum;s__Hydrothermarchaeum profundi	GCA_002011125.2	95.0	d__Archaea;p__Hydrothermarchaeota;c__Hydrothermarchaeia;o__Hydrothermarchaeales;f__Hydrothermarchaeaceae;g__Hydrothermarchaeum;s__Hydrothermarchaeum profundi	99.99	1.0	N/A	N/A	N/A	N/A	N/A	N/A	ani_screen	classification based on ANI only	N/A	95.54	11	N/A	N/A
SAMN04508166_bin.105	SAMN04508166_bin.105	d__Archaea;p__Thermoproteota;c__Bathyarchaeia;o__Bathyarchaeales;f__UBA233;g__UBA233;s__	N/A	N/A	N/A	N/A	N/A	N/A	N/A	N/A	N/A	N/A	d__Archaea;p__Thermoproteota;c__Bathyarchaeia;o__Bathyarchaeales;f__UBA233;g__UBA233;s__	taxonomic classification fully defined by topology	N/A	N/A	94.39	11	0.86864	N/A
SAMN04508166_bin.126	SAMN04508166_bin.126	d__Archaea;p__Thermoproteota;c__CALKCG01;o__B24;f__B24;g__B24;s__B24 sp001593865	GCA_001593865.1	95.0	d__Archaea;p__Thermoproteota;c__CALKCG01;o__B24;f__B24;g__B24;s__B24 sp001593865	99.7	0.954	N/A	N/A	N/A	N/A	N/A	N/A	ani_screen	classification based on ANI only	N/A	95.97	11	N/A	N/A
SAMN04508166_bin.23	SAMN04508166_bin.23	d__Archaea;p__Thermoplasmatota;c__E2;o__UBA202;f__DSCA01;g__CAZHBO01;s__	N/A	N/A	N/A	N/A	N/A	N/A	N/A	N/A	N/A	N/A	d__Archaea;p__Thermoplasmatota;c__E2;o__UBA202;f__DSCA01;g__;s__	taxonomic novelty determined using RED	N/A	N/A	95.01	11	0.9325	N/A
SAMN04508166_bin.35	SAMN04508166_bin.35	d__Archaea;p__Thermoproteota;c__Bathyarchaeia;o__TCS64;f__B23;g__B23;s__B23 sp001593875	GCA_001593875.1	95.0	d__Archaea;p__Thermoproteota;c__Bathyarchaeia;o__TCS64;f__B23;g__B23;s__B23 sp001593875	99.89	0.979	N/A	N/A	N/A	N/A	N/A	N/A	ani_screen	classification based on ANI only	N/A	80.98	11	N/A	N/A
SAMN04508166_bin.45	SAMN04508166_bin.45	d__Archaea;p__Thermoproteota;c__Nitrososphaeria_A;o__Caldarchaeales;f__Wolframiiraptoraceae;g__Wolframiiraptor;s__Wolframiiraptor sp029258815	GCA_029258815.1	95.0	d__Archaea;p__Thermoproteota;c__Nitrososphaeria_A;o__Caldarchaeales;f__Wolframiiraptoraceae;g__Wolframiiraptor;s__Wolframiiraptor sp029258815	97.97	0.787	N/A	N/A	N/A	N/A	N/A	N/A	ani_screen	classification based on ANI only	N/A	87.8	11	N/A	N/A
SAMN05004607_bin.15	SAMN05004607_bin.15	d__Archaea;p__Halobacteriota;c__Syntropharchaeia;o__Syntropharchaeales;f__Syntropharchaeaceae;g__Syntropharchaeum;s__Syntropharchaeum caldarium	GCA_001766815.1	95.0	d__Archaea;p__Halobacteriota;c__Syntropharchaeia;o__Syntropharchaeales;f__Syntropharchaeaceae;g__Syntropharchaeum;s__Syntropharchaeum caldarium	99.54	0.898	N/A	N/A	N/A	N/A	N/A	N/A	ani_screen	classification based on ANI only	N/A	90.41	11	N/A	N/A
SAMN05004607_bin.25	SAMN05004607_bin.25	d__Archaea;p__Halobacteriota;c__Syntropharchaeia;o__Syntropharchaeales;f__Syntropharchaeaceae;g__Syntropharchaeum;s__Syntropharchaeum butanivorans	GCA_001766825.1	95.0	d__Archaea;p__Halobacteriota;c__Syntropharchaeia;o__Syntropharchaeales;f__Syntropharchaeaceae;g__Syntropharchaeum;s__Syntropharchaeum butanivorans	99.77	0.922	N/A	N/A	N/A	N/A	N/A	N/A	ani_screen	classification based on ANI only	N/A	94.58	11	N/A	N/A
SAMN05422149_bin.15	SAMN05422149_bin.15	d__Archaea;p__Thermoproteota;c__Nitrososphaeria;o__Nitrososphaerales;f__UBA57;g__UBA57;s__UBA57 sp002494565	GCA_013306035.1	95.0	d__Archaea;p__Thermoproteota;c__Nitrososphaeria;o__Nitrososphaerales;f__UBA57;g__UBA57;s__UBA57 sp002494565	99.35	0.927	N/A	N/A	N/A	N/A	N/A	N/A	ani_screen	classification based on ANI only	GCA_013306035.1, s__UBA57 sp002494565, 95.0, 99.35, 0.927; GCA_013378385.1, s__UBA57 sp013378385, 95.0, 94.86, 0.868; GCA_047517285.1, s__UBA57 sp963577725, 95.0, 94.67, 0.877	89.65	11	N/A	N/A
SAMN05992386_bin.84	SAMN05992386_bin.84	d__Archaea;p__Thermoplasmatota;c__Poseidoniia;o__MGIII;f__CG-Epi1;g__UBA8886;s__UBA8886 sp964389465	GCA_964389465.1	95.0	d__Archaea;p__Thermoplasmatota;c__Poseidoniia;o__MGIII;f__CG-Epi1;g__UBA8886;s__UBA8886 sp964389465	99.9	0.962	N/A	N/A	N/A	N/A	N/A	N/A	ani_screen	classification based on ANI only	GCA_964389465.1, s__UBA8886 sp964389465, 95.0, 99.9, 0.962; GCA_003193815.1, s__UBA8886 sp003193815, 95.0, 91.75, 0.751; GCA_030754655.1, s__UBA8886 sp002731655, 95.14, 90.8, 0.712; GCA_963578705.1, s__UBA8886 sp963578705, 95.0, 90.66, 0.686; GCA_030748895.1, s__UBA8886 sp002509165, 95.0, 90.13, 0.684	91.14	11	N/A	N/A
SAMN06226864_bin.11	SAMN06226864_bin.11	d__Archaea;p__Hydrothermarchaeota;c__Hydrothermarchaeia;o__Hydrothermarchaeales;f__BMS3B;g__BMS3B;s__BMS3B sp964501105	GCA_964501105.1	95.0	d__Archaea;p__Hydrothermarchaeota;c__Hydrothermarchaeia;o__Hydrothermarchaeales;f__BMS3B;g__BMS3B;s__BMS3B sp964501105	99.88	0.884	N/A	N/A	N/A	N/A	N/A	N/A	ani_screen	classification based on ANI only	N/A	86.29	11	N/A	N/A
SAMN06251742_bin.120	SAMN06251742_bin.120	d__Archaea;p__Thermoproteota;c__Thermoprotei;o__Thermofilales;f__B69-G16;g__B69-G16;s__B69-G16 sp021161825	GCA_021161825.1	95.0	d__Archaea;p__Thermoproteota;c__Thermoprotei;o__Thermofilales;f__B69-G16;g__B69-G16;s__B69-G16 sp021161825	97.9	0.854	N/A	N/A	N/A	N/A	N/A	N/A	ani_screen	classification based on ANI only	N/A	97.67	11	N/A	N/A
SAMN06251742_bin.131	SAMN06251742_bin.131	d__Archaea;p__Thermoproteota;c__Bathyarchaeia;o__EX4484-135;f__B24-G1;g__CAZKUI01;s__CAZKUI01 sp964555905	GCA_964555905.1	95.0	d__Archaea;p__Thermoproteota;c__Bathyarchaeia;o__EX4484-135;f__B24-G1;g__CAZKUI01;s__CAZKUI01 sp964555905	98.95	0.956	N/A	N/A	N/A	N/A	N/A	N/A	ani_screen	classification based on ANI only	N/A	96.04	11	N/A	N/A
SAMN06251742_bin.173	SAMN06251742_bin.173	d__Archaea;p__Thermoproteota;c__Bathyarchaeia;o__Hecatellales;f__Hecatellaceae;g__EX4484-218;s__EX4484-218 sp002254975	GCA_002254975.1	95.0	d__Archaea;p__Thermoproteota;c__Bathyarchaeia;o__Hecatellales;f__Hecatellaceae;g__EX4484-218;s__EX4484-218 sp002254975	99.73	0.97	N/A	N/A	N/A	N/A	N/A	N/A	ani_screen	classification based on ANI only	N/A	95.19	11	N/A	N/A
SAMN06251742_bin.18	SAMN06251742_bin.18	d__Archaea;p__Thermoproteota;c__Bathyarchaeia;o__Bathyarchaeales;f__Bathycorpusculaceae;g__PIYF01;s__PIYF01 sp003601875	GCA_003601875.1	95.0	d__Archaea;p__Thermoproteota;c__Bathyarchaeia;o__Bathyarchaeales;f__Bathycorpusculaceae;g__PIYF01;s__PIYF01 sp003601875	98.99	0.93	N/A	N/A	N/A	N/A	N/A	N/A	ani_screen	classification based on ANI only	N/A	91.51	11	N/A	N/A
SAMN06251742_bin.188	SAMN06251742_bin.188	d__Archaea;p__Thermoplasmatota;c__E2;o__UBA202;f__JdFR-43;g__JAGGXW01;s__	N/A	N/A	N/A	N/A	N/A	N/A	N/A	N/A	N/A	N/A	d__Archaea;p__Thermoplasmatota;c__E2;o__UBA202;f__JdFR-43;g__JAGGXW01;s__	taxonomic classification fully defined by topology	N/A	N/A	89.52	11	0.92322	N/A
SAMN06251742_bin.29	SAMN06251742_bin.29	d__Archaea;p__Methanobacteriota_B;c__Thermococci;o__Thermococcales;f__Thermococcaceae;g__Thermococcus_A;s__Thermococcus_A sp003663525	GCA_029259245.1	95.0	d__Archaea;p__Methanobacteriota_B;c__Thermococci;o__Thermococcales;f__Thermococcaceae;g__Thermococcus_A;s__Thermococcus_A sp003663525	99.62	0.929	N/A	N/A	N/A	N/A	N/A	N/A	ani_screen	classification based on ANI only	GCA_029259245.1, s__Thermococcus_A sp003663525, 95.0, 99.62, 0.929; GCA_965613095.1, s__Thermococcus_A sp003663535, 96.67, 96.59, 0.729; GCF_000022545.1, s__Thermococcus_A sibiricus, 95.0, 92.31, 0.584	96.11	11	N/A	N/A
SAMN06251742_bin.32	SAMN06251742_bin.32	d__Archaea;p__Halobacteriota;c__Methanosarcinia;o__Methanosarcinales;f__EX4572-44;g__EX4572-44;s__EX4572-44 sp002254825	GCA_002254825.2	95.0	d__Archaea;p__Halobacteriota;c__Methanosarcinia;o__Methanosarcinales;f__EX4572-44;g__EX4572-44;s__EX4572-44 sp002254825	99.66	0.907	N/A	N/A	N/A	N/A	N/A	N/A	ani_screen	classification based on ANI only	N/A	97.92	11	N/A	N/A
SAMN06251742_bin.64	SAMN06251742_bin.64	d__Archaea;p__Thermoplasmatota;c__E2;o__UBA202;f__JdFR-43;g__B78-G9;s__B78-G9 sp003650975	GCA_003650975.1	95.0	d__Archaea;p__Thermoplasmatota;c__E2;o__UBA202;f__JdFR-43;g__B78-G9;s__B78-G9 sp003650975	99.4	0.774	N/A	N/A	N/A	N/A	N/A	N/A	ani_screen	classification based on ANI only	N/A	83.79	11	N/A	N/A
SAMN06251742_bin.74	SAMN06251742_bin.74	d__Archaea;p__Thermoproteota;c__Thermoprotei_A;o__EX4484-217-1;f__EX4484-217-1;g__EX4484-217-1;s__EX4484-217-1 sp002254745	GCA_002254745.1	95.0	d__Archaea;p__Thermoproteota;c__Thermoprotei_A;o__EX4484-217-1;f__EX4484-217-1;g__EX4484-217-1;s__EX4484-217-1 sp002254745	99.82	0.907	N/A	N/A	N/A	N/A	N/A	N/A	ani_screen	classification based on ANI only	N/A	88.88	11	N/A	N/A
SAMN06251743_bin.117	SAMN06251743_bin.117	d__Archaea;p__Halobacteriota;c__Syntropharchaeia;o__Syntropharchaeales;f__Syntropharchaeaceae;g__Syntropharchaeum;s__Syntropharchaeum sp026134025	GCA_026134025.1	95.0	d__Archaea;p__Halobacteriota;c__Syntropharchaeia;o__Syntropharchaeales;f__Syntropharchaeaceae;g__Syntropharchaeum;s__Syntropharchaeum sp026134025	98.63	0.855	N/A	N/A	N/A	N/A	N/A	N/A	ani_screen	classification based on ANI only	N/A	97.34	11	N/A	N/A
SAMN06251743_bin.140	SAMN06251743_bin.140	d__Archaea;p__Thermoplasmatota;c__E2;o__DHVEG-1;f__B18-G2;g__B18-G2;s__B18-G2 sp003651105	GCA_003651105.1	95.0	d__Archaea;p__Thermoplasmatota;c__E2;o__DHVEG-1;f__B18-G2;g__B18-G2;s__B18-G2 sp003651105	97.84	0.804	N/A	N/A	N/A	N/A	N/A	N/A	ani_screen	classification based on ANI only	N/A	96.73	11	N/A	N/A
SAMN06251743_bin.146	SAMN06251743_bin.146	d__Archaea;p__Thermoproteota;c__Thermoprotei_A;o__Sulfolobales;f__Ignisphaeraceae;g__QMWT01;s__QMWT01 sp003661865	GCA_003661865.1	95.0	d__Archaea;p__Thermoproteota;c__Thermoprotei_A;o__Sulfolobales;f__Ignisphaeraceae;g__QMWT01;s__QMWT01 sp003661865	97.37	0.673	N/A	N/A	N/A	N/A	N/A	N/A	ani_screen	classification based on ANI only	N/A	92.29	11	N/A	N/A
SAMN06251743_bin.188	SAMN06251743_bin.188	d__Archaea;p__Halobacteriota;c__Archaeoglobi;o__Archaeoglobales;f__Archaeoglobaceae;g__CAZPML01;s__CAZPML01 sp964587675	GCA_964587675.1	95.0	d__Archaea;p__Halobacteriota;c__Archaeoglobi;o__Archaeoglobales;f__Archaeoglobaceae;g__CAZPML01;s__CAZPML01 sp964587675	97.58	0.805	N/A	N/A	N/A	N/A	N/A	N/A	ani_screen	classification based on ANI only	N/A	96.36	11	N/A	N/A
SAMN06251743_bin.199	SAMN06251743_bin.199	d__Archaea;p__Thermoproteota;c__Thermoprotei;o__Thermoproteales;f__Thermocladiaceae;g__;s__	N/A	N/A	N/A	N/A	N/A	N/A	N/A	N/A	N/A	N/A	d__Archaea;p__Thermoproteota;c__Thermoprotei;o__Thermoproteales;f__Thermocladiaceae;g__;s__	taxonomic novelty determined using RED	N/A	N/A	84.07	11	0.85521	N/A
SAMN06251743_bin.212	SAMN06251743_bin.212	d__Archaea;p__Thermoproteota;c__Methanomethylicia;o__Methanomethylicales;f__JAGHCH01;g__JAGHCH01;s__JAGHCH01 sp021160575	GCA_021160575.1	95.0	d__Archaea;p__Thermoproteota;c__Methanomethylicia;o__Methanomethylicales;f__JAGHCH01;g__JAGHCH01;s__JAGHCH01 sp021160575	97.93	0.886	N/A	N/A	N/A	N/A	N/A	N/A	ani_screen	classification based on ANI only	N/A	85.4	11	N/A	N/A
SAMN06251743_bin.216	SAMN06251743_bin.216	d__Archaea;p__Thermoproteota;c__Thermoprotei_A;o__Sulfolobales;f__NBVN01;g__CAZAMI01;s__	N/A	N/A	N/A	N/A	N/A	N/A	N/A	N/A	N/A	N/A	d__Archaea;p__Thermoproteota;c__Thermoprotei_A;o__Sulfolobales;f__NBVN01;g__CAZAMI01;s__	taxonomic classification fully defined by topology	N/A	N/A	93.96	11	0.99589	N/A
SAMN06251743_bin.268	SAMN06251743_bin.268	d__Archaea;p__Thermoproteota;c__Bathyarchaeia;o__Bathyarchaeales;f__B26-1;g__B26-1;s__B26-1 sp001593925	GCA_001593925.1	95.0	d__Archaea;p__Thermoproteota;c__Bathyarchaeia;o__Bathyarchaeales;f__B26-1;g__B26-1;s__B26-1 sp001593925	96.29	0.85	N/A	N/A	N/A	N/A	N/A	N/A	ani_screen	classification based on ANI only	N/A	85.01	11	N/A	N/A
SAMN06251743_bin.269	SAMN06251743_bin.269	d__Archaea;p__Thermoplasmatota;c__E2;o__UBA202;f__DSCA01;g__CAZHBO01;s__CAZHBO01 sp964530745	GCA_964530745.1	95.0	d__Archaea;p__Thermoplasmatota;c__E2;o__UBA202;f__DSCA01;g__CAZHBO01;s__CAZHBO01 sp964530745	99.31	0.92	N/A	N/A	N/A	N/A	N/A	N/A	ani_screen	classification based on ANI only	N/A	89.86	11	N/A	N/A
SAMN06264663_bin.53	SAMN06264663_bin.53	d__Archaea;p__Methanobacteriota_B;c__Thermococci;o__Thermococcales;f__Thermococcaceae;g__Thermococcus;s__Thermococcus sp011050175	GCA_011050175.1	95.0	d__Archaea;p__Methanobacteriota_B;c__Thermococci;o__Thermococcales;f__Thermococcaceae;g__Thermococcus;s__Thermococcus sp011050175	99.82	0.922	N/A	N/A	N/A	N/A	N/A	N/A	ani_screen	classification based on ANI only	N/A	91.44	11	N/A	N/A
SAMN06264874_bin.38	SAMN06264874_bin.38	d__Archaea;p__Halobacteriota;c__Methanosarcinia;o__Methanosarcinales;f__Methanogasteraceae;g__Methanogaster_B;s__Methanogaster_B sp003601535	GCA_003601535.1	95.0	d__Archaea;p__Halobacteriota;c__Methanosarcinia;o__Methanosarcinales;f__Methanogasteraceae;g__Methanogaster_B;s__Methanogaster_B sp003601535	98.94	0.73	N/A	N/A	N/A	N/A	N/A	N/A	ani_screen	classification based on ANI only	N/A	97.14	11	N/A	N/A
SAMN06264874_bin.96	SAMN06264874_bin.96	d__Archaea;p__Thermoproteota;c__DRAE01;o__DRAE01;f__DRAE01;g__DRAE01;s__DRAE01 sp011041895	GCA_011041895.1	95.0	d__Archaea;p__Thermoproteota;c__DRAE01;o__DRAE01;f__DRAE01;g__DRAE01;s__DRAE01 sp011041895	99.84	0.959	N/A	N/A	N/A	N/A	N/A	N/A	ani_screen	classification based on ANI only	N/A	97.96	11	N/A	N/A
SAMN06264874_bin.99	SAMN06264874_bin.99	d__Archaea;p__Halobacteriota;c__Archaeoglobi;o__Archaeoglobales;f__Archaeoglobaceae;g__B5-G16;s__B5-G16 sp021163065	GCA_021163065.1	95.0	d__Archaea;p__Halobacteriota;c__Archaeoglobi;o__Archaeoglobales;f__Archaeoglobaceae;g__B5-G16;s__B5-G16 sp021163065	98.42	0.873	N/A	N/A	N/A	N/A	N/A	N/A	ani_screen	classification based on ANI only	N/A	88.03	11	N/A	N/A
SAMN06266163_bin.1	SAMN06266163_bin.1	d__Archaea;p__Halobacteriota;c__Syntropharchaeia;o__Alkanophagales;f__B39-G2;g__Alkanophaga;s__Alkanophaga volatiphilum	GCA_029259545.1	95.0	d__Archaea;p__Halobacteriota;c__Syntropharchaeia;o__Alkanophagales;f__B39-G2;g__Alkanophaga;s__Alkanophaga volatiphilum	97.92	0.817	N/A	N/A	N/A	N/A	N/A	N/A	ani_screen	classification based on ANI only	N/A	94.35	11	N/A	N/A
SAMN06269071_bin.41	SAMN06269071_bin.41	d__Archaea;p__Thermoplasmatota;c__E2;o__UBA202;f__JdFR-43;g__JdFR-43;s__JdFR-43 sp029259015	GCA_029259015.1	95.0	d__Archaea;p__Thermoplasmatota;c__E2;o__UBA202;f__JdFR-43;g__JdFR-43;s__JdFR-43 sp029259015	99.69	0.877	N/A	N/A	N/A	N/A	N/A	N/A	ani_screen	classification based on ANI only	N/A	81.21	11	N/A	N/A
SAMN06269071_bin.69	SAMN06269071_bin.69	d__Archaea;p__Asgardarchaeota;c__Thorarchaeia;o__Thorarchaeales;f__Thorarchaeaceae;g__B65-G9;s__B65-G9 sp003662765	GCA_003662765.1	95.0	d__Archaea;p__Asgardarchaeota;c__Thorarchaeia;o__Thorarchaeales;f__Thorarchaeaceae;g__B65-G9;s__B65-G9 sp003662765	98.98	0.827	N/A	N/A	N/A	N/A	N/A	N/A	ani_screen	classification based on ANI only	N/A	85.65	11	N/A	N/A
SAMN06269071_bin.77	SAMN06269071_bin.77	d__Archaea;p__Thermoproteota;c__Bathyarchaeia;o__Bathyarchaeales;f__WUQV01;g__JAOZNA01;s__JAOZNA01 sp029934005	GCA_029934005.1	95.0	d__Archaea;p__Thermoproteota;c__Bathyarchaeia;o__Bathyarchaeales;f__WUQV01;g__JAOZNA01;s__JAOZNA01 sp029934005	97.15	0.718	N/A	N/A	N/A	N/A	N/A	N/A	ani_screen	classification based on ANI only	N/A	87.39	11	N/A	N/A
SAMN06269071_bin.89	SAMN06269071_bin.89	d__Archaea;p__Hadarchaeota;c__B88-G9;o__;f__;g__;s__	N/A	N/A	N/A	N/A	N/A	N/A	N/A	N/A	N/A	N/A	d__Archaea;p__Hadarchaeota;c__;o__;f__;g__;s__	taxonomic novelty determined using RED	N/A	N/A	81.99	11	0.44913	N/A
SAMN06269072_bin.114	SAMN06269072_bin.114	d__Archaea;p__Thermoproteota;c__Bathyarchaeia;o__Hecatellales;f__Hecatellaceae;g__B25;s__B25 sp003662515	GCA_003662515.1	95.0	d__Archaea;p__Thermoproteota;c__Bathyarchaeia;o__Hecatellales;f__Hecatellaceae;g__B25;s__B25 sp003662515	99.12	0.807	N/A	N/A	N/A	N/A	N/A	N/A	ani_screen	classification based on ANI only	N/A	80.54	11	N/A	N/A
SAMN06269072_bin.126	SAMN06269072_bin.126	d__Archaea;p__Thermoproteota;c__Thermoprotei;o__Thermofilales;f__Thermofilaceae;g__B17-G15;s__	N/A	N/A	N/A	N/A	N/A	N/A	N/A	N/A	N/A	N/A	d__Archaea;p__Thermoproteota;c__Thermoprotei;o__Thermofilales;f__Thermofilaceae;g__;s__	taxonomic novelty determined using RED	N/A	N/A	80.2	11	0.89621	N/A
SAMN06269072_bin.14	SAMN06269072_bin.14	d__Archaea;p__Thermoproteota;c__Thermoprotei;o__Thermofilales;f__B15-G2;g__B15-G2;s__B15-G2 sp003650815	GCA_003650815.1	95.0	d__Archaea;p__Thermoproteota;c__Thermoprotei;o__Thermofilales;f__B15-G2;g__B15-G2;s__B15-G2 sp003650815	99.87	0.888	N/A	N/A	N/A	N/A	N/A	N/A	ani_screen	classification based on ANI only	N/A	83.15	11	N/A	N/A
SAMN06269072_bin.40	SAMN06269072_bin.40	d__Archaea;p__Thermoproteota;c__Thermoprotei_A;o__EX4484-217-1;f__EX4484-217-1;g__EX4484-217-1;s__EX4484-217-1 sp029258915	GCA_029258915.1	95.0	d__Archaea;p__Thermoproteota;c__Thermoprotei_A;o__EX4484-217-1;f__EX4484-217-1;g__EX4484-217-1;s__EX4484-217-1 sp029258915	95.63	0.862	N/A	N/A	N/A	N/A	N/A	N/A	ani_screen	classification based on ANI only	N/A	95.1	11	N/A	N/A
SAMN06269072_bin.42	SAMN06269072_bin.42	d__Archaea;p__Thermoproteota;c__Thermoprotei;o__Thermofilales;f__B20-G17;g__B20-G17;s__B20-G17 sp003650785	GCA_003650785.1	95.0	d__Archaea;p__Thermoproteota;c__Thermoprotei;o__Thermofilales;f__B20-G17;g__B20-G17;s__B20-G17 sp003650785	99.62	0.816	N/A	N/A	N/A	N/A	N/A	N/A	ani_screen	classification based on ANI only	N/A	89.06	11	N/A	N/A
SAMN06269072_bin.46	SAMN06269072_bin.46	d__Archaea;p__Thermoproteota;c__Thermoprotei;o__Thermofilales;f__B20-G17;g__B14-G17;s__B14-G17 sp003649515	GCA_003649515.1	95.0	d__Archaea;p__Thermoproteota;c__Thermoprotei;o__Thermofilales;f__B20-G17;g__B14-G17;s__B14-G17 sp003649515	99.75	0.704	N/A	N/A	N/A	N/A	N/A	N/A	ani_screen	classification based on ANI only	N/A	91.37	11	N/A	N/A
SAMN06269072_bin.53	SAMN06269072_bin.53	d__Archaea;p__Thermoplasmatota;c__E2;o__DHVEG-1;f__B18-G2;g__JAGHAD01;s__	N/A	N/A	N/A	N/A	N/A	N/A	N/A	N/A	N/A	N/A	d__Archaea;p__Thermoplasmatota;c__E2;o__DHVEG-1;f__B18-G2;g__;s__	taxonomic novelty determined using RED	N/A	N/A	78.39	11	0.99278	N/A
SAMN06269072_bin.74	SAMN06269072_bin.74	d__Archaea;p__Thermoproteota;c__Methanomethylicia;o__Nezhaarchaeales;f__B40-G2;g__B40-G2;s__B40-G2 sp003649615	GCA_029259155.1	95.0	d__Archaea;p__Thermoproteota;c__Methanomethylicia;o__Nezhaarchaeales;f__B40-G2;g__B40-G2;s__B40-G2 sp003649615	99.3	0.953	N/A	N/A	N/A	N/A	N/A	N/A	ani_screen	classification based on ANI only	N/A	91.46	11	N/A	N/A
SAMN06269076_bin.4	SAMN06269076_bin.4	d__Archaea;p__Halobacteriota;c__Syntropharchaeia;o__Alkanophagales;f__Methanospirareceae;g__G60ANME1;s__G60ANME1 sp021159465	GCA_021159465.1	95.0	d__Archaea;p__Halobacteriota;c__Syntropharchaeia;o__Alkanophagales;f__Methanospirareceae;g__G60ANME1;s__G60ANME1 sp021159465	98.27	0.763	N/A	N/A	N/A	N/A	N/A	N/A	ani_screen	classification based on ANI only	N/A	94.12	11	N/A	N/A
SAMN06269076_bin.9	SAMN06269076_bin.9	d__Archaea;p__Methanobacteriota_B;c__Thermococci;o__Thermococcales;f__Thermococcaceae;g__Pyrococcus;s__Pyrococcus sp003660485	GCF_041647995.1	95.0	d__Archaea;p__Methanobacteriota_B;c__Thermococci;o__Thermococcales;f__Thermococcaceae;g__Pyrococcus;s__Pyrococcus sp003660485	98.75	0.941	N/A	N/A	N/A	N/A	N/A	N/A	ani_screen	classification based on ANI only	N/A	75.51	11	N/A	Genome has more than 11.3% of markers with multiple hits
SAMN06269079_bin.120	SAMN06269079_bin.120	d__Archaea;p__Hadarchaeota;c__Hadarchaeia;o__Hadarchaeales;f__Hadarchaeaceae;g__B75-G9;s__B75-G9 sp003661465	GCA_003661465.1	95.0	d__Archaea;p__Hadarchaeota;c__Hadarchaeia;o__Hadarchaeales;f__Hadarchaeaceae;g__B75-G9;s__B75-G9 sp003661465	99.76	0.948	N/A	N/A	N/A	N/A	N/A	N/A	ani_screen	classification based on ANI only	N/A	90.87	11	N/A	N/A
SAMN06269079_bin.128	SAMN06269079_bin.128	d__Archaea;p__EX4484-52;c__EX4484-52;o__EX4484-52;f__B79-G9;g__B79-G9;s__B79-G9 sp003660865	GCA_003660865.1	95.0	d__Archaea;p__EX4484-52;c__EX4484-52;o__EX4484-52;f__B79-G9;g__B79-G9;s__B79-G9 sp003660865	99.99	0.974	N/A	N/A	N/A	N/A	N/A	N/A	ani_screen	classification based on ANI only	N/A	91.26	11	N/A	N/A
SAMN06269079_bin.157	SAMN06269079_bin.157	d__Archaea;p__Thermoplasmatota;c__E2;o__DHVEG-1;f__B18-G2;g__B91-G9;s__B91-G9 sp003650935	GCA_021161865.1	95.0	d__Archaea;p__Thermoplasmatota;c__E2;o__DHVEG-1;f__B18-G2;g__B91-G9;s__B91-G9 sp003650935	99.19	0.929	N/A	N/A	N/A	N/A	N/A	N/A	ani_screen	classification based on ANI only	N/A	87.02	11	N/A	N/A
SAMN06269079_bin.236	SAMN06269079_bin.236	d__Archaea;p__Halobacteriota;c__Methanosarcinia;o__DSM-18856;f__Methermicoccaceae;g__JdFR-19;s__JdFR-19 sp003661015	GCA_003661015.1	95.0	d__Archaea;p__Halobacteriota;c__Methanosarcinia;o__DSM-18856;f__Methermicoccaceae;g__JdFR-19;s__JdFR-19 sp003661015	99.72	0.952	N/A	N/A	N/A	N/A	N/A	N/A	ani_screen	classification based on ANI only	N/A	75.33	11	N/A	N/A
SAMN06269079_bin.32	SAMN06269079_bin.32	d__Archaea;p__Halobacteriota;c__Methanosarcinia;o__Methanosarcinales;f__Methanogasteraceae;g__Methanogaster_A;s__Methanogaster_A sp003661105	GCA_003661105.1	95.0	d__Archaea;p__Halobacteriota;c__Methanosarcinia;o__Methanosarcinales;f__Methanogasteraceae;g__Methanogaster_A;s__Methanogaster_A sp003661105	99.85	0.782	N/A	N/A	N/A	N/A	N/A	N/A	ani_screen	classification based on ANI only	N/A	93.77	11	N/A	N/A
SAMN06288063_bin.108	SAMN06288063_bin.108	d__Archaea;p__Thermoplasmatota;c__E2;o__DHVEG-1;f__DHVEG-1;g__EX4572-165;s__EX4572-165 sp002254885	GCA_029939595.1	95.0	d__Archaea;p__Thermoplasmatota;c__E2;o__DHVEG-1;f__DHVEG-1;g__EX4572-165;s__EX4572-165 sp002254885	99.77	0.933	N/A	N/A	N/A	N/A	N/A	N/A	ani_screen	classification based on ANI only	N/A	93.73	11	N/A	N/A
SAMN06288064_bin.1	SAMN06288064_bin.1	d__Archaea;p__Thermoproteota;c__Nitrososphaeria;o__Geothermarchaeales;f__JDFR-13;g__;s__	N/A	N/A	N/A	N/A	N/A	N/A	N/A	N/A	N/A	N/A	d__Archaea;p__Thermoproteota;c__Nitrososphaeria;o__Geothermarchaeales;f__JDFR-13;g__;s__	taxonomic classification fully defined by topology	N/A	N/A	86.06	11	0.83475	N/A
SAMN06288064_bin.15	SAMN06288064_bin.15	d__Archaea;p__Thermoproteota;c__Thermoprotei;o__Thermoproteales;f__Thermocladiaceae;g__CAYMHS01;s__	N/A	N/A	N/A	N/A	N/A	N/A	N/A	N/A	N/A	N/A	d__Archaea;p__Thermoproteota;c__Thermoprotei;o__Thermoproteales;f__Thermocladiaceae;g__;s__	taxonomic novelty determined using RED	N/A	N/A	88.76	11	0.98265	N/A
SAMN06288064_bin.3	SAMN06288064_bin.3	d__Archaea;p__Thermoproteota;c__Methanomethylicia;o__Nezhaarchaeales;f__B40-G2;g__CAZVDL01;s__	N/A	N/A	N/A	N/A	N/A	N/A	N/A	N/A	N/A	N/A	d__Archaea;p__Thermoproteota;c__Methanomethylicia;o__Nezhaarchaeales;f__B40-G2;g__;s__	taxonomic novelty determined using RED	N/A	N/A	92.84	11	0.95532	N/A
SAMN06288064_bin.4	SAMN06288064_bin.4	d__Archaea;p__Thermoproteota;c__Thermoprotei;o__QMSL01;f__B3-G16;g__;s__	N/A	N/A	N/A	N/A	N/A	N/A	N/A	N/A	N/A	N/A	d__Archaea;p__Thermoproteota;c__Thermoprotei;o__QMSL01;f__B3-G16;g__;s__	taxonomic novelty determined using RED	N/A	N/A	71.44	11	0.76109	N/A
SAMN07571238_bin.9	SAMN07571238_bin.9	d__Archaea;p__Thermoproteota;c__Nitrososphaeria;o__Nitrososphaerales;f__Nitrosopumilaceae;g__Nitrosopumilus;s__Nitrosopumilus sp002317795	GCA_002317795.1	95.2	d__Archaea;p__Thermoproteota;c__Nitrososphaeria;o__Nitrososphaerales;f__Nitrosopumilaceae;g__Nitrosopumilus;s__Nitrosopumilus sp002317795	99.41	0.957	N/A	N/A	N/A	N/A	N/A	N/A	ani_screen	classification based on ANI only	N/A	91.94	11	N/A	N/A
SAMN07630573_bin.14	SAMN07630573_bin.14	d__Archaea;p__Thermoplasmatota;c__E2;o__DHVEG-1;f__DHVEG-1;g__B44-G15;s__B44-G15 sp003649845	GCA_003649845.1	95.0	d__Archaea;p__Thermoplasmatota;c__E2;o__DHVEG-1;f__DHVEG-1;g__B44-G15;s__B44-G15 sp003649845	99.94	0.856	N/A	N/A	N/A	N/A	N/A	N/A	ani_screen	classification based on ANI only	N/A	89.47	11	N/A	N/A
SAMN07630573_bin.2	SAMN07630573_bin.2	d__Archaea;p__Asgardarchaeota;c__Baldrarchaeia;o__Baldrarchaeales;f__DXJG01;g__DXJG01;s__DXJG01 sp016840485	GCA_016840485.1	95.0	d__Archaea;p__Asgardarchaeota;c__Baldrarchaeia;o__Baldrarchaeales;f__DXJG01;g__DXJG01;s__DXJG01 sp016840485	99.87	0.92	N/A	N/A	N/A	N/A	N/A	N/A	ani_screen	classification based on ANI only	N/A	90.27	11	N/A	N/A
SAMN07630573_bin.42	SAMN07630573_bin.42	d__Archaea;p__Thermoplasmatota;c__Penumbrarchaeia;o__Penumbrarchaeales;f__EX4484-36;g__EX4484-36;s__EX4484-36 sp002254765	GCA_029932465.1	95.0	d__Archaea;p__Thermoplasmatota;c__Penumbrarchaeia;o__Penumbrarchaeales;f__EX4484-36;g__EX4484-36;s__EX4484-36 sp002254765	99.28	0.913	N/A	N/A	N/A	N/A	N/A	N/A	ani_screen	classification based on ANI only	N/A	96.34	11	N/A	N/A
SAMN07630573_bin.6	SAMN07630573_bin.6	d__Archaea;p__SpSt-1190;c__SpSt-1190;o__SpSt-1190;f__SpSt-1190;g__;s__	N/A	N/A	N/A	N/A	N/A	N/A	N/A	N/A	N/A	N/A	d__Archaea;p__SpSt-1190;c__SpSt-1190;o__SpSt-1190;f__SpSt-1190;g__;s__	taxonomic novelty determined using RED	N/A	N/A	92.2	11	0.84044	N/A
SAMN07630573_bin.63	SAMN07630573_bin.63	d__Archaea;p__Thermoproteota;c__Bathyarchaeia;o__TCS64;f__TCS64;g__B46-G15;s__B46-G15 sp003662205	GCA_003662205.1	95.0	d__Archaea;p__Thermoproteota;c__Bathyarchaeia;o__TCS64;f__TCS64;g__B46-G15;s__B46-G15 sp003662205	99.95	0.859	N/A	N/A	N/A	N/A	N/A	N/A	ani_screen	classification based on ANI only	N/A	71.96	11	N/A	N/A
SAMN07630573_bin.7	SAMN07630573_bin.7	d__Archaea;p__Thermoproteota;c__Thermoprotei;o__Thermofilales;f__Thermofilaceae;g__B17-G15;s__B17-G15 sp003649495	GCA_003649495.1	95.0	d__Archaea;p__Thermoproteota;c__Thermoprotei;o__Thermofilales;f__Thermofilaceae;g__B17-G15;s__B17-G15 sp003649495	99.89	0.948	N/A	N/A	N/A	N/A	N/A	N/A	ani_screen	classification based on ANI only	N/A	84.6	11	N/A	N/A
SAMN07630573_bin.77	SAMN07630573_bin.77	d__Archaea;p__Hydrothermarchaeota;c__Hydrothermarchaeia;o__Hydrothermarchaeales;f__CAZSVW01;g__CBFDVL01;s__CBFDVL01 sp965613365	GCA_965613365.1	95.0	d__Archaea;p__Hydrothermarchaeota;c__Hydrothermarchaeia;o__Hydrothermarchaeales;f__CAZSVW01;g__CBFDVL01;s__CBFDVL01 sp965613365	99.48	0.893	N/A	N/A	N/A	N/A	N/A	N/A	ani_screen	classification based on ANI only	N/A	89.43	11	N/A	N/A
SAMN07632361_bin.17	SAMN07632361_bin.17	d__Archaea;p__Thermoplasmatota;c__E2;o__UBA202;f__DSCA01;g__VBQP01;s__VBQP01 sp021159125	GCA_021159125.1	95.0	d__Archaea;p__Thermoplasmatota;c__E2;o__UBA202;f__DSCA01;g__VBQP01;s__VBQP01 sp021159125	98.32	0.833	N/A	N/A	N/A	N/A	N/A	N/A	ani_screen	classification based on ANI only	N/A	95.12	11	N/A	N/A
SAMN07632361_bin.2	SAMN07632361_bin.2	d__Archaea;p__Thermoplasmatota;c__Thermoplasmata;o__Thermoplasmatales;f__Aciduliprofundaceae;g__S014-41;s__S014-41 sp021163705	GCA_021163705.1	95.0	d__Archaea;p__Thermoplasmatota;c__Thermoplasmata;o__Thermoplasmatales;f__Aciduliprofundaceae;g__S014-41;s__S014-41 sp021163705	96.85	0.803	N/A	N/A	N/A	N/A	N/A	N/A	ani_screen	classification based on ANI only	N/A	98.01	11	N/A	N/A
SAMN07632362_bin.112	SAMN07632362_bin.112	d__Archaea;p__Asgardarchaeota;c__Njordarchaeia;o__Njordarchaeales;f__Njordarchaeaceae;g__Njordarchaeum;s__Njordarchaeum sp964518475	GCA_964518475.1	95.0	d__Archaea;p__Asgardarchaeota;c__Njordarchaeia;o__Njordarchaeales;f__Njordarchaeaceae;g__Njordarchaeum;s__Njordarchaeum sp964518475	99.96	0.937	N/A	N/A	N/A	N/A	N/A	N/A	ani_screen	classification based on ANI only	N/A	71.39	11	N/A	N/A
SAMN07632362_bin.130	SAMN07632362_bin.130	d__Archaea;p__Thermoproteota;c__Bathyarchaeia;o__TCS64;f__B23;g__B23;s__B23 sp937898665	GCA_937898665.1	95.0	d__Archaea;p__Thermoproteota;c__Bathyarchaeia;o__TCS64;f__B23;g__B23;s__B23 sp937898665	99.65	0.953	N/A	N/A	N/A	N/A	N/A	N/A	ani_screen	classification based on ANI only	GCA_937898665.1, s__B23 sp937898665, 95.0, 99.65, 0.953; GCA_021161045.1, s__B23 sp021161045, 95.0, 94.32, 0.764; GCA_029259285.1, s__B23 sp029259285, 95.0, 93.2, 0.62	88.74	11	N/A	N/A
SAMN07632362_bin.140	SAMN07632362_bin.140	d__Archaea;p__Halobacteriota;c__Archaeoglobi;o__Archaeoglobales;f__Archaeoglobaceae;g__B5-G16;s__B5-G16 sp003662995	GCA_003662995.1	95.0	d__Archaea;p__Halobacteriota;c__Archaeoglobi;o__Archaeoglobales;f__Archaeoglobaceae;g__B5-G16;s__B5-G16 sp003662995	99.99	0.955	N/A	N/A	N/A	N/A	N/A	N/A	ani_screen	classification based on ANI only	N/A	97.6	11	N/A	N/A
SAMN07632362_bin.141	SAMN07632362_bin.141	d__Archaea;p__Thermoproteota;c__Thermoprotei;o__QMSL01;f__QMSL01;g__B12-G16;s__B12-G16 sp003650925	GCA_003650925.1	95.0	d__Archaea;p__Thermoproteota;c__Thermoprotei;o__QMSL01;f__QMSL01;g__B12-G16;s__B12-G16 sp003650925	99.99	0.955	N/A	N/A	N/A	N/A	N/A	N/A	ani_screen	classification based on ANI only	N/A	94.99	11	N/A	N/A
SAMN07632362_bin.17	SAMN07632362_bin.17	d__Archaea;p__Thermoproteota;c__Thermoprotei;o__Thermoproteales;f__B15-G16;g__B15-G16;s__B15-G16 sp003649205	GCA_003649205.1	95.0	d__Archaea;p__Thermoproteota;c__Thermoprotei;o__Thermoproteales;f__B15-G16;g__B15-G16;s__B15-G16 sp003649205	99.99	0.997	N/A	N/A	N/A	N/A	N/A	N/A	ani_screen	classification based on ANI only	N/A	99.11	11	N/A	N/A
SAMN07632362_bin.2	SAMN07632362_bin.2	d__Archaea;p__Thermoproteota;c__Bathyarchaeia;o__Hecatellales;f__Hecatellaceae;g__CAZNLG01;s__CAZNLG01 sp964573765	GCA_964573765.1	95.0	d__Archaea;p__Thermoproteota;c__Bathyarchaeia;o__Hecatellales;f__Hecatellaceae;g__CAZNLG01;s__CAZNLG01 sp964573765	99.79	0.923	N/A	N/A	N/A	N/A	N/A	N/A	ani_screen	classification based on ANI only	N/A	80.59	11	N/A	N/A
SAMN07632362_bin.41	SAMN07632362_bin.41	d__Archaea;p__Thermoproteota;c__Methanomethylicia;o__Culexarchaeales;f__Culexmicrobiaceae;g__Culexmicrobium;s__Culexmicrobium cathedralense	GCA_025061115.1	95.0	d__Archaea;p__Thermoproteota;c__Methanomethylicia;o__Culexarchaeales;f__Culexmicrobiaceae;g__Culexmicrobium;s__Culexmicrobium cathedralense	99.32	0.883	N/A	N/A	N/A	N/A	N/A	N/A	ani_screen	classification based on ANI only	N/A	89.72	11	N/A	N/A
SAMN07632362_bin.70	SAMN07632362_bin.70	d__Archaea;p__Thermoproteota;c__Thermoprotei;o__QMSL01;f__B3-G16;g__B3-G16;s__B3-G16 sp003649665	GCA_003649665.1	95.0	d__Archaea;p__Thermoproteota;c__Thermoprotei;o__QMSL01;f__B3-G16;g__B3-G16;s__B3-G16 sp003649665	99.82	0.928	N/A	N/A	N/A	N/A	N/A	N/A	ani_screen	classification based on ANI only	N/A	93.41	11	N/A	N/A
SAMN07632362_bin.73	SAMN07632362_bin.73	d__Archaea;p__Thermoproteota;c__Thermoprotei;o__Thermofilales;f__B20-G17;g__B67-G16;s__B67-G16 sp003650675	GCA_965368245.1	95.0	d__Archaea;p__Thermoproteota;c__Thermoprotei;o__Thermofilales;f__B20-G17;g__B67-G16;s__B67-G16 sp003650675	99.91	0.956	N/A	N/A	N/A	N/A	N/A	N/A	ani_screen	classification based on ANI only	N/A	95.38	11	N/A	N/A
SAMN07632362_bin.9	SAMN07632362_bin.9	d__Archaea;p__Thermoproteota;c__Thermoprotei;o__QMSL01;f__B3-G16;g__CAZFCQ01;s__CAZFCQ01 sp964517845	GCA_964517845.1	95.0	d__Archaea;p__Thermoproteota;c__Thermoprotei;o__QMSL01;f__B3-G16;g__CAZFCQ01;s__CAZFCQ01 sp964517845	99.78	0.963	N/A	N/A	N/A	N/A	N/A	N/A	ani_screen	classification based on ANI only	N/A	92.56	11	N/A	N/A
SAMN07632362_bin.96	SAMN07632362_bin.96	d__Archaea;p__Thermoproteota;c__Methanomethylicia;o__Culexarchaeales;f__Culexmicrobiaceae;g__Culexmicrobium_A;s__Culexmicrobium_A profundum	GCA_025061245.1	95.0	d__Archaea;p__Thermoproteota;c__Methanomethylicia;o__Culexarchaeales;f__Culexmicrobiaceae;g__Culexmicrobium_A;s__Culexmicrobium_A profundum	99.04	0.824	N/A	N/A	N/A	N/A	N/A	N/A	ani_screen	classification based on ANI only	N/A	94.96	11	N/A	N/A
SAMN07632363_bin.100	SAMN07632363_bin.100	d__Archaea;p__Thermoproteota;c__Nitrososphaeria;o__Geothermarchaeales;f__JDFR-13;g__B109-G9;s__B109-G9 sp003661505	GCA_011043415.1	95.0	d__Archaea;p__Thermoproteota;c__Nitrososphaeria;o__Geothermarchaeales;f__JDFR-13;g__B109-G9;s__B109-G9 sp003661505	99.84	0.895	N/A	N/A	N/A	N/A	N/A	N/A	ani_screen	classification based on ANI only	N/A	88.3	11	N/A	N/A
SAMN07632363_bin.14	SAMN07632363_bin.14	d__Archaea;p__Thermoproteota;c__Bathyarchaeia;o__Hecatellales;f__Hecatellaceae;g__B25;s__B25 sp003662485	GCA_003662485.1	95.0	d__Archaea;p__Thermoproteota;c__Bathyarchaeia;o__Hecatellales;f__Hecatellaceae;g__B25;s__B25 sp003662485	99.73	0.888	N/A	N/A	N/A	N/A	N/A	N/A	ani_screen	classification based on ANI only	N/A	90.62	11	N/A	N/A
SAMN07632363_bin.2	SAMN07632363_bin.2	d__Archaea;p__Thermoproteota;c__Methanomethylicia;o__Nezhaarchaeales;f__WYZ-LMO8;g__QMSN01;s__QMSN01 sp003650865	GCA_003650865.1	95.0	d__Archaea;p__Thermoproteota;c__Methanomethylicia;o__Nezhaarchaeales;f__WYZ-LMO8;g__QMSN01;s__QMSN01 sp003650865	99.64	0.914	N/A	N/A	N/A	N/A	N/A	N/A	ani_screen	classification based on ANI only	N/A	90.87	11	N/A	N/A
SAMN07632363_bin.33	SAMN07632363_bin.33	d__Archaea;p__Thermoplasmatota;c__Thermoplasmata;o__B31-G17;f__B31-G17;g__B31-G17;s__B31-G17 sp003649915	GCA_003649915.1	95.0	d__Archaea;p__Thermoplasmatota;c__Thermoplasmata;o__B31-G17;f__B31-G17;g__B31-G17;s__B31-G17 sp003649915	99.83	0.87	N/A	N/A	N/A	N/A	N/A	N/A	ani_screen	classification based on ANI only	N/A	91.0	11	N/A	N/A
SAMN07632363_bin.75	SAMN07632363_bin.75	d__Archaea;p__Thermoproteota;c__Thermoprotei;o__Thermofilales;f__CAYSTQ01;g__CAZCFI01;s__	N/A	N/A	N/A	N/A	N/A	N/A	N/A	N/A	N/A	N/A	d__Archaea;p__Thermoproteota;c__Thermoprotei;o__Thermofilales;f__CAYSTQ01;g__;s__	taxonomic novelty determined using RED	N/A	N/A	91.07	11	0.97779	N/A
SAMN07632363_bin.78	SAMN07632363_bin.78	d__Archaea;p__Thermoproteota;c__Thermoprotei;o__Thermofilales;f__CAYSTQ01;g__CAZCFI01;s__	N/A	N/A	N/A	N/A	N/A	N/A	N/A	N/A	N/A	N/A	d__Archaea;p__Thermoproteota;c__Thermoprotei;o__Thermofilales;f__CAYSTQ01;g__;s__	taxonomic novelty determined using RED	N/A	N/A	96.48	11	0.87398	N/A
SAMN07632363_bin.92	SAMN07632363_bin.92	d__Archaea;p__Halobacteriota;c__Archaeoglobi;o__Archaeoglobales;f__Archaeoglobaceae;g__WAKM01;s__WAKM01 sp964389535	GCA_964389535.1	95.0	d__Archaea;p__Halobacteriota;c__Archaeoglobi;o__Archaeoglobales;f__Archaeoglobaceae;g__WAKM01;s__WAKM01 sp964389535	97.28	0.859	N/A	N/A	N/A	N/A	N/A	N/A	ani_screen	classification based on ANI only	N/A	99.02	11	N/A	N/A
SAMN07748057_bin.64	SAMN07748057_bin.64	d__Archaea;p__Halobacteriota;c__Halobacteria;o__Halobacteriales;f__Natrialbaceae;g__Halostagnicola;s__	N/A	N/A	N/A	N/A	N/A	N/A	N/A	N/A	N/A	N/A	d__Archaea;p__Halobacteriota;c__Halobacteria;o__Halobacteriales;f__Natrialbaceae;g__Halostagnicola;s__	taxonomic classification fully defined by topology	N/A	N/A	96.77	11	0.99004	N/A
SAMN07748058_bin.29	SAMN07748058_bin.29	d__Archaea;p__Thermoproteota;c__Nitrososphaeria;o__Nitrososphaerales;f__Nitrosopumilaceae;g__Nitrosopumilus;s__Nitrosopumilus sp013390905	GCA_013390905.1	95.0	d__Archaea;p__Thermoproteota;c__Nitrososphaeria;o__Nitrososphaerales;f__Nitrosopumilaceae;g__Nitrosopumilus;s__Nitrosopumilus sp013390905	99.82	0.945	N/A	N/A	N/A	N/A	N/A	N/A	ani_screen	classification based on ANI only	GCA_013390905.1, s__Nitrosopumilus sp013390905, 95.0, 99.82, 0.945; GCA_950073955.1, s__Nitrosopumilus sp950073955, 95.0, 95.06, 0.818; GCA_965247045.1, s__Nitrosopumilus sp965247045, 95.0, 91.23, 0.708; GCA_022573895.1, s__Nitrosopumilus sp022573895, 95.0, 90.64, 0.678; GCA_965219345.1, s__Nitrosopumilus sp965219345, 95.0, 89.55, 0.612; GCA_022564385.1, s__Nitrosopumilus sp022564385, 95.0, 88.74, 0.527; GCA_013911135.1, s__Nitrosopumilus sp013911135, 95.0, 87.95, 0.512; GCA_963667665.2, s__Nitrosopumilus sp963667665, 95.0, 87.83, 0.521; GCA_965249555.1, s__Nitrosopumilus sp965249555, 95.0, 87.51, 0.511	89.29	11	N/A	N/A
SAMN08290431_bin.35	SAMN08290431_bin.35	d__Archaea;p__Hydrothermarchaeota;c__Hydrothermarchaeia;o__Hydrothermarchaeales;f__BMS3B;g__BMS3B;s__BMS3B sp003229935	GCA_003229935.1	95.0	d__Archaea;p__Hydrothermarchaeota;c__Hydrothermarchaeia;o__Hydrothermarchaeales;f__BMS3B;g__BMS3B;s__BMS3B sp003229935	98.25	0.742	N/A	N/A	N/A	N/A	N/A	N/A	ani_screen	classification based on ANI only	N/A	84.94	11	N/A	N/A
SAMN08290432_bin.5	SAMN08290432_bin.5	d__Archaea;p__Asgardarchaeota;c__Thorarchaeia;o__Thorarchaeales;f__Thorarchaeaceae;g__SMTZ1-45;s__SMTZ1-45 sp004376265	GCA_004376265.1	95.0	d__Archaea;p__Asgardarchaeota;c__Thorarchaeia;o__Thorarchaeales;f__Thorarchaeaceae;g__SMTZ1-45;s__SMTZ1-45 sp004376265	95.01	0.658	N/A	N/A	N/A	N/A	N/A	N/A	ani_screen	classification based on ANI only	N/A	92.03	11	N/A	N/A
SAMN08432484_bin.2	SAMN08432484_bin.2	d__Archaea;p__Halobacteriota;c__Methanosarcinia;o__Methanosarcinales;f__Methanosarcinaceae;g__Methanovorans;s__Methanovorans sp020793555	GCA_020793555.1	95.0	d__Archaea;p__Halobacteriota;c__Methanosarcinia;o__Methanosarcinales;f__Methanosarcinaceae;g__Methanovorans;s__Methanovorans sp020793555	99.82	0.864	N/A	N/A	N/A	N/A	N/A	N/A	ani_screen	classification based on ANI only	N/A	95.93	11	N/A	N/A
SAMN08432484_bin.9	SAMN08432484_bin.9	d__Archaea;p__Halobacteriota;c__Methanosarcinia;o__Methanosarcinales;f__Methanosarcinaceae;g__Methanovorans;s__Methanovorans sp020793565	GCA_020793565.1	95.0	d__Archaea;p__Halobacteriota;c__Methanosarcinia;o__Methanosarcinales;f__Methanosarcinaceae;g__Methanovorans;s__Methanovorans sp020793565	99.77	0.843	N/A	N/A	N/A	N/A	N/A	N/A	ani_screen	classification based on ANI only	N/A	95.97	11	N/A	N/A
SAMN08776745_bin.18	SAMN08776745_bin.18	d__Archaea;p__Thermoproteota;c__Bathyarchaeia;o__EX4484-135;f__EX4484-135;g__EX4484-135;s__EX4484-135 sp964638535	GCA_964638535.1	95.0	d__Archaea;p__Thermoproteota;c__Bathyarchaeia;o__EX4484-135;f__EX4484-135;g__EX4484-135;s__EX4484-135 sp964638535	99.91	0.94	N/A	N/A	N/A	N/A	N/A	N/A	ani_screen	classification based on ANI only	N/A	94.62	11	N/A	N/A
SAMN08776767_bin.12	SAMN08776767_bin.12	d__Archaea;p__Halobacteriota;c__Archaeoglobi;o__Archaeoglobales;f__Archaeoglobaceae;g__Archaeoglobus_B;s__Archaeoglobus_B sp964522325	GCA_964522325.1	95.0	d__Archaea;p__Halobacteriota;c__Archaeoglobi;o__Archaeoglobales;f__Archaeoglobaceae;g__Archaeoglobus_B;s__Archaeoglobus_B sp964522325	99.77	0.924	N/A	N/A	N/A	N/A	N/A	N/A	ani_screen	classification based on ANI only	N/A	87.57	11	N/A	N/A
SAMN08776767_bin.22	SAMN08776767_bin.22	d__Archaea;p__Thermoproteota;c__Thermoprotei;o__Thermofilales;f__Thermofilaceae;g__CAZAZN01;s__CAZAZN01 sp964489665	GCA_964489665.1	95.0	d__Archaea;p__Thermoproteota;c__Thermoprotei;o__Thermofilales;f__Thermofilaceae;g__CAZAZN01;s__CAZAZN01 sp964489665	99.82	0.906	N/A	N/A	N/A	N/A	N/A	N/A	ani_screen	classification based on ANI only	N/A	71.6	11	N/A	N/A
SAMN08776767_bin.32	SAMN08776767_bin.32	d__Archaea;p__Thermoplasmatota;c__B47-G6;o__B47-G6;f__B47-G6;g__B47-G6;s__B47-G6 sp003663585	GCA_003663585.1	95.0	d__Archaea;p__Thermoplasmatota;c__B47-G6;o__B47-G6;f__B47-G6;g__B47-G6;s__B47-G6 sp003663585	96.92	0.743	N/A	N/A	N/A	N/A	N/A	N/A	ani_screen	classification based on ANI only	N/A	97.25	11	N/A	N/A
SAMN08776767_bin.33	SAMN08776767_bin.33	d__Archaea;p__Methanobacteriota_B;c__Thermococci;o__Thermococcales;f__Thermococcaceae;g__Thermococcus_B;s__Thermococcus_B sp964615185	GCA_964615185.1	95.0	d__Archaea;p__Methanobacteriota_B;c__Thermococci;o__Thermococcales;f__Thermococcaceae;g__Thermococcus_B;s__Thermococcus_B sp964615185	99.88	0.935	N/A	N/A	N/A	N/A	N/A	N/A	ani_screen	classification based on ANI only	N/A	94.69	11	N/A	N/A
SAMN08776767_bin.36	SAMN08776767_bin.36	d__Archaea;p__Thermoplasmatota;c__Thermoplasmata;o__WALJ01;f__WALJ01;g__JALTFR01;s__JALTFR01 sp964475625	GCA_964475625.1	95.0	d__Archaea;p__Thermoplasmatota;c__Thermoplasmata;o__WALJ01;f__WALJ01;g__JALTFR01;s__JALTFR01 sp964475625	99.92	0.956	N/A	N/A	N/A	N/A	N/A	N/A	ani_screen	classification based on ANI only	N/A	91.94	11	N/A	N/A
SAMN08776767_bin.4	SAMN08776767_bin.4	d__Archaea;p__Thermoproteota;c__Thermoprotei_A;o__Sulfolobales;f__NBVN01;g__CAZAMI01;s__CAZAMI01 sp964592745	GCA_964592745.1	95.0	d__Archaea;p__Thermoproteota;c__Thermoprotei_A;o__Sulfolobales;f__NBVN01;g__CAZAMI01;s__CAZAMI01 sp964592745	99.96	0.984	N/A	N/A	N/A	N/A	N/A	N/A	ani_screen	classification based on ANI only	N/A	93.8	11	N/A	N/A
SAMN08776767_bin.42	SAMN08776767_bin.42	d__Archaea;p__Asgardarchaeota;c__Njordarchaeia;o__Njordarchaeales;f__Njordarchaeaceae;g__Njordarchaeum;s__Njordarchaeum sp029856625	GCA_029856625.1	95.0	d__Archaea;p__Asgardarchaeota;c__Njordarchaeia;o__Njordarchaeales;f__Njordarchaeaceae;g__Njordarchaeum;s__Njordarchaeum sp029856625	98.97	0.91	N/A	N/A	N/A	N/A	N/A	N/A	ani_screen	classification based on ANI only	N/A	75.56	11	N/A	N/A
SAMN08776767_bin.45	SAMN08776767_bin.45	d__Archaea;p__Thermoplasmatota;c__Thermoplasmata;o__JAGHBH01;f__JAGHBH01;g__CAZROC01;s__CAZROC01 sp964601625	GCA_964601625.1	95.0	d__Archaea;p__Thermoplasmatota;c__Thermoplasmata;o__JAGHBH01;f__JAGHBH01;g__CAZROC01;s__CAZROC01 sp964601625	99.97	0.954	N/A	N/A	N/A	N/A	N/A	N/A	ani_screen	classification based on ANI only	N/A	95.1	11	N/A	N/A
SAMN08776767_bin.46	SAMN08776767_bin.46	d__Archaea;p__Iainarchaeota;c__Iainarchaeia;o__Iainarchaeales;f__DTGL01;g__JAPLVS01;s__JAPLVS01 sp964525235	GCA_964525235.1	95.0	d__Archaea;p__Iainarchaeota;c__Iainarchaeia;o__Iainarchaeales;f__DTGL01;g__JAPLVS01;s__JAPLVS01 sp964525235	99.8	0.906	N/A	N/A	N/A	N/A	N/A	N/A	ani_screen	classification based on ANI only	N/A	95.01	11	N/A	N/A
SAMN08776767_bin.54	SAMN08776767_bin.54	d__Archaea;p__Thermoproteota;c__Thermoprotei_A;o__Sulfolobales;f__Desulfurococcaceae;g__CAZVAW01;s__CAZVAW01 sp964625205	GCA_964625205.1	95.0	d__Archaea;p__Thermoproteota;c__Thermoprotei_A;o__Sulfolobales;f__Desulfurococcaceae;g__CAZVAW01;s__CAZVAW01 sp964625205	99.65	0.961	N/A	N/A	N/A	N/A	N/A	N/A	ani_screen	classification based on ANI only	N/A	97.18	11	N/A	N/A
SAMN08776767_bin.58	SAMN08776767_bin.58	d__Archaea;p__Thermoproteota;c__Thermoprotei_A;o__Sulfolobales;f__Desulfurococcaceae;g__CAZHDB01;s__CAZHDB01 sp964627005	GCA_964627005.1	95.0	d__Archaea;p__Thermoproteota;c__Thermoprotei_A;o__Sulfolobales;f__Desulfurococcaceae;g__CAZHDB01;s__CAZHDB01 sp964627005	99.9	0.945	N/A	N/A	N/A	N/A	N/A	N/A	ani_screen	classification based on ANI only	N/A	96.86	11	N/A	N/A
SAMN08776767_bin.67	SAMN08776767_bin.67	d__Archaea;p__B1Sed10-29;c__B1Sed10-29;o__WALL01;f__WAMD01;g__WAMD01;s__WAMD01 sp964652335	GCA_964652335.1	95.0	d__Archaea;p__B1Sed10-29;c__B1Sed10-29;o__WALL01;f__WAMD01;g__WAMD01;s__WAMD01 sp964652335	99.89	0.958	N/A	N/A	N/A	N/A	N/A	N/A	ani_screen	classification based on ANI only	N/A	94.42	11	N/A	N/A
SAMN08776767_bin.69	SAMN08776767_bin.69	d__Archaea;p__Thermoplasmatota;c__Thermoplasmata;o__JAJSAE01;f__JAJSAE01;g__JAJSAE01;s__JAJSAE01 sp964552865	GCA_964552865.1	95.0	d__Archaea;p__Thermoplasmatota;c__Thermoplasmata;o__JAJSAE01;f__JAJSAE01;g__JAJSAE01;s__JAJSAE01 sp964552865	99.68	0.881	N/A	N/A	N/A	N/A	N/A	N/A	ani_screen	classification based on ANI only	N/A	92.38	11	N/A	N/A
SAMN08776767_bin.75	SAMN08776767_bin.75	d__Archaea;p__Thermoproteota;c__Nitrososphaeria_A;o__Caldarchaeales;f__Wolframiiraptoraceae;g__Wolframiiraptor;s__Wolframiiraptor sp964396455	GCA_964396455.1	95.0	d__Archaea;p__Thermoproteota;c__Nitrososphaeria_A;o__Caldarchaeales;f__Wolframiiraptoraceae;g__Wolframiiraptor;s__Wolframiiraptor sp964396455	99.74	0.977	N/A	N/A	N/A	N/A	N/A	N/A	ani_screen	classification based on ANI only	N/A	91.1	11	N/A	N/A
SAMN08777168_bin.29	SAMN08777168_bin.29	d__Archaea;p__Thermoplasmatota;c__Thermoplasmata;o__Thermoplasmatales;f__Aciduliprofundaceae;g__S014-41;s__S014-41 sp021160945	GCA_021160945.1	95.0	d__Archaea;p__Thermoplasmatota;c__Thermoplasmata;o__Thermoplasmatales;f__Aciduliprofundaceae;g__S014-41;s__S014-41 sp021160945	95.78	0.81	N/A	N/A	N/A	N/A	N/A	N/A	ani_screen	classification based on ANI only	N/A	98.01	11	N/A	N/A
SAMN08777169_bin.23	SAMN08777169_bin.23	d__Archaea;p__Thermoproteota;c__Bathyarchaeia;o__Bathyarchaeales;f__DTEX01;g__B63;s__	N/A	N/A	N/A	N/A	N/A	N/A	N/A	N/A	N/A	N/A	d__Archaea;p__Thermoproteota;c__Bathyarchaeia;o__Bathyarchaeales;f__DTEX01;g__B63;s__	taxonomic classification fully defined by topology	N/A	N/A	86.15	11	0.99415	N/A
SAMN08777169_bin.30	SAMN08777169_bin.30	d__Archaea;p__Thermoproteota;c__Bathyarchaeia;o__Bathyarchaeales;f__Bathycorpusculaceae;g__PIXZ01;s__PIXZ01 sp003601605	GCA_003601605.1	95.0	d__Archaea;p__Thermoproteota;c__Bathyarchaeia;o__Bathyarchaeales;f__Bathycorpusculaceae;g__PIXZ01;s__PIXZ01 sp003601605	99.04	0.879	N/A	N/A	N/A	N/A	N/A	N/A	ani_screen	classification based on ANI only	N/A	81.25	11	N/A	N/A
SAMN08777169_bin.57	SAMN08777169_bin.57	d__Archaea;p__Thermoproteota;c__Thermoprotei;o__Thermofilales;f__B9-G17;g__CAZKAY01;s__CAZKAY01 sp964550975	GCA_964550975.1	95.0	d__Archaea;p__Thermoproteota;c__Thermoprotei;o__Thermofilales;f__B9-G17;g__CAZKAY01;s__CAZKAY01 sp964550975	98.44	0.893	N/A	N/A	N/A	N/A	N/A	N/A	ani_screen	classification based on ANI only	N/A	88.37	11	N/A	N/A
SAMN08777169_bin.67	SAMN08777169_bin.67	d__Archaea;p__Thermoproteota;c__Bathyarchaeia;o__Bathyarchaeales;f__Bathycorpusculaceae;g__PIYA01;s__PIYA01 sp003601785	GCA_003601785.1	95.0	d__Archaea;p__Thermoproteota;c__Bathyarchaeia;o__Bathyarchaeales;f__Bathycorpusculaceae;g__PIYA01;s__PIYA01 sp003601785	99.14	0.888	N/A	N/A	N/A	N/A	N/A	N/A	ani_screen	classification based on ANI only	N/A	94.3	11	N/A	N/A
SAMN08777170_bin.9	SAMN08777170_bin.9	d__Archaea;p__Methanobacteriota_B;c__Thermococci;o__Thermococcales;f__Thermococcaceae;g__Thermococcus_A;s__Thermococcus_A sp964399725	GCA_964399725.1	95.0	d__Archaea;p__Methanobacteriota_B;c__Thermococci;o__Thermococcales;f__Thermococcaceae;g__Thermococcus_A;s__Thermococcus_A sp964399725	98.67	0.927	N/A	N/A	N/A	N/A	N/A	N/A	ani_screen	classification based on ANI only	N/A	98.17	11	N/A	N/A
SAMN08777171_bin.10	SAMN08777171_bin.10	d__Archaea;p__Thermoplasmatota;c__E2;o__DHVEG-1;f__B8-G13;g__B8-G13;s__B8-G13 sp003649745	GCA_003649745.1	95.0	d__Archaea;p__Thermoplasmatota;c__E2;o__DHVEG-1;f__B8-G13;g__B8-G13;s__B8-G13 sp003649745	98.73	0.809	N/A	N/A	N/A	N/A	N/A	N/A	ani_screen	classification based on ANI only	N/A	91.0	11	N/A	N/A
SAMN08777171_bin.51	SAMN08777171_bin.51	d__Archaea;p__Thermoproteota;c__Nitrososphaeria_A;o__Caldarchaeales;f__Wolframiiraptoraceae;g__Wolframiiraptor;s__Wolframiiraptor sp003660635	GCA_003660635.1	95.0	d__Archaea;p__Thermoproteota;c__Nitrososphaeria_A;o__Caldarchaeales;f__Wolframiiraptoraceae;g__Wolframiiraptor;s__Wolframiiraptor sp003660635	99.14	0.743	N/A	N/A	N/A	N/A	N/A	N/A	ani_screen	classification based on ANI only	N/A	85.79	11	N/A	N/A
SAMN08777171_bin.52	SAMN08777171_bin.52	d__Archaea;p__Thermoplasmatota;c__E2;o__DHVEG-1;f__B18-G2;g__CAYUOG01;s__CAYUOG01 sp964446335	GCA_964446335.1	95.0	d__Archaea;p__Thermoplasmatota;c__E2;o__DHVEG-1;f__B18-G2;g__CAYUOG01;s__CAYUOG01 sp964446335	98.09	0.891	N/A	N/A	N/A	N/A	N/A	N/A	ani_screen	classification based on ANI only	N/A	97.28	11	N/A	N/A
SAMN08777171_bin.54	SAMN08777171_bin.54	d__Archaea;p__Thermoproteota;c__Bathyarchaeia;o__Bathyarchaeales;f__B24-2;g__B24-2;s__B24-2 sp002490245	GCA_002490245.1	95.0	d__Archaea;p__Thermoproteota;c__Bathyarchaeia;o__Bathyarchaeales;f__B24-2;g__B24-2;s__B24-2 sp002490245	97.43	0.92	N/A	N/A	N/A	N/A	N/A	N/A	ani_screen	classification based on ANI only	N/A	85.49	11	N/A	N/A
SAMN08777171_bin.68	SAMN08777171_bin.68	d__Archaea;p__Thermoproteota;c__Thermoprotei;o__Thermofilales;f__B20-G17;g__B20-G17;s__B20-G17 sp964522205	GCA_964522205.1	95.0	d__Archaea;p__Thermoproteota;c__Thermoprotei;o__Thermofilales;f__B20-G17;g__B20-G17;s__B20-G17 sp964522205	97.61	0.908	N/A	N/A	N/A	N/A	N/A	N/A	ani_screen	classification based on ANI only	N/A	93.75	11	N/A	N/A
SAMN08777171_bin.76	SAMN08777171_bin.76	d__Archaea;p__Thermoproteota;c__Thermoprotei;o__Thermofilales;f__Thermofilaceae;g__JAGGXB01;s__JAGGXB01 sp021163245	GCA_021163245.1	95.0	d__Archaea;p__Thermoproteota;c__Thermoprotei;o__Thermofilales;f__Thermofilaceae;g__JAGGXB01;s__JAGGXB01 sp021163245	98.17	0.831	N/A	N/A	N/A	N/A	N/A	N/A	ani_screen	classification based on ANI only	N/A	91.37	11	N/A	N/A
SAMN08777288_bin.85	SAMN08777288_bin.85	d__Archaea;p__Thermoproteota;c__Bathyarchaeia;o__TCS64;f__TCS64;g__RBG-16-57-9;s__RBG-16-57-9 sp964462185	GCA_964462185.1	95.0	d__Archaea;p__Thermoproteota;c__Bathyarchaeia;o__TCS64;f__TCS64;g__RBG-16-57-9;s__RBG-16-57-9 sp964462185	98.72	0.961	N/A	N/A	N/A	N/A	N/A	N/A	ani_screen	classification based on ANI only	N/A	81.92	11	N/A	N/A
SAMN08777289_bin.23	SAMN08777289_bin.23	d__Archaea;p__Thermoplasmatota;c__Penumbrarchaeia;o__Penumbrarchaeales;f__Penumbrarchaeaceae;g__Penumbrarchaeum;s__Penumbrarchaeum sp002254385	GCA_002254385.1	95.0	d__Archaea;p__Thermoplasmatota;c__Penumbrarchaeia;o__Penumbrarchaeales;f__Penumbrarchaeaceae;g__Penumbrarchaeum;s__Penumbrarchaeum sp002254385	99.47	0.959	N/A	N/A	N/A	N/A	N/A	N/A	ani_screen	classification based on ANI only	N/A	94.8	11	N/A	N/A
SAMN08777289_bin.32	SAMN08777289_bin.32	d__Archaea;p__Altiarchaeota;c__Altiarchaeia;o__IMC4;f__QMZM01;g__EX4484-2;s__EX4484-2 sp002254405	GCA_002254405.1	95.0	d__Archaea;p__Altiarchaeota;c__Altiarchaeia;o__IMC4;f__QMZM01;g__EX4484-2;s__EX4484-2 sp002254405	99.88	0.93	N/A	N/A	N/A	N/A	N/A	N/A	ani_screen	classification based on ANI only	N/A	91.9	11	N/A	N/A
SAMN08777289_bin.94	SAMN08777289_bin.94	d__Archaea;p__Thermoproteota;c__Bathyarchaeia;o__TCS64;f__TCS64;g__RBG-16-57-9;s__RBG-16-57-9 sp937877765	GCA_965368285.1	95.0	d__Archaea;p__Thermoproteota;c__Bathyarchaeia;o__TCS64;f__TCS64;g__RBG-16-57-9;s__RBG-16-57-9 sp937877765	99.56	0.802	N/A	N/A	N/A	N/A	N/A	N/A	ani_screen	classification based on ANI only	N/A	80.18	11	N/A	N/A
SAMN08777292_bin.25	SAMN08777292_bin.25	d__Archaea;p__Thermoproteota;c__Bathyarchaeia;o__Bathyarchaeales;f__CAZOCN01;g__CAZOCN01;s__CAZOCN01 sp964578315	GCA_964578315.1	95.0	d__Archaea;p__Thermoproteota;c__Bathyarchaeia;o__Bathyarchaeales;f__CAZOCN01;g__CAZOCN01;s__CAZOCN01 sp964578315	99.23	0.88	N/A	N/A	N/A	N/A	N/A	N/A	ani_screen	classification based on ANI only	N/A	66.79	11	N/A	N/A
SAMN08777292_bin.29	SAMN08777292_bin.29	d__Archaea;p__Thermoproteota;c__Thermoprotei;o__Thermofilales;f__JAPDKD01;g__JAPDKD01;s__	N/A	N/A	N/A	N/A	N/A	N/A	N/A	N/A	N/A	N/A	d__Archaea;p__Thermoproteota;c__Thermoprotei;o__Thermofilales;f__JAPDKD01;g__;s__	taxonomic novelty determined using RED	N/A	N/A	79.38	11	0.98473	N/A
SAMN08777528_bin.20	SAMN08777528_bin.20	d__Archaea;p__Thermoproteota;c__Bathyarchaeia;o__Bathyarchaeales;f__DTEX01;g__B63;s__B63 sp003601725	GCA_003601725.1	95.0	d__Archaea;p__Thermoproteota;c__Bathyarchaeia;o__Bathyarchaeales;f__DTEX01;g__B63;s__B63 sp003601725	98.88	0.85	N/A	N/A	N/A	N/A	N/A	N/A	ani_screen	classification based on ANI only	N/A	73.43	11	N/A	N/A
SAMN08777528_bin.7	SAMN08777528_bin.7	d__Archaea;p__Thermoproteota;c__Methanomethylicia;o__Culexarchaeales;f__B10-G16;g__Culexmicrobium_B;s__Culexmicrobium_B thermophilum	GCA_025061095.1	95.0	d__Archaea;p__Thermoproteota;c__Methanomethylicia;o__Culexarchaeales;f__B10-G16;g__Culexmicrobium_B;s__Culexmicrobium_B thermophilum	99.61	0.932	N/A	N/A	N/A	N/A	N/A	N/A	ani_screen	classification based on ANI only	N/A	98.65	11	N/A	N/A
SAMN08777529_bin.19	SAMN08777529_bin.19	d__Archaea;p__Thermoproteota;c__CAYNNH01;o__CAYNNH01;f__CAYNNH01;g__CAYNNH01;s__CAYNNH01 sp964398605	GCA_964398605.1	95.0	d__Archaea;p__Thermoproteota;c__CAYNNH01;o__CAYNNH01;f__CAYNNH01;g__CAYNNH01;s__CAYNNH01 sp964398605	99.88	0.973	N/A	N/A	N/A	N/A	N/A	N/A	ani_screen	classification based on ANI only	N/A	89.27	11	N/A	N/A
SAMN08777529_bin.28	SAMN08777529_bin.28	d__Archaea;p__Thermoproteota;c__Bathyarchaeia;o__EX4484-135;f__EX4484-135;g__EX4484-135;s__EX4484-135 sp964399385	GCA_964399385.1	95.0	d__Archaea;p__Thermoproteota;c__Bathyarchaeia;o__EX4484-135;f__EX4484-135;g__EX4484-135;s__EX4484-135 sp964399385	99.43	0.893	N/A	N/A	N/A	N/A	N/A	N/A	ani_screen	classification based on ANI only	N/A	82.76	11	N/A	N/A
SAMN08777529_bin.32	SAMN08777529_bin.32	d__Archaea;p__Halobacteriota;c__Archaeoglobi;o__Archaeoglobales;f__Archaeoglobaceae;g__Archaeoglobus;s__Archaeoglobus sp029259455	GCA_029259455.1	95.0	d__Archaea;p__Halobacteriota;c__Archaeoglobi;o__Archaeoglobales;f__Archaeoglobaceae;g__Archaeoglobus;s__Archaeoglobus sp029259455	99.51	0.863	N/A	N/A	N/A	N/A	N/A	N/A	ani_screen	classification based on ANI only	N/A	93.02	11	N/A	N/A
SAMN08777530_bin.8	SAMN08777530_bin.8	d__Archaea;p__Thermoproteota;c__Thermoprotei_A;o__Sulfolobales;f__Desulfurococcaceae;g__CAZHDB01;s__CAZHDB01 sp964542295	GCA_964542295.1	95.0	d__Archaea;p__Thermoproteota;c__Thermoprotei_A;o__Sulfolobales;f__Desulfurococcaceae;g__CAZHDB01;s__CAZHDB01 sp964542295	99.08	0.94	N/A	N/A	N/A	N/A	N/A	N/A	ani_screen	classification based on ANI only	N/A	91.37	11	N/A	N/A
SAMN08779077_bin.29	SAMN08779077_bin.29	d__Archaea;p__Thermoproteota;c__Bathyarchaeia;o__Bathyarchaeales;f__UBA233;g__UBA233;s__UBA233 sp003661945	GCA_003661945.1	95.0	d__Archaea;p__Thermoproteota;c__Bathyarchaeia;o__Bathyarchaeales;f__UBA233;g__UBA233;s__UBA233 sp003661945	99.0	0.85	N/A	N/A	N/A	N/A	N/A	N/A	ani_screen	classification based on ANI only	N/A	96.27	11	N/A	N/A
SAMN08779077_bin.38	SAMN08779077_bin.38	d__Archaea;p__Methanobacteriota_B;c__Thermococci;o__Thermococcales;f__Thermococcaceae;g__Palaeococcus;s__Palaeococcus sp003663695	GCA_003663695.1	95.0	d__Archaea;p__Methanobacteriota_B;c__Thermococci;o__Thermococcales;f__Thermococcaceae;g__Palaeococcus;s__Palaeococcus sp003663695	99.32	0.86	N/A	N/A	N/A	N/A	N/A	N/A	ani_screen	classification based on ANI only	N/A	97.05	11	N/A	N/A
SAMN08779079_bin.13	SAMN08779079_bin.13	d__Archaea;p__Thermoproteota;c__Thermoprotei;o__Thermofilales;f__B15-G2;g__B15-G2;s__B15-G2 sp965367815	GCA_965367815.1	95.0	d__Archaea;p__Thermoproteota;c__Thermoprotei;o__Thermofilales;f__B15-G2;g__B15-G2;s__B15-G2 sp965367815	97.9	0.875	N/A	N/A	N/A	N/A	N/A	N/A	ani_screen	classification based on ANI only	N/A	94.21	11	N/A	N/A
SAMN08779079_bin.18	SAMN08779079_bin.18	d__Archaea;p__Thermoplasmatota;c__Thermoplasmata;o__Thermoplasmatales;f__CAYVVU01;g__CAYVVU01;s__CAYVVU01 sp964455305	GCA_964455305.1	95.0	d__Archaea;p__Thermoplasmatota;c__Thermoplasmata;o__Thermoplasmatales;f__CAYVVU01;g__CAYVVU01;s__CAYVVU01 sp964455305	97.8	0.777	N/A	N/A	N/A	N/A	N/A	N/A	ani_screen	classification based on ANI only	N/A	94.39	11	N/A	N/A
SAMN08779079_bin.22	SAMN08779079_bin.22	d__Archaea;p__Thermoproteota;c__Thermoprotei_A;o__Sulfolobales;f__Desulfurococcaceae;g__CAYZRH01;s__CAYZRH01 sp964480805	GCA_964480805.1	95.0	d__Archaea;p__Thermoproteota;c__Thermoprotei_A;o__Sulfolobales;f__Desulfurococcaceae;g__CAYZRH01;s__CAYZRH01 sp964480805	99.94	0.971	N/A	N/A	N/A	N/A	N/A	N/A	ani_screen	classification based on ANI only	N/A	97.25	11	N/A	N/A
SAMN08779079_bin.26	SAMN08779079_bin.26	d__Archaea;p__Thermoproteota;c__Bathyarchaeia;o__EX4484-135;f__EX4484-135;g__EX4484-135;s__EX4484-135 sp011040545	GCA_011040545.1	95.0	d__Archaea;p__Thermoproteota;c__Bathyarchaeia;o__EX4484-135;f__EX4484-135;g__EX4484-135;s__EX4484-135 sp011040545	98.23	0.927	N/A	N/A	N/A	N/A	N/A	N/A	ani_screen	classification based on ANI only	N/A	94.69	11	N/A	N/A
SAMN08779079_bin.3	SAMN08779079_bin.3	d__Archaea;p__Halobacteriota;c__Archaeoglobi;o__Archaeoglobales;f__Archaeoglobaceae;g__Archaeoglobus_B;s__Archaeoglobus_B sp964554855	GCA_964554855.1	95.0	d__Archaea;p__Halobacteriota;c__Archaeoglobi;o__Archaeoglobales;f__Archaeoglobaceae;g__Archaeoglobus_B;s__Archaeoglobus_B sp964554855	99.76	0.949	N/A	N/A	N/A	N/A	N/A	N/A	ani_screen	classification based on ANI only	N/A	94.25	11	N/A	N/A
SAMN08779079_bin.30	SAMN08779079_bin.30	d__Archaea;p__Thermoproteota;c__Thermoprotei;o__Thermofilales;f__CAYSTQ01;g__CAZCFI01;s__CAZCFI01 sp964497915	GCA_964497915.1	95.0	d__Archaea;p__Thermoproteota;c__Thermoprotei;o__Thermofilales;f__CAYSTQ01;g__CAZCFI01;s__CAZCFI01 sp964497915	99.85	0.913	N/A	N/A	N/A	N/A	N/A	N/A	ani_screen	classification based on ANI only	N/A	92.88	11	N/A	N/A
SAMN08779079_bin.37	SAMN08779079_bin.37	d__Archaea;p__Thermoproteota;c__Thermoprotei;o__Thermofilales;f__EX4484-15;g__EX4484-15;s__EX4484-15 sp002254595	GCA_002254595.1	95.0	d__Archaea;p__Thermoproteota;c__Thermoprotei;o__Thermofilales;f__EX4484-15;g__EX4484-15;s__EX4484-15 sp002254595	99.86	0.924	N/A	N/A	N/A	N/A	N/A	N/A	ani_screen	classification based on ANI only	N/A	95.17	11	N/A	N/A
SAMN08779079_bin.7	SAMN08779079_bin.7	d__Archaea;p__Thermoproteota;c__Bathyarchaeia;o__EX4484-135;f__EX4484-135;g__EX4484-135;s__EX4484-135 sp964585495	GCA_964585495.1	95.0	d__Archaea;p__Thermoproteota;c__Bathyarchaeia;o__EX4484-135;f__EX4484-135;g__EX4484-135;s__EX4484-135 sp964585495	99.65	0.902	N/A	N/A	N/A	N/A	N/A	N/A	ani_screen	classification based on ANI only	N/A	84.82	11	N/A	N/A
SAMN08779080_bin.17	SAMN08779080_bin.17	d__Archaea;p__Asgardarchaeota;c__Baldrarchaeia;o__Baldrarchaeales;f__DXJG01;g__DXJG01;s__	N/A	N/A	N/A	N/A	N/A	N/A	N/A	N/A	N/A	N/A	d__Archaea;p__Asgardarchaeota;c__Baldrarchaeia;o__Baldrarchaeales;f__DXJG01;g__DXJG01;s__	taxonomic classification fully defined by topology	N/A	N/A	71.34	11	0.98786	N/A
SAMN08779080_bin.62	SAMN08779080_bin.62	d__Archaea;p__Halobacteriota;c__Methanosarcinia;o__Methanosarcinales;f__Methanogasteraceae;g__Methanogaster_C;s__Methanogaster_C sp021159385	GCA_021159385.1	95.0	d__Archaea;p__Halobacteriota;c__Methanosarcinia;o__Methanosarcinales;f__Methanogasteraceae;g__Methanogaster_C;s__Methanogaster_C sp021159385	98.19	0.792	N/A	N/A	N/A	N/A	N/A	N/A	ani_screen	classification based on ANI only	N/A	90.68	11	N/A	N/A
SAMN08779102_bin.29	SAMN08779102_bin.29	d__Archaea;p__Thermoplasmatota;c__E2;o__UBA202;f__JdFR-43;g__JdFR-43;s__JdFR-43 sp964612535	GCA_964612535.1	95.0	d__Archaea;p__Thermoplasmatota;c__E2;o__UBA202;f__JdFR-43;g__JdFR-43;s__JdFR-43 sp964612535	99.16	0.9	N/A	N/A	N/A	N/A	N/A	N/A	ani_screen	classification based on ANI only	N/A	96.13	11	N/A	N/A
SAMN08779102_bin.44	SAMN08779102_bin.44	d__Archaea;p__Thermoproteota;c__Nitrososphaeria_A;o__Caldarchaeales;f__Wolframiiraptoraceae;g__Wolframiiraptor;s__	N/A	N/A	N/A	N/A	N/A	N/A	N/A	N/A	N/A	N/A	d__Archaea;p__Thermoproteota;c__Nitrososphaeria_A;o__Caldarchaeales;f__Wolframiiraptoraceae;g__Wolframiiraptor;s__	taxonomic classification fully defined by topology	N/A	N/A	91.3	11	0.94666	N/A
SAMN08779102_bin.7	SAMN08779102_bin.7	d__Archaea;p__Thermoproteota;c__Bathyarchaeia;o__Bathyarchaeales;f__B24-2;g__B24-2;s__B24-2 sp002490245	GCA_002490245.1	95.0	d__Archaea;p__Thermoproteota;c__Bathyarchaeia;o__Bathyarchaeales;f__B24-2;g__B24-2;s__B24-2 sp002490245	96.99	0.82	N/A	N/A	N/A	N/A	N/A	N/A	ani_screen	classification based on ANI only	N/A	87.21	11	N/A	N/A
SAMN08779105_bin.1	SAMN08779105_bin.1	d__Archaea;p__Thermoproteota;c__Bathyarchaeia;o__Bathyarchaeales;f__WUQV01;g__AUK093;s__	N/A	N/A	N/A	N/A	N/A	N/A	N/A	N/A	N/A	N/A	d__Archaea;p__Thermoproteota;c__Bathyarchaeia;o__Bathyarchaeales;f__WUQV01;g__;s__	taxonomic novelty determined using RED	N/A	N/A	92.68	11	0.98407	N/A
SAMN08779105_bin.13	SAMN08779105_bin.13	d__Archaea;p__Thermoproteota;c__Thermoprotei_A;o__Sulfolobales;f__NBVN01;g__B83-G16;s__B83-G16 sp021158735	GCA_021158735.1	95.0	d__Archaea;p__Thermoproteota;c__Thermoprotei_A;o__Sulfolobales;f__NBVN01;g__B83-G16;s__B83-G16 sp021158735	98.47	0.824	N/A	N/A	N/A	N/A	N/A	N/A	ani_screen	classification based on ANI only	N/A	82.6	11	N/A	N/A
SAMN08779106_bin.41	SAMN08779106_bin.41	d__Archaea;p__Thermoproteota;c__Thermoprotei;o__Thermofilales;f__B69-G16;g__B69-G16;s__B69-G16 sp003649235	GCA_003649235.1	95.0	d__Archaea;p__Thermoproteota;c__Thermoprotei;o__Thermofilales;f__B69-G16;g__B69-G16;s__B69-G16 sp003649235	99.79	0.799	N/A	N/A	N/A	N/A	N/A	N/A	ani_screen	classification based on ANI only	N/A	96.89	11	N/A	N/A
SAMN08779106_bin.5	SAMN08779106_bin.5	d__Archaea;p__Halobacteriota;c__Archaeoglobi;o__Archaeoglobales;f__Archaeoglobaceae;g__Archaeoglobus_A;s__Archaeoglobus_A sp003662985	GCA_965613355.1	95.0	d__Archaea;p__Halobacteriota;c__Archaeoglobi;o__Archaeoglobales;f__Archaeoglobaceae;g__Archaeoglobus_A;s__Archaeoglobus_A sp003662985	98.65	0.846	N/A	N/A	N/A	N/A	N/A	N/A	ani_screen	classification based on ANI only	N/A	99.06	11	N/A	N/A
SAMN08779106_bin.6	SAMN08779106_bin.6	d__Archaea;p__Korarchaeota;c__Korarchaeia;o__Korarchaeales;f__Korarchaeaceae;g__Korarchaeum;s__Korarchaeum sp021158805	GCA_021158805.1	95.0	d__Archaea;p__Korarchaeota;c__Korarchaeia;o__Korarchaeales;f__Korarchaeaceae;g__Korarchaeum;s__Korarchaeum sp021158805	98.79	0.825	N/A	N/A	N/A	N/A	N/A	N/A	ani_screen	classification based on ANI only	N/A	79.51	11	N/A	N/A
SAMN08779106_bin.60	SAMN08779106_bin.60	d__Archaea;p__Thermoproteota;c__Thermoprotei;o__QMSL01;f__B3-G16;g__JAGGXX01;s__JAGGXX01 sp021162845	GCA_021162845.1	95.0	d__Archaea;p__Thermoproteota;c__Thermoprotei;o__QMSL01;f__B3-G16;g__JAGGXX01;s__JAGGXX01 sp021162845	98.0	0.932	N/A	N/A	N/A	N/A	N/A	N/A	ani_screen	classification based on ANI only	N/A	93.59	11	N/A	N/A
SAMN08779106_bin.88	SAMN08779106_bin.88	d__Archaea;p__Thermoproteota;c__Bathyarchaeia;o__Hecatellales;f__Hecatellaceae;g__B25;s__B25 sp003662305	GCA_003662305.1	95.0	d__Archaea;p__Thermoproteota;c__Bathyarchaeia;o__Hecatellales;f__Hecatellaceae;g__B25;s__B25 sp003662305	99.48	0.896	N/A	N/A	N/A	N/A	N/A	N/A	ani_screen	classification based on ANI only	N/A	94.76	11	N/A	N/A
SAMN08779110_bin.15	SAMN08779110_bin.15	d__Archaea;p__Thermoproteota;c__Thermoprotei;o__Thermofilales;f__Thermofilaceae;g__CAZKLN01;s__CAZKLN01 sp964553765	GCA_964553765.1	95.0	d__Archaea;p__Thermoproteota;c__Thermoprotei;o__Thermofilales;f__Thermofilaceae;g__CAZKLN01;s__CAZKLN01 sp964553765	99.79	0.963	N/A	N/A	N/A	N/A	N/A	N/A	ani_screen	classification based on ANI only	N/A	94.37	11	N/A	N/A
SAMN08779110_bin.19	SAMN08779110_bin.19	d__Archaea;p__Thermoproteota;c__Thermoprotei;o__Thermofilales;f__B69-G16;g__B69-G16;s__B69-G16 sp964501905	GCA_964501905.1	95.0	d__Archaea;p__Thermoproteota;c__Thermoprotei;o__Thermofilales;f__B69-G16;g__B69-G16;s__B69-G16 sp964501905	99.88	0.918	N/A	N/A	N/A	N/A	N/A	N/A	ani_screen	classification based on ANI only	N/A	95.24	11	N/A	N/A
SAMN08779110_bin.30	SAMN08779110_bin.30	d__Archaea;p__Thermoproteota;c__Bathyarchaeia;o__Hecatellales;f__Hecatellaceae;g__CAZMUQ01;s__CAZMUQ01 sp964569845	GCA_964569845.1	95.0	d__Archaea;p__Thermoproteota;c__Bathyarchaeia;o__Hecatellales;f__Hecatellaceae;g__CAZMUQ01;s__CAZMUQ01 sp964569845	97.9	0.86	N/A	N/A	N/A	N/A	N/A	N/A	ani_screen	classification based on ANI only	N/A	92.4	11	N/A	N/A
SAMN08779110_bin.37	SAMN08779110_bin.37	d__Archaea;p__Thermoproteota;c__Thermoprotei;o__Thermofilales;f__B69-G16;g__;s__	N/A	N/A	N/A	N/A	N/A	N/A	N/A	N/A	N/A	N/A	d__Archaea;p__Thermoproteota;c__Thermoprotei;o__Thermofilales;f__;g__;s__	taxonomic novelty determined using RED	N/A	N/A	69.76	11	0.74947	N/A
SAMN08779110_bin.5	SAMN08779110_bin.5	d__Archaea;p__Thermoproteota;c__Methanomethylicia;o__Culexarchaeales;f__Culexmicrobiaceae;g__CAYWZQ01;s__CAYWZQ01 sp964462875	GCA_964462875.1	95.0	d__Archaea;p__Thermoproteota;c__Methanomethylicia;o__Culexarchaeales;f__Culexmicrobiaceae;g__CAYWZQ01;s__CAYWZQ01 sp964462875	99.96	0.995	N/A	N/A	N/A	N/A	N/A	N/A	ani_screen	classification based on ANI only	N/A	96.8	11	N/A	N/A
SAMN08779110_bin.54	SAMN08779110_bin.54	d__Archaea;p__Halobacteriota;c__Archaeoglobi;o__Archaeoglobales;f__Archaeoglobaceae;g__Archaeoglobus_B;s__	N/A	N/A	N/A	N/A	N/A	N/A	N/A	N/A	N/A	N/A	d__Archaea;p__Halobacteriota;c__Archaeoglobi;o__Archaeoglobales;f__Archaeoglobaceae;g__Archaeoglobus_B;s__	taxonomic classification fully defined by topology	N/A	N/A	95.63	11	0.98998	N/A
SAMN08779110_bin.56	SAMN08779110_bin.56	d__Archaea;p__Halobacteriota;c__Archaeoglobi;o__Archaeoglobales;f__Archaeoglobaceae;g__Archaeoglobus_C;s__Archaeoglobus_C sp003663055	GCA_003663055.1	95.0	d__Archaea;p__Halobacteriota;c__Archaeoglobi;o__Archaeoglobales;f__Archaeoglobaceae;g__Archaeoglobus_C;s__Archaeoglobus_C sp003663055	98.13	0.782	N/A	N/A	N/A	N/A	N/A	N/A	ani_screen	classification based on ANI only	N/A	95.38	11	N/A	N/A
SAMN08779110_bin.59	SAMN08779110_bin.59	d__Archaea;p__Thermoproteota;c__Thermoprotei;o__Thermoproteales;f__Thermocladiaceae;g__CAYMHS01;s__CAYMHS01 sp964390355	GCA_964390355.1	95.0	d__Archaea;p__Thermoproteota;c__Thermoprotei;o__Thermoproteales;f__Thermocladiaceae;g__CAYMHS01;s__CAYMHS01 sp964390355	99.99	1.0	N/A	N/A	N/A	N/A	N/A	N/A	ani_screen	classification based on ANI only	N/A	90.8	11	N/A	N/A
SAMN08779110_bin.75	SAMN08779110_bin.75	d__Archaea;p__Thermoproteota;c__Thermoprotei_A;o__Sulfolobales;f__WANQ01;g__CAYXRT01;s__CAYXRT01 sp964467535	GCA_964467535.1	95.0	d__Archaea;p__Thermoproteota;c__Thermoprotei_A;o__Sulfolobales;f__WANQ01;g__CAYXRT01;s__CAYXRT01 sp964467535	99.85	0.981	N/A	N/A	N/A	N/A	N/A	N/A	ani_screen	classification based on ANI only	N/A	98.05	11	N/A	N/A
SAMN08779110_bin.76	SAMN08779110_bin.76	d__Archaea;p__Thermoproteota;c__Thermoprotei;o__Thermofilales;f__JAPDKD01;g__CAZFWY01;s__CAZFWY01 sp964522715	GCA_964522715.1	95.0	d__Archaea;p__Thermoproteota;c__Thermoprotei;o__Thermofilales;f__JAPDKD01;g__CAZFWY01;s__CAZFWY01 sp964522715	99.74	0.933	N/A	N/A	N/A	N/A	N/A	N/A	ani_screen	classification based on ANI only	N/A	88.56	11	N/A	N/A
SAMN08779110_bin.77	SAMN08779110_bin.77	d__Archaea;p__Thermoproteota;c__Thermoprotei_A;o__Sulfolobales;f__CAZFJX01;g__CAZFJX01;s__CAZFJX01 sp964519505	GCA_964519505.1	95.0	d__Archaea;p__Thermoproteota;c__Thermoprotei_A;o__Sulfolobales;f__CAZFJX01;g__CAZFJX01;s__CAZFJX01 sp964519505	99.94	0.955	N/A	N/A	N/A	N/A	N/A	N/A	ani_screen	classification based on ANI only	N/A	94.37	11	N/A	N/A
SAMN08779110_bin.79	SAMN08779110_bin.79	d__Archaea;p__Thermoproteota;c__QMWL01;o__QMWL01;f__QMWL01;g__QMWL01;s__QMWL01 sp003661605	GCA_003661605.2	95.0	d__Archaea;p__Thermoproteota;c__QMWL01;o__QMWL01;f__QMWL01;g__QMWL01;s__QMWL01 sp003661605	98.84	0.858	N/A	N/A	N/A	N/A	N/A	N/A	ani_screen	classification based on ANI only	N/A	85.37	11	N/A	N/A
SAMN08779110_bin.82	SAMN08779110_bin.82	d__Archaea;p__Thermoproteota;c__Nitrososphaeria;o__Geothermarchaeales;f__JDFR-13;g__CAYTHX01;s__CAYTHX01 sp964437705	GCA_964437705.1	95.0	d__Archaea;p__Thermoproteota;c__Nitrososphaeria;o__Geothermarchaeales;f__JDFR-13;g__CAYTHX01;s__CAYTHX01 sp964437705	99.75	0.965	N/A	N/A	N/A	N/A	N/A	N/A	ani_screen	classification based on ANI only	N/A	92.45	11	N/A	N/A
SAMN08779268_bin.10	SAMN08779268_bin.10	d__Archaea;p__Thermoproteota;c__Thermoprotei_A;o__Sulfolobales;f__Ignisphaeraceae;g__CAZUDD01;s__CAZUDD01 sp964619665	GCA_964619665.1	95.0	d__Archaea;p__Thermoproteota;c__Thermoprotei_A;o__Sulfolobales;f__Ignisphaeraceae;g__CAZUDD01;s__CAZUDD01 sp964619665	99.97	0.961	N/A	N/A	N/A	N/A	N/A	N/A	ani_screen	classification based on ANI only	N/A	77.68	11	N/A	N/A
SAMN08779268_bin.5	SAMN08779268_bin.5	d__Archaea;p__Asgardarchaeota;c__Baldrarchaeia;o__Baldrarchaeales;f__Baldrarchaeaceae;g__Baldrarchaeum;s__Baldrarchaeum yapensis	GCA_016840465.1	95.0	d__Archaea;p__Asgardarchaeota;c__Baldrarchaeia;o__Baldrarchaeales;f__Baldrarchaeaceae;g__Baldrarchaeum;s__Baldrarchaeum yapensis	99.72	0.96	N/A	N/A	N/A	N/A	N/A	N/A	ani_screen	classification based on ANI only	N/A	89.36	11	N/A	N/A
SAMN09060587_bin.16	SAMN09060587_bin.16	d__Archaea;p__Thermoplasmatota;c__Thermoplasmata;o__Thermoplasmatales;f__Aciduliprofundaceae;g__Aciduliprofundum;s__Aciduliprofundum sp964465785	GCA_964465785.1	95.0	d__Archaea;p__Thermoplasmatota;c__Thermoplasmata;o__Thermoplasmatales;f__Aciduliprofundaceae;g__Aciduliprofundum;s__Aciduliprofundum sp964465785	99.7	0.947	N/A	N/A	N/A	N/A	N/A	N/A	ani_screen	classification based on ANI only	N/A	87.85	11	N/A	N/A
SAMN09060587_bin.30	SAMN09060587_bin.30	d__Archaea;p__Thermoproteota;c__Thermoprotei_A;o__Sulfolobales;f__Pyrodictiaceae;g__QNYQ01;s__QNYQ01 sp003978665	GCA_003978665.1	95.0	d__Archaea;p__Thermoproteota;c__Thermoprotei_A;o__Sulfolobales;f__Pyrodictiaceae;g__QNYQ01;s__QNYQ01 sp003978665	99.77	0.957	N/A	N/A	N/A	N/A	N/A	N/A	ani_screen	classification based on ANI only	N/A	98.51	11	N/A	N/A
SAMN09060589_bin.18	SAMN09060589_bin.18	d__Archaea;p__Halobacteriota;c__Archaeoglobi;o__Archaeoglobales;f__Archaeoglobaceae;g__WAPX01;s__WAPX01 sp003978865	GCA_003978865.1	95.0	d__Archaea;p__Halobacteriota;c__Archaeoglobi;o__Archaeoglobales;f__Archaeoglobaceae;g__WAPX01;s__WAPX01 sp003978865	99.63	0.937	N/A	N/A	N/A	N/A	N/A	N/A	ani_screen	classification based on ANI only	N/A	98.92	11	N/A	N/A
SAMN09093794_bin.44	SAMN09093794_bin.44	d__Archaea;p__Thermoproteota;c__Nitrososphaeria_A;o__Caldarchaeales;f__Wolframiiraptoraceae;g__Benthortus;s__Benthortus sp964531465	GCA_964531465.1	95.0	d__Archaea;p__Thermoproteota;c__Nitrososphaeria_A;o__Caldarchaeales;f__Wolframiiraptoraceae;g__Benthortus;s__Benthortus sp964531465	99.95	0.982	N/A	N/A	N/A	N/A	N/A	N/A	ani_screen	classification based on ANI only	N/A	84.89	11	N/A	N/A
SAMN09093794_bin.96	SAMN09093794_bin.96	d__Archaea;p__Thermoproteota;c__Nitrososphaeria;o__Geothermarchaeales;f__JDFR-13;g__SZUA-1514;s__SZUA-1514 sp964529905	GCA_964529905.1	95.0	d__Archaea;p__Thermoproteota;c__Nitrososphaeria;o__Geothermarchaeales;f__JDFR-13;g__SZUA-1514;s__SZUA-1514 sp964529905	99.91	0.928	N/A	N/A	N/A	N/A	N/A	N/A	ani_screen	classification based on ANI only	N/A	89.31	11	N/A	N/A
SAMN09093795_bin.130	SAMN09093795_bin.130	d__Archaea;p__Thermoproteota;c__Thermoprotei_A;o__Sulfolobales;f__Pyrodictiaceae;g__JALTYD01;s__	N/A	N/A	N/A	N/A	N/A	N/A	N/A	N/A	N/A	N/A	d__Archaea;p__Thermoproteota;c__Thermoprotei_A;o__Sulfolobales;f__Pyrodictiaceae;g__;s__	taxonomic novelty determined using RED	N/A	N/A	92.45	11	0.98289	N/A
SAMN09093795_bin.55	SAMN09093795_bin.55	d__Archaea;p__Thermoproteota;c__Thermoprotei_A;o__Sulfolobales;f__Acidilobaceae;g__Aeropyrum;s__	N/A	N/A	N/A	N/A	N/A	N/A	N/A	N/A	N/A	N/A	d__Archaea;p__Thermoproteota;c__Thermoprotei_A;o__Sulfolobales;f__Acidilobaceae;g__Aeropyrum;s__	taxonomic classification fully defined by topology	N/A	N/A	71.98	11	0.93284	N/A
SAMN09093795_bin.72	SAMN09093795_bin.72	d__Archaea;p__Hydrothermarchaeota;c__Hydrothermarchaeia;o__Hydrothermarchaeales;f__BMS3B;g__JAADFH01;s__JAADFH01 sp026989875	GCA_026989875.1	95.0	d__Archaea;p__Hydrothermarchaeota;c__Hydrothermarchaeia;o__Hydrothermarchaeales;f__BMS3B;g__JAADFH01;s__JAADFH01 sp026989875	99.89	0.987	N/A	N/A	N/A	N/A	N/A	N/A	ani_screen	classification based on ANI only	N/A	92.42	11	N/A	N/A
SAMN09093798_bin.11	SAMN09093798_bin.11	d__Archaea;p__Methanobacteriota_B;c__Thermococci;o__Thermococcales;f__Thermococcaceae;g__Thermococcus;s__Thermococcus sp027023865	GCF_027023865.1	95.0	d__Archaea;p__Methanobacteriota_B;c__Thermococci;o__Thermococcales;f__Thermococcaceae;g__Thermococcus;s__Thermococcus sp027023865	99.88	0.972	N/A	N/A	N/A	N/A	N/A	N/A	ani_screen	classification based on ANI only	N/A	98.01	11	N/A	N/A
SAMN09093798_bin.60	SAMN09093798_bin.60	d__Archaea;p__Thermoproteota;c__Thermoprotei_A;o__Sulfolobales;f__Acidilobaceae;g__Caldisphaera;s__Caldisphaera acidicharens	GCA_035161305.1	95.0	d__Archaea;p__Thermoproteota;c__Thermoprotei_A;o__Sulfolobales;f__Acidilobaceae;g__Caldisphaera;s__Caldisphaera acidicharens	99.85	0.987	N/A	N/A	N/A	N/A	N/A	N/A	ani_screen	classification based on ANI only	N/A	96.48	11	N/A	N/A
SAMN09093798_bin.72	SAMN09093798_bin.72	d__Archaea;p__Thermoplasmatota;c__Thermoplasmata;o__Thermoplasmatales;f__Thermoplasmataceae;g__WAQW01;s__WAQW01 sp015520045	GCA_015520045.1	95.0	d__Archaea;p__Thermoplasmatota;c__Thermoplasmata;o__Thermoplasmatales;f__Thermoplasmataceae;g__WAQW01;s__WAQW01 sp015520045	97.11	0.922	N/A	N/A	N/A	N/A	N/A	N/A	ani_screen	classification based on ANI only	N/A	97.73	11	N/A	N/A
SAMN09094696_bin.13	SAMN09094696_bin.13	d__Archaea;p__JAADCQ01;c__Methanopyri;o__Methanopyrales;f__Methanopyraceae;g__Methanopyrus;s__Methanopyrus sp013154335	GCA_013154335.1	95.0	d__Archaea;p__JAADCQ01;c__Methanopyri;o__Methanopyrales;f__Methanopyraceae;g__Methanopyrus;s__Methanopyrus sp013154335	99.73	0.982	N/A	N/A	N/A	N/A	N/A	N/A	ani_screen	classification based on ANI only	N/A	81.71	11	N/A	N/A
SAMN09094696_bin.32	SAMN09094696_bin.32	d__Archaea;p__Asgardarchaeota;c__Heimdallarchaeia;o__Heimdallarchaeales;f__JAJRWK01;g__JAJRWK01;s__JAJRWK01 sp027061945	GCA_027061945.1	95.0	d__Archaea;p__Asgardarchaeota;c__Heimdallarchaeia;o__Heimdallarchaeales;f__JAJRWK01;g__JAJRWK01;s__JAJRWK01 sp027061945	99.98	0.882	N/A	N/A	N/A	N/A	N/A	N/A	ani_screen	classification based on ANI only	N/A	93.04	11	N/A	N/A
SAMN09094696_bin.66	SAMN09094696_bin.66	d__Archaea;p__Korarchaeota;c__Korarchaeia;o__Korarchaeales;f__Korarchaeaceae;g__Korarchaeum;s__Korarchaeum sp027061785	GCA_027061785.1	95.0	d__Archaea;p__Korarchaeota;c__Korarchaeia;o__Korarchaeales;f__Korarchaeaceae;g__Korarchaeum;s__Korarchaeum sp027061785	99.92	0.993	N/A	N/A	N/A	N/A	N/A	N/A	ani_screen	classification based on ANI only	GCA_027061785.1, s__Korarchaeum sp027061785, 95.0, 99.92, 0.993; GCA_030130125.1, s__Korarchaeum sp030130125, 95.0, 88.43, 0.581; GCA_027491395.1, s__Korarchaeum sp027491395, 95.0, 88.24, 0.534; GCA_026986575.1, s__Korarchaeum sp026986575, 95.0, 88.09, 0.52	91.35	11	N/A	N/A
SAMN09094696_bin.77	SAMN09094696_bin.77	d__Archaea;p__Halobacteriota;c__Archaeoglobi;o__Archaeoglobales;f__Archaeoglobaceae;g__B5-G16;s__	N/A	N/A	N/A	N/A	N/A	N/A	N/A	N/A	N/A	N/A	d__Archaea;p__Halobacteriota;c__Archaeoglobi;o__Archaeoglobales;f__Archaeoglobaceae;g__;s__	taxonomic novelty determined using RED	N/A	N/A	75.56	11	0.9314	N/A
SAMN09094696_bin.98	SAMN09094696_bin.98	d__Archaea;p__Thermoproteota;c__Thermoprotei_A;o__Sulfolobales;f__Desulfurococcaceae;g__JAADCY01;s__JAADCY01 sp027067785	GCA_027067785.1	95.0	d__Archaea;p__Thermoproteota;c__Thermoprotei_A;o__Sulfolobales;f__Desulfurococcaceae;g__JAADCY01;s__JAADCY01 sp027067785	99.82	0.883	N/A	N/A	N/A	N/A	N/A	N/A	ani_screen	classification based on ANI only	N/A	89.68	11	N/A	N/A
SAMN09094698_bin.14	SAMN09094698_bin.14	d__Archaea;p__Halobacteriota;c__Archaeoglobi;o__Archaeoglobales;f__Archaeoglobaceae;g__WAPX01;s__WAPX01 sp026988525	GCA_026988525.1	95.0	d__Archaea;p__Halobacteriota;c__Archaeoglobi;o__Archaeoglobales;f__Archaeoglobaceae;g__WAPX01;s__WAPX01 sp026988525	99.93	0.975	N/A	N/A	N/A	N/A	N/A	N/A	ani_screen	classification based on ANI only	N/A	98.95	11	N/A	N/A
SAMN09094698_bin.23	SAMN09094698_bin.23	d__Archaea;p__AGJL01;c__Methanococci;o__Methanococcales;f__Methanococcaceae;g__;s__	N/A	N/A	N/A	N/A	N/A	N/A	N/A	N/A	N/A	N/A	d__Archaea;p__AGJL01;c__Methanococci;o__Methanococcales;f__Methanococcaceae;g__;s__	taxonomic novelty determined using RED	N/A	N/A	94.83	11	0.85027	N/A
SAMN09094698_bin.33	SAMN09094698_bin.33	d__Archaea;p__AGJL01;c__Methanococci;o__Methanococcales;f__Methanococcaceae;g__Methanofervidicoccus;s__	N/A	N/A	N/A	N/A	N/A	N/A	N/A	N/A	N/A	N/A	d__Archaea;p__AGJL01;c__Methanococci;o__Methanococcales;f__Methanococcaceae;g__Methanofervidicoccus;s__	taxonomic classification fully defined by topology	N/A	N/A	88.51	11	0.96504	N/A
SAMN09094698_bin.4	SAMN09094698_bin.4	d__Archaea;p__Methanobacteriota_B;c__Thermococci;o__Thermococcales;f__Thermococcaceae;g__Thermococcus;s__Thermococcus sp026988555	GCF_026988555.1	95.0	d__Archaea;p__Methanobacteriota_B;c__Thermococci;o__Thermococcales;f__Thermococcaceae;g__Thermococcus;s__Thermococcus sp026988555	99.94	0.958	N/A	N/A	N/A	N/A	N/A	N/A	ani_screen	classification based on ANI only	N/A	98.28	11	N/A	N/A
SAMN09094698_bin.83	SAMN09094698_bin.83	d__Archaea;p__Thermoproteota;c__Thermoprotei_A;o__Sulfolobales;f__NBVN01;g__WAOL01;s__	N/A	N/A	N/A	N/A	N/A	N/A	N/A	N/A	N/A	N/A	d__Archaea;p__Thermoproteota;c__Thermoprotei_A;o__Sulfolobales;f__NBVN01;g__WAOL01;s__	taxonomic classification fully defined by topology	N/A	N/A	91.97	11	0.99236	N/A
SAMN09094699_bin.15	SAMN09094699_bin.15	d__Archaea;p__Thermoproteota;c__Thermoprotei_A;o__Sulfolobales;f__NBVN01;g__WAOL01;s__WAOL01 sp027064885	GCA_027064885.1	95.0	d__Archaea;p__Thermoproteota;c__Thermoprotei_A;o__Sulfolobales;f__NBVN01;g__WAOL01;s__WAOL01 sp027064885	99.86	0.895	N/A	N/A	N/A	N/A	N/A	N/A	ani_screen	classification based on ANI only	N/A	93.27	11	N/A	N/A
SAMN09094699_bin.30	SAMN09094699_bin.30	d__Archaea;p__AGJL01;c__Methanococci;o__Methanococcales;f__Methanocaldococcaceae;g__Methanocaldococcus;s__Methanocaldococcus sp027068365	GCA_027068365.1	95.0	d__Archaea;p__AGJL01;c__Methanococci;o__Methanococcales;f__Methanocaldococcaceae;g__Methanocaldococcus;s__Methanocaldococcus sp027068365	97.79	0.786	N/A	N/A	N/A	N/A	N/A	N/A	ani_screen	classification based on ANI only	N/A	69.51	11	N/A	N/A
SAMN09094699_bin.76	SAMN09094699_bin.76	d__Archaea;p__AGJL01;c__Methanococci;o__Methanococcales;f__Methanococcaceae;g__Methanofervidicoccus;s__	N/A	N/A	N/A	N/A	N/A	N/A	N/A	N/A	N/A	N/A	d__Archaea;p__AGJL01;c__Methanococci;o__Methanococcales;f__Methanococcaceae;g__Methanofervidicoccus;s__	taxonomic classification fully defined by topology	N/A	N/A	92.01	11	0.91277	N/A
SAMN09094699_bin.79	SAMN09094699_bin.79	d__Archaea;p__Halobacteriota;c__Archaeoglobi;o__Archaeoglobales;f__Archaeoglobaceae;g__Archaeoglobus_B;s__	N/A	N/A	N/A	N/A	N/A	N/A	N/A	N/A	N/A	N/A	d__Archaea;p__Halobacteriota;c__Archaeoglobi;o__Archaeoglobales;f__Archaeoglobaceae;g__Archaeoglobus_B;s__	taxonomic classification fully defined by topology	N/A	N/A	85.9	11	0.98014	N/A
SAMN09094699_bin.92	SAMN09094699_bin.92	d__Archaea;p__Thermoproteota;c__Thermoprotei_A;o__Sulfolobales;f__Ignisphaeraceae;g__JAADCV01;s__JAADCV01 sp027066265	GCA_027066265.1	95.0	d__Archaea;p__Thermoproteota;c__Thermoprotei_A;o__Sulfolobales;f__Ignisphaeraceae;g__JAADCV01;s__JAADCV01 sp027066265	99.89	0.956	N/A	N/A	N/A	N/A	N/A	N/A	ani_screen	classification based on ANI only	N/A	94.03	11	N/A	N/A
SAMN09094699_bin.93	SAMN09094699_bin.93	d__Archaea;p__Thermoproteota;c__Thermoprotei_A;o__Sulfolobales;f__Ignisphaeraceae;g__;s__	N/A	N/A	N/A	N/A	N/A	N/A	N/A	N/A	N/A	N/A	d__Archaea;p__Thermoproteota;c__Thermoprotei_A;o__Sulfolobales;f__Ignisphaeraceae;g__;s__	taxonomic classification fully defined by topology	N/A	N/A	80.68	11	0.8079	N/A
SAMN09094699_bin.96	SAMN09094699_bin.96	d__Archaea;p__Halobacteriota;c__Archaeoglobi;o__Archaeoglobales;f__Archaeoglobaceae;g__WAKM01;s__WAKM01 sp027064525	GCA_027064525.1	95.0	d__Archaea;p__Halobacteriota;c__Archaeoglobi;o__Archaeoglobales;f__Archaeoglobaceae;g__WAKM01;s__WAKM01 sp027064525	99.94	0.983	N/A	N/A	N/A	N/A	N/A	N/A	ani_screen	classification based on ANI only	N/A	98.83	11	N/A	N/A
SAMN09200248_bin.38	SAMN09200248_bin.38	d__Archaea;p__Thermoproteota;c__Nitrososphaeria_A;o__Caldarchaeales;f__Wolframiiraptoraceae;g__Benthortus;s__Benthortus sp964440495	GCA_964440495.1	95.0	d__Archaea;p__Thermoproteota;c__Nitrososphaeria_A;o__Caldarchaeales;f__Wolframiiraptoraceae;g__Benthortus;s__Benthortus sp964440495	99.6	0.951	N/A	N/A	N/A	N/A	N/A	N/A	ani_screen	classification based on ANI only	N/A	93.09	11	N/A	N/A
SAMN09200248_bin.39	SAMN09200248_bin.39	d__Archaea;p__Thermoproteota;c__Bathyarchaeia;o__TCS64;f__B23;g__B23;s__B23 sp964525955	GCA_964525955.1	95.0	d__Archaea;p__Thermoproteota;c__Bathyarchaeia;o__TCS64;f__B23;g__B23;s__B23 sp964525955	99.72	0.909	N/A	N/A	N/A	N/A	N/A	N/A	ani_screen	classification based on ANI only	N/A	79.06	11	N/A	Genome has more than 11.3% of markers with multiple hits
SAMN09710605_bin.2	SAMN09710605_bin.2	d__Archaea;p__Thermoproteota;c__Nitrososphaeria;o__Nitrososphaerales;f__Nitrosopumilaceae;g__Nitrosopumilus;s__Nitrosopumilus sp013215285	GCA_013215285.1	95.0	d__Archaea;p__Thermoproteota;c__Nitrososphaeria;o__Nitrososphaerales;f__Nitrosopumilaceae;g__Nitrosopumilus;s__Nitrosopumilus sp013215285	99.96	0.992	N/A	N/A	N/A	N/A	N/A	N/A	ani_screen	classification based on ANI only	N/A	81.76	11	N/A	N/A
SAMN10350644_bin.82	SAMN10350644_bin.82	d__Archaea;p__Thermoproteota;c__Thermoprotei;o__Thermoproteales;f__Thermocladiaceae;g__JAADER01;s__JAADER01 sp027068725	GCA_027068725.1	95.0	d__Archaea;p__Thermoproteota;c__Thermoprotei;o__Thermoproteales;f__Thermocladiaceae;g__JAADER01;s__JAADER01 sp027068725	99.77	0.937	N/A	N/A	N/A	N/A	N/A	N/A	ani_screen	classification based on ANI only	N/A	85.79	11	N/A	N/A
SAMN10350644_bin.88	SAMN10350644_bin.88	d__Archaea;p__Methanobacteriota_B;c__Thermococci;o__Thermococcales;f__Thermococcaceae;g__Thermococcus;s__	N/A	N/A	N/A	N/A	N/A	N/A	N/A	N/A	N/A	N/A	d__Archaea;p__Methanobacteriota_B;c__Thermococci;o__Thermococcales;f__Thermococcaceae;g__Thermococcus;s__	taxonomic classification fully defined by topology	N/A	N/A	99.36	11	0.99512	N/A
SAMN10350645_bin.113	SAMN10350645_bin.113	d__Archaea;p__Thermoproteota;c__Thermoprotei_A;o__Sulfolobales;f__Pyrodictiaceae;g__Pyrolobus;s__Pyrolobus sp964613695	GCA_964613695.1	95.0	d__Archaea;p__Thermoproteota;c__Thermoprotei_A;o__Sulfolobales;f__Pyrodictiaceae;g__Pyrolobus;s__Pyrolobus sp964613695	99.62	0.948	N/A	N/A	N/A	N/A	N/A	N/A	ani_screen	classification based on ANI only	N/A	85.17	11	N/A	N/A
SAMN10350645_bin.135	SAMN10350645_bin.135	d__Archaea;p__Thermoplasmatota;c__Thermoplasmata;o__Thermoplasmatales;f__Aciduliprofundaceae;g__JAADDK01;s__JAADDK01 sp026986135	GCA_026986135.1	95.0	d__Archaea;p__Thermoplasmatota;c__Thermoplasmata;o__Thermoplasmatales;f__Aciduliprofundaceae;g__JAADDK01;s__JAADDK01 sp026986135	99.77	0.952	N/A	N/A	N/A	N/A	N/A	N/A	ani_screen	classification based on ANI only	N/A	98.03	11	N/A	N/A
SAMN10350645_bin.148	SAMN10350645_bin.148	d__Archaea;p__Korarchaeota;c__Korarchaeia;o__Korarchaeales;f__Korarchaeaceae;g__Korarchaeum;s__Korarchaeum sp026986575	GCA_026986575.1	95.0	d__Archaea;p__Korarchaeota;c__Korarchaeia;o__Korarchaeales;f__Korarchaeaceae;g__Korarchaeum;s__Korarchaeum sp026986575	99.99	1.0	N/A	N/A	N/A	N/A	N/A	N/A	ani_screen	classification based on ANI only	GCA_026986575.1, s__Korarchaeum sp026986575, 95.0, 99.99, 1.0; GCA_027491395.1, s__Korarchaeum sp027491395, 95.0, 90.47, 0.724; GCA_030130125.1, s__Korarchaeum sp030130125, 95.0, 90.24, 0.716; GCA_027061785.1, s__Korarchaeum sp027061785, 95.0, 88.85, 0.529	84.92	11	N/A	N/A
SAMN10350645_bin.19	SAMN10350645_bin.19	d__Archaea;p__Thermoplasmatota;c__Thermoplasmata;o__Thermoplasmatales;f__Aciduliprofundaceae;g__JAADDK01;s__JAADDK01 sp964425415	GCA_964425415.1	95.0	d__Archaea;p__Thermoplasmatota;c__Thermoplasmata;o__Thermoplasmatales;f__Aciduliprofundaceae;g__JAADDK01;s__JAADDK01 sp964425415	99.56	0.907	N/A	N/A	N/A	N/A	N/A	N/A	ani_screen	classification based on ANI only	N/A	91.46	11	N/A	N/A
SAMN10350645_bin.38	SAMN10350645_bin.38	d__Archaea;p__Thermoproteota;c__Thermoprotei_A;o__Sulfolobales;f__NBVN01;g__WAOK01;s__WAOK01 sp026986435	GCA_026986435.1	95.0	d__Archaea;p__Thermoproteota;c__Thermoprotei_A;o__Sulfolobales;f__NBVN01;g__WAOK01;s__WAOK01 sp026986435	99.78	0.92	N/A	N/A	N/A	N/A	N/A	N/A	ani_screen	classification based on ANI only	N/A	93.66	11	N/A	N/A
SAMN10350645_bin.59	SAMN10350645_bin.59	d__Archaea;p__Thermoplasmatota;c__Thermoplasmata;o__WALJ01;f__WALJ01;g__WALJ01;s__WALJ01 sp026986305	GCA_026986305.1	95.0	d__Archaea;p__Thermoplasmatota;c__Thermoplasmata;o__WALJ01;f__WALJ01;g__WALJ01;s__WALJ01 sp026986305	99.68	0.912	N/A	N/A	N/A	N/A	N/A	N/A	ani_screen	classification based on ANI only	N/A	94.78	11	N/A	N/A
SAMN10350645_bin.69	SAMN10350645_bin.69	d__Archaea;p__Methanobacteriota_B;c__Thermococci;o__Thermococcales;f__Thermococcaceae;g__Thermococcus;s__Thermococcus sp026986455	GCA_026986455.1	95.0	d__Archaea;p__Methanobacteriota_B;c__Thermococci;o__Thermococcales;f__Thermococcaceae;g__Thermococcus;s__Thermococcus sp026986455	99.97	0.932	N/A	N/A	N/A	N/A	N/A	N/A	ani_screen	classification based on ANI only	N/A	93.48	11	N/A	N/A
SAMN10350645_bin.84	SAMN10350645_bin.84	d__Archaea;p__Halobacteriota;c__Archaeoglobi;o__Archaeoglobales;f__Archaeoglobaceae;g__WAPX01;s__WAPX01 sp026985525	GCA_026985525.1	95.0	d__Archaea;p__Halobacteriota;c__Archaeoglobi;o__Archaeoglobales;f__Archaeoglobaceae;g__WAPX01;s__WAPX01 sp026985525	99.62	0.903	N/A	N/A	N/A	N/A	N/A	N/A	ani_screen	classification based on ANI only	N/A	54.63	11	N/A	N/A
SAMN10350645_bin.9	SAMN10350645_bin.9	d__Archaea;p__Halobacteriota;c__Archaeoglobi;o__Archaeoglobales;f__Archaeoglobaceae;g__WAKM01;s__WAKM01 sp026986375	GCA_026986375.1	95.0	d__Archaea;p__Halobacteriota;c__Archaeoglobi;o__Archaeoglobales;f__Archaeoglobaceae;g__WAKM01;s__WAKM01 sp026986375	99.92	0.996	N/A	N/A	N/A	N/A	N/A	N/A	ani_screen	classification based on ANI only	N/A	99.04	11	N/A	N/A
SAMN10350646_bin.16	SAMN10350646_bin.16	d__Archaea;p__Halobacteriota;c__Archaeoglobi;o__Archaeoglobales;f__Archaeoglobaceae;g__Archaeoglobus_B;s__Archaeoglobus_B sp027036775	GCA_027036775.1	95.0	d__Archaea;p__Halobacteriota;c__Archaeoglobi;o__Archaeoglobales;f__Archaeoglobaceae;g__Archaeoglobus_B;s__Archaeoglobus_B sp027036775	98.79	0.942	N/A	N/A	N/A	N/A	N/A	N/A	ani_screen	classification based on ANI only	N/A	88.03	11	N/A	N/A
SAMN10350646_bin.33	SAMN10350646_bin.33	d__Archaea;p__AGJL01;c__Methanococci;o__Methanococcales;f__Methanocaldococcaceae;g__Methanocaldococcus;s__Methanocaldococcus sp024490875	GCF_024490875.1	95.0	d__Archaea;p__AGJL01;c__Methanococci;o__Methanococcales;f__Methanocaldococcaceae;g__Methanocaldococcus;s__Methanocaldococcus sp024490875	99.76	0.816	N/A	N/A	N/A	N/A	N/A	N/A	ani_screen	classification based on ANI only	GCF_024490875.1, s__Methanocaldococcus sp024490875, 95.0, 99.76, 0.816; GCF_902827225.1, s__Methanocaldococcus lauensis, 95.26, 95.52, 0.624; GCA_027023665.1, s__Methanocaldococcus sp027023665, 95.0, 94.86, 0.554	97.92	11	N/A	N/A
SAMN10350717_bin.14	SAMN10350717_bin.14	d__Archaea;p__Halobacteriota;c__Archaeoglobi;o__Archaeoglobales;f__Archaeoglobaceae;g__Geoglobus;s__Geoglobus sp015522195	GCA_015522195.1	95.0	d__Archaea;p__Halobacteriota;c__Archaeoglobi;o__Archaeoglobales;f__Archaeoglobaceae;g__Geoglobus;s__Geoglobus sp015522195	98.97	0.875	N/A	N/A	N/A	N/A	N/A	N/A	ani_screen	classification based on ANI only	N/A	99.06	11	N/A	N/A
SAMN10350717_bin.75	SAMN10350717_bin.75	d__Archaea;p__Halobacteriota;c__Archaeoglobi;o__Archaeoglobales;f__Archaeoglobaceae;g__Ferroglobus;s__Ferroglobus sp015520115	GCA_015520115.1	95.0	d__Archaea;p__Halobacteriota;c__Archaeoglobi;o__Archaeoglobales;f__Archaeoglobaceae;g__Ferroglobus;s__Ferroglobus sp015520115	96.24	0.809	N/A	N/A	N/A	N/A	N/A	N/A	ani_screen	classification based on ANI only	N/A	84.14	11	N/A	N/A
SAMN10350717_bin.76	SAMN10350717_bin.76	d__Archaea;p__Halobacteriota;c__Archaeoglobi;o__Archaeoglobales;f__Archaeoglobaceae;g__Geoglobus;s__Geoglobus sp027019885	GCA_027019885.1	95.0	d__Archaea;p__Halobacteriota;c__Archaeoglobi;o__Archaeoglobales;f__Archaeoglobaceae;g__Geoglobus;s__Geoglobus sp027019885	99.79	0.907	N/A	N/A	N/A	N/A	N/A	N/A	ani_screen	classification based on ANI only	N/A	96.27	11	N/A	N/A
SAMN10397929_bin.45	SAMN10397929_bin.45	d__Archaea;p__Thermoproteota;c__Bathyarchaeia;o__Bathyarchaeales;f__Bathyarchaeaceae;g__Bathyarchaeum;s__	N/A	N/A	N/A	N/A	N/A	N/A	N/A	N/A	N/A	N/A	d__Archaea;p__Thermoproteota;c__Bathyarchaeia;o__Bathyarchaeales;f__Bathyarchaeaceae;g__Bathyarchaeum;s__	taxonomic classification fully defined by topology	N/A	N/A	92.54	11	0.97969	N/A
SAMN10402039_bin.69	SAMN10402039_bin.69	d__Archaea;p__Thermoproteota;c__Nitrososphaeria;o__Nitrososphaerales;f__UBA57;g__B1T1B5;s__B1T1B5 sp027295865	GCA_027295865.1	95.0	d__Archaea;p__Thermoproteota;c__Nitrososphaeria;o__Nitrososphaerales;f__UBA57;g__B1T1B5;s__B1T1B5 sp027295865	97.27	0.816	N/A	N/A	N/A	N/A	N/A	N/A	ani_screen	classification based on ANI only	N/A	77.39	11	N/A	N/A
SAMN10404972_bin.22	SAMN10404972_bin.22	d__Archaea;p__Thermoproteota;c__Bathyarchaeia;o__Bathyarchaeales;f__Bathyarchaeaceae;g__Bathyarchaeum;s__Bathyarchaeum sp004376385	GCA_004376385.1	95.0	d__Archaea;p__Thermoproteota;c__Bathyarchaeia;o__Bathyarchaeales;f__Bathyarchaeaceae;g__Bathyarchaeum;s__Bathyarchaeum sp004376385	96.63	0.617	N/A	N/A	N/A	N/A	N/A	N/A	ani_screen	classification based on ANI only	N/A	93.82	11	N/A	N/A
SAMN10404972_bin.7	SAMN10404972_bin.7	d__Archaea;p__Thermoproteota;c__Bathyarchaeia;o__RBG-16-48-13;f__GCA-020355125;g__JAUWWH01;s__JAUWWH01 sp030607815	GCA_030607815.1	95.0	d__Archaea;p__Thermoproteota;c__Bathyarchaeia;o__RBG-16-48-13;f__GCA-020355125;g__JAUWWH01;s__JAUWWH01 sp030607815	98.71	0.921	N/A	N/A	N/A	N/A	N/A	N/A	ani_screen	classification based on ANI only	N/A	83.89	11	N/A	N/A
SAMN10739806_bin.21	SAMN10739806_bin.21	d__Archaea;p__Thermoplasmatota;c__Thermoplasmata;o__JAJSAE01;f__JAJSAE01;g__JAJSAE01;s__	N/A	N/A	N/A	N/A	N/A	N/A	N/A	N/A	N/A	N/A	d__Archaea;p__Thermoplasmatota;c__Thermoplasmata;o__JAJSAE01;f__JAJSAE01;g__JAJSAE01;s__	taxonomic classification fully defined by topology	N/A	N/A	70.43	11	0.96896	N/A
SAMN10739806_bin.8	SAMN10739806_bin.8	d__Archaea;p__Thermoplasmatota;c__Thermoplasmata;o__Thermoplasmatales;f__Aciduliprofundaceae;g__CAZVSZ01;s__CAZVSZ01 sp964630095	GCA_964630095.1	95.0	d__Archaea;p__Thermoplasmatota;c__Thermoplasmata;o__Thermoplasmatales;f__Aciduliprofundaceae;g__CAZVSZ01;s__CAZVSZ01 sp964630095	99.81	0.886	N/A	N/A	N/A	N/A	N/A	N/A	ani_screen	classification based on ANI only	N/A	98.05	11	N/A	N/A
SAMN10864365_bin.118	SAMN10864365_bin.118	d__Archaea;p__Korarchaeota;c__Korarchaeia;o__Korarchaeales;f__Korarchaeaceae;g__Korarchaeum;s__Korarchaeum sp035319845	GCA_035319845.1	95.0	d__Archaea;p__Korarchaeota;c__Korarchaeia;o__Korarchaeales;f__Korarchaeaceae;g__Korarchaeum;s__Korarchaeum sp035319845	99.9	0.994	N/A	N/A	N/A	N/A	N/A	N/A	ani_screen	classification based on ANI only	N/A	85.08	11	N/A	N/A
SAMN10864365_bin.123	SAMN10864365_bin.123	d__Archaea;p__Thermoproteota;c__Thermoprotei_A;o__Sulfolobales;f__NBVN01;g__WAOL01;s__WAOL01 sp964399035	GCA_964399035.1	95.0	d__Archaea;p__Thermoproteota;c__Thermoprotei_A;o__Sulfolobales;f__NBVN01;g__WAOL01;s__WAOL01 sp964399035	99.93	0.975	N/A	N/A	N/A	N/A	N/A	N/A	ani_screen	classification based on ANI only	N/A	92.68	11	N/A	N/A
SAMN10864365_bin.145	SAMN10864365_bin.145	d__Archaea;p__Halobacteriota;c__Archaeoglobi;o__Archaeoglobales;f__Archaeoglobaceae;g__Ferroglobus;s__	N/A	N/A	N/A	N/A	N/A	N/A	N/A	N/A	N/A	N/A	d__Archaea;p__Halobacteriota;c__Archaeoglobi;o__Archaeoglobales;f__Archaeoglobaceae;g__Ferroglobus;s__	taxonomic classification fully defined by topology	N/A	N/A	77.57	11	0.97827	N/A
SAMN10864365_bin.160	SAMN10864365_bin.160	d__Archaea;p__Thermoproteota;c__Thermoprotei_A;o__Sulfolobales;f__Ignisphaeraceae;g__JAADCV01;s__JAADCV01 sp964598805	GCA_964598805.1	95.0	d__Archaea;p__Thermoproteota;c__Thermoprotei_A;o__Sulfolobales;f__Ignisphaeraceae;g__JAADCV01;s__JAADCV01 sp964598805	99.89	0.968	N/A	N/A	N/A	N/A	N/A	N/A	ani_screen	classification based on ANI only	N/A	79.95	11	N/A	N/A
SAMN10864365_bin.173	SAMN10864365_bin.173	d__Archaea;p__Thermoproteota;c__Thermoprotei_A;o__Sulfolobales;f__NBVN01;g__CAZAMI01;s__CAZAMI01 sp964627805	GCA_964627805.1	95.0	d__Archaea;p__Thermoproteota;c__Thermoprotei_A;o__Sulfolobales;f__NBVN01;g__CAZAMI01;s__CAZAMI01 sp964627805	99.96	0.979	N/A	N/A	N/A	N/A	N/A	N/A	ani_screen	classification based on ANI only	N/A	93.45	11	N/A	N/A
SAMN10864365_bin.24	SAMN10864365_bin.24	d__Archaea;p__Halobacteriota;c__Archaeoglobi;o__Archaeoglobales;f__Archaeoglobaceae;g__WAPX01;s__WAPX01 sp964622075	GCA_964622075.1	95.0	d__Archaea;p__Halobacteriota;c__Archaeoglobi;o__Archaeoglobales;f__Archaeoglobaceae;g__WAPX01;s__WAPX01 sp964622075	99.87	0.95	N/A	N/A	N/A	N/A	N/A	N/A	ani_screen	classification based on ANI only	N/A	92.03	11	N/A	N/A
SAMN10864365_bin.27	SAMN10864365_bin.27	d__Archaea;p__Korarchaeota;c__Korarchaeia;o__Korarchaeales;f__Korarchaeaceae;g__Korarchaeum;s__	N/A	N/A	N/A	N/A	N/A	N/A	N/A	N/A	N/A	N/A	d__Archaea;p__Korarchaeota;c__Korarchaeia;o__Korarchaeales;f__Korarchaeaceae;g__Korarchaeum;s__	taxonomic classification fully defined by topology	N/A	N/A	57.2	11	0.97882	N/A
SAMN10864365_bin.36	SAMN10864365_bin.36	d__Archaea;p__Halobacteriota;c__Archaeoglobi;o__Archaeoglobales;f__Archaeoglobaceae;g__WAKM01;s__WAKM01 sp964592825	GCA_964592825.1	95.0	d__Archaea;p__Halobacteriota;c__Archaeoglobi;o__Archaeoglobales;f__Archaeoglobaceae;g__WAKM01;s__WAKM01 sp964592825	99.9	0.928	N/A	N/A	N/A	N/A	N/A	N/A	ani_screen	classification based on ANI only	N/A	91.35	11	N/A	N/A
SAMN10864365_bin.38	SAMN10864365_bin.38	d__Archaea;p__Halobacteriota;c__Archaeoglobi;o__Archaeoglobales;f__Archaeoglobaceae;g__WAKM01;s__WAKM01 sp964491095	GCA_964491095.1	95.0	d__Archaea;p__Halobacteriota;c__Archaeoglobi;o__Archaeoglobales;f__Archaeoglobaceae;g__WAKM01;s__WAKM01 sp964491095	99.93	0.91	N/A	N/A	N/A	N/A	N/A	N/A	ani_screen	classification based on ANI only	N/A	83.93	11	N/A	N/A
SAMN10864365_bin.40	SAMN10864365_bin.40	d__Archaea;p__Methanobacteriota_B;c__Thermococci;o__Thermococcales;f__Thermococcaceae;g__Thermococcus;s__Thermococcus sp964487115	GCA_964487115.1	95.0	d__Archaea;p__Methanobacteriota_B;c__Thermococci;o__Thermococcales;f__Thermococcaceae;g__Thermococcus;s__Thermococcus sp964487115	99.91	0.972	N/A	N/A	N/A	N/A	N/A	N/A	ani_screen	classification based on ANI only	N/A	97.83	11	N/A	N/A
SAMN10864365_bin.73	SAMN10864365_bin.73	d__Archaea;p__Thermoproteota;c__Thermoprotei;o__Thermoproteales;f__Thermocladiaceae;g__JAADER01;s__JAADER01 sp964414695	GCA_964414695.1	95.0	d__Archaea;p__Thermoproteota;c__Thermoprotei;o__Thermoproteales;f__Thermocladiaceae;g__JAADER01;s__JAADER01 sp964414695	99.94	0.986	N/A	N/A	N/A	N/A	N/A	N/A	ani_screen	classification based on ANI only	N/A	92.49	11	N/A	N/A
SAMN10864365_bin.82	SAMN10864365_bin.82	d__Archaea;p__Thermoproteota;c__Thermoprotei_A;o__Sulfolobales;f__Pyrodictiaceae;g__JAADEY01;s__JAADEY01 sp964476405	GCA_964476405.1	95.0	d__Archaea;p__Thermoproteota;c__Thermoprotei_A;o__Sulfolobales;f__Pyrodictiaceae;g__JAADEY01;s__JAADEY01 sp964476405	99.98	0.961	N/A	N/A	N/A	N/A	N/A	N/A	ani_screen	classification based on ANI only	N/A	81.03	11	N/A	N/A
SAMN10864365_bin.97	SAMN10864365_bin.97	d__Archaea;p__Thermoproteota;c__Thermoprotei;o__Thermoproteales;f__Thermocladiaceae;g__JAADER01;s__JAADER01 sp964575955	GCA_964575955.1	95.0	d__Archaea;p__Thermoproteota;c__Thermoprotei;o__Thermoproteales;f__Thermocladiaceae;g__JAADER01;s__JAADER01 sp964575955	99.99	0.999	N/A	N/A	N/A	N/A	N/A	N/A	ani_screen	classification based on ANI only	N/A	92.42	11	N/A	N/A
SAMN12239298_bin.1	SAMN12239298_bin.1	d__Archaea;p__Halobacteriota;c__Archaeoglobi;o__Archaeoglobales;f__JdFR-42;g__WAJW01;s__WAJW01 sp015523685	GCA_015523685.1	95.0	d__Archaea;p__Halobacteriota;c__Archaeoglobi;o__Archaeoglobales;f__JdFR-42;g__WAJW01;s__WAJW01 sp015523685	99.69	0.917	N/A	N/A	N/A	N/A	N/A	N/A	ani_screen	classification based on ANI only	N/A	98.58	11	N/A	N/A
SAMN12239298_bin.26	SAMN12239298_bin.26	d__Archaea;p__Hydrothermarchaeota;c__Hydrothermarchaeia;o__Hydrothermarchaeales;f__SZUA-236;g__;s__	N/A	N/A	N/A	N/A	N/A	N/A	N/A	N/A	N/A	N/A	d__Archaea;p__Hydrothermarchaeota;c__Hydrothermarchaeia;o__Hydrothermarchaeales;f__SZUA-236;g__;s__	taxonomic classification fully defined by topology	N/A	N/A	78.9	11	0.8008	N/A
SAMN12239298_bin.5	SAMN12239298_bin.5	d__Archaea;p__Thermoproteota;c__Nitrososphaeria;o__Geothermarchaeales;f__JDFR-13;g__WAMZ01;s__WAMZ01 sp015523725	GCA_015523725.1	95.0	d__Archaea;p__Thermoproteota;c__Nitrososphaeria;o__Geothermarchaeales;f__JDFR-13;g__WAMZ01;s__WAMZ01 sp015523725	99.67	0.927	N/A	N/A	N/A	N/A	N/A	N/A	ani_screen	classification based on ANI only	N/A	89.2	11	N/A	N/A
SAMN12239301_bin.119	SAMN12239301_bin.119	d__Archaea;p__Asgardarchaeota;c__Heimdallarchaeia;o__Heimdallarchaeales;f__Kariarchaeaceae;g__WAKA01;s__WAKA01 sp015523565	GCA_015523565.1	95.0	d__Archaea;p__Asgardarchaeota;c__Heimdallarchaeia;o__Heimdallarchaeales;f__Kariarchaeaceae;g__WAKA01;s__WAKA01 sp015523565	99.87	0.966	N/A	N/A	N/A	N/A	N/A	N/A	ani_screen	classification based on ANI only	N/A	88.56	11	N/A	N/A
SAMN12239301_bin.125	SAMN12239301_bin.125	d__Archaea;p__Thermoproteota;c__Thermoprotei_A;o__Sulfolobales;f__Acidilobaceae;g__Aeropyrum;s__Aeropyrum sp015523465	GCA_015523465.1	95.0	d__Archaea;p__Thermoproteota;c__Thermoprotei_A;o__Sulfolobales;f__Acidilobaceae;g__Aeropyrum;s__Aeropyrum sp015523465	99.85	0.978	N/A	N/A	N/A	N/A	N/A	N/A	ani_screen	classification based on ANI only	N/A	98.47	11	N/A	N/A
SAMN12239301_bin.36	SAMN12239301_bin.36	d__Archaea;p__Hydrothermarchaeota;c__Hydrothermarchaeia;o__Hydrothermarchaeales;f__BMS3B;g__JAADFH01;s__JAADFH01 sp015521945	GCA_015521945.1	95.0	d__Archaea;p__Hydrothermarchaeota;c__Hydrothermarchaeia;o__Hydrothermarchaeales;f__BMS3B;g__JAADFH01;s__JAADFH01 sp015521945	99.37	0.942	N/A	N/A	N/A	N/A	N/A	N/A	ani_screen	classification based on ANI only	N/A	87.62	11	N/A	N/A
SAMN12239301_bin.37	SAMN12239301_bin.37	d__Archaea;p__Thermoproteota;c__Thermoprotei_A;o__Sulfolobales;f__Acidilobaceae;g__S012-22;s__S012-22 sp015523445	GCA_015523445.1	95.0	d__Archaea;p__Thermoproteota;c__Thermoprotei_A;o__Sulfolobales;f__Acidilobaceae;g__S012-22;s__S012-22 sp015523445	99.97	0.954	N/A	N/A	N/A	N/A	N/A	N/A	ani_screen	classification based on ANI only	N/A	90.94	11	N/A	N/A
SAMN12239301_bin.42	SAMN12239301_bin.42	d__Archaea;p__Halobacteriota;c__Archaeoglobi;o__Archaeoglobales;f__Archaeoglobaceae;g__WAKM01;s__WAKM01 sp015523335	GCA_015523335.1	95.0	d__Archaea;p__Halobacteriota;c__Archaeoglobi;o__Archaeoglobales;f__Archaeoglobaceae;g__WAKM01;s__WAKM01 sp015523335	99.94	0.973	N/A	N/A	N/A	N/A	N/A	N/A	ani_screen	classification based on ANI only	N/A	98.08	11	N/A	N/A
SAMN12239301_bin.9	SAMN12239301_bin.9	d__Archaea;p__Thermoproteota;c__Thermoprotei_A;o__Sulfolobales;f__Acidilobaceae;g__Thermodiscus;s__Thermodiscus sp015523485	GCA_015523485.1	95.0	d__Archaea;p__Thermoproteota;c__Thermoprotei_A;o__Sulfolobales;f__Acidilobaceae;g__Thermodiscus;s__Thermodiscus sp015523485	99.76	0.908	N/A	N/A	N/A	N/A	N/A	N/A	ani_screen	classification based on ANI only	N/A	92.15	11	N/A	N/A
SAMN12239302_bin.21	SAMN12239302_bin.21	d__Archaea;p__Thermoproteota;c__Thermoprotei_A;o__Sulfolobales;f__Desulfurococcaceae;g__JAADCY01;s__JAADCY01 sp015520735	GCA_015520735.1	95.0	d__Archaea;p__Thermoproteota;c__Thermoprotei_A;o__Sulfolobales;f__Desulfurococcaceae;g__JAADCY01;s__JAADCY01 sp015520735	99.56	0.919	N/A	N/A	N/A	N/A	N/A	N/A	ani_screen	classification based on ANI only	GCA_015520735.1, s__JAADCY01 sp015520735, 95.0, 99.56, 0.919; GCA_027083045.1, s__JAADCY01 sp027083045, 95.0, 92.92, 0.777; GCA_026985375.1, s__JAADCY01 sp026985375, 95.0, 90.51, 0.544; GCA_027022365.1, s__JAADCY01 sp027022365, 95.0, 90.0, 0.813	98.6	11	N/A	N/A
SAMN12239302_bin.23	SAMN12239302_bin.23	d__Archaea;p__AGJL01;c__Methanococci;o__Methanococcales;f__Methanococcaceae;g__Methanofervidicoccus;s__Methanofervidicoccus sp015523155	GCF_015523155.1	95.0	d__Archaea;p__AGJL01;c__Methanococci;o__Methanococcales;f__Methanococcaceae;g__Methanofervidicoccus;s__Methanofervidicoccus sp015523155	99.98	0.978	N/A	N/A	N/A	N/A	N/A	N/A	ani_screen	classification based on ANI only	N/A	99.15	11	N/A	N/A
SAMN12239302_bin.43	SAMN12239302_bin.43	d__Archaea;p__Thermoproteota;c__Thermoprotei_A;o__Sulfolobales;f__NBVN01;g__S013-73;s__S013-73 sp015523295	GCA_015523295.1	95.0	d__Archaea;p__Thermoproteota;c__Thermoprotei_A;o__Sulfolobales;f__NBVN01;g__S013-73;s__S013-73 sp015523295	99.91	0.997	N/A	N/A	N/A	N/A	N/A	N/A	ani_screen	classification based on ANI only	N/A	93.73	11	N/A	N/A
SAMN12239302_bin.50	SAMN12239302_bin.50	d__Archaea;p__Thermoplasmatota;c__Thermoplasmata;o__Thermoplasmatales;f__Aciduliprofundaceae;g__Aciduliprofundum;s__Aciduliprofundum sp015523135	GCA_015523135.1	95.0	d__Archaea;p__Thermoplasmatota;c__Thermoplasmata;o__Thermoplasmatales;f__Aciduliprofundaceae;g__Aciduliprofundum;s__Aciduliprofundum sp015523135	99.69	0.909	N/A	N/A	N/A	N/A	N/A	N/A	ani_screen	classification based on ANI only	N/A	96.57	11	N/A	N/A
SAMN12239302_bin.57	SAMN12239302_bin.57	d__Archaea;p__Thermoplasmatota;c__Thermoplasmata;o__Thermoplasmatales;f__Aciduliprofundaceae;g__JAADDK01;s__JAADDK01 sp015523125	GCA_015523125.1	95.0	d__Archaea;p__Thermoplasmatota;c__Thermoplasmata;o__Thermoplasmatales;f__Aciduliprofundaceae;g__JAADDK01;s__JAADDK01 sp015523125	99.92	0.978	N/A	N/A	N/A	N/A	N/A	N/A	ani_screen	classification based on ANI only	N/A	95.26	11	N/A	N/A
SAMN12239303_bin.68	SAMN12239303_bin.68	d__Archaea;p__Thermoplasmatota;c__Thermoplasmata;o__Thermoplasmatales;f__Aciduliprofundaceae;g__S014-50;s__S014-50 sp015522935	GCA_015522935.1	95.0	d__Archaea;p__Thermoplasmatota;c__Thermoplasmata;o__Thermoplasmatales;f__Aciduliprofundaceae;g__S014-50;s__S014-50 sp015522935	99.55	0.852	N/A	N/A	N/A	N/A	N/A	N/A	ani_screen	classification based on ANI only	N/A	97.89	11	N/A	N/A
SAMN12239303_bin.69	SAMN12239303_bin.69	d__Archaea;p__B1Sed10-29;c__B1Sed10-29;o__WALL01;f__WALL01;g__WALL01;s__WALL01 sp015522845	GCA_015522845.1	95.0	d__Archaea;p__B1Sed10-29;c__B1Sed10-29;o__WALL01;f__WALL01;g__WALL01;s__WALL01 sp015522845	99.85	0.989	N/A	N/A	N/A	N/A	N/A	N/A	ani_screen	classification based on ANI only	N/A	93.96	11	N/A	N/A
SAMN12239303_bin.87	SAMN12239303_bin.87	d__Archaea;p__Thermoplasmatota;c__Thermoplasmata;o__Thermoplasmatales;f__Aciduliprofundaceae;g__S014-41;s__S014-41 sp015522955	GCA_015522955.1	95.0	d__Archaea;p__Thermoplasmatota;c__Thermoplasmata;o__Thermoplasmatales;f__Aciduliprofundaceae;g__S014-41;s__S014-41 sp015522955	99.75	0.903	N/A	N/A	N/A	N/A	N/A	N/A	ani_screen	classification based on ANI only	N/A	93.5	11	N/A	N/A
SAMN12239305_bin.12	SAMN12239305_bin.12	d__Archaea;p__Undinarchaeota;c__Undinarchaeia;o__Undinarchaeales;f__JALTGF01;g__JALTGF01;s__JALTGF01 sp027077325	GCA_027077325.1	95.0	d__Archaea;p__Undinarchaeota;c__Undinarchaeia;o__Undinarchaeales;f__JALTGF01;g__JALTGF01;s__JALTGF01 sp027077325	99.84	0.755	N/A	N/A	N/A	N/A	N/A	N/A	ani_screen	classification based on ANI only	N/A	91.28	11	N/A	N/A
SAMN12239305_bin.27	SAMN12239305_bin.27	d__Archaea;p__Thermoplasmatota;c__E2;o__DHVEG-1;f__B18-G2;g__;s__	N/A	N/A	N/A	N/A	N/A	N/A	N/A	N/A	N/A	N/A	d__Archaea;p__Thermoplasmatota;c__E2;o__DHVEG-1;f__B18-G2;g__;s__	taxonomic novelty determined using RED	N/A	N/A	93.22	11	0.83939	N/A
SAMN12239305_bin.44	SAMN12239305_bin.44	d__Archaea;p__Korarchaeota;c__Korarchaeia;o__Korarchaeales;f__Korarchaeaceae;g__Korarchaeum;s__Korarchaeum sp015522685	GCA_015522685.1	95.0	d__Archaea;p__Korarchaeota;c__Korarchaeia;o__Korarchaeales;f__Korarchaeaceae;g__Korarchaeum;s__Korarchaeum sp015522685	99.99	0.983	N/A	N/A	N/A	N/A	N/A	N/A	ani_screen	classification based on ANI only	N/A	84.46	11	N/A	N/A
SAMN12239305_bin.56	SAMN12239305_bin.56	d__Archaea;p__Thermoproteota;c__Thermoprotei_A;o__Sulfolobales;f__Acidilobaceae;g__Tiamatella;s__Tiamatella sp015522645	GCA_015522645.1	95.0	d__Archaea;p__Thermoproteota;c__Thermoprotei_A;o__Sulfolobales;f__Acidilobaceae;g__Tiamatella;s__Tiamatella sp015522645	99.93	0.968	N/A	N/A	N/A	N/A	N/A	N/A	ani_screen	classification based on ANI only	N/A	98.65	11	N/A	N/A
SAMN12239305_bin.58	SAMN12239305_bin.58	d__Archaea;p__Thermoproteota;c__Nitrososphaeria;o__Conexivisphaerales;f__Conexivisphaeraceae;g__WALT01;s__WALT01 sp015522695	GCA_015522695.1	95.0	d__Archaea;p__Thermoproteota;c__Nitrososphaeria;o__Conexivisphaerales;f__Conexivisphaeraceae;g__WALT01;s__WALT01 sp015522695	99.9	0.988	N/A	N/A	N/A	N/A	N/A	N/A	ani_screen	classification based on ANI only	N/A	88.33	11	N/A	N/A
SAMN12239305_bin.68	SAMN12239305_bin.68	d__Archaea;p__Thermoproteota;c__Thermoprotei_A;o__Sulfolobales;f__Acidilobaceae;g__Caldisphaera;s__Caldisphaera sp015522625	GCA_015522625.1	95.0	d__Archaea;p__Thermoproteota;c__Thermoprotei_A;o__Sulfolobales;f__Acidilobaceae;g__Caldisphaera;s__Caldisphaera sp015522625	99.78	0.899	N/A	N/A	N/A	N/A	N/A	N/A	ani_screen	classification based on ANI only	N/A	96.36	11	N/A	N/A
SAMN12239305_bin.69	SAMN12239305_bin.69	d__Archaea;p__Thermoplasmatota;c__Thermoplasmata;o__Thermoplasmatales;f__Aciduliprofundaceae;g__JAADDK01;s__	N/A	N/A	N/A	N/A	N/A	N/A	N/A	N/A	N/A	N/A	d__Archaea;p__Thermoplasmatota;c__Thermoplasmata;o__Thermoplasmatales;f__Aciduliprofundaceae;g__JAADDK01;s__	taxonomic classification fully defined by topology	N/A	N/A	97.76	11	0.95078	N/A
SAMN12239305_bin.97	SAMN12239305_bin.97	d__Archaea;p__Thermoproteota;c__Thermoprotei_A;o__Sulfolobales;f__Acidilobaceae;g__Tiamatella;s__Tiamatella incendiivivens	GCA_015522635.1	95.0	d__Archaea;p__Thermoproteota;c__Thermoprotei_A;o__Sulfolobales;f__Acidilobaceae;g__Tiamatella;s__Tiamatella incendiivivens	99.95	0.99	N/A	N/A	N/A	N/A	N/A	N/A	ani_screen	classification based on ANI only	N/A	98.65	11	N/A	N/A
SAMN12239306_bin.13	SAMN12239306_bin.13	d__Archaea;p__Halobacteriota;c__Archaeoglobi;o__Archaeoglobales;f__Archaeoglobaceae;g__WAPX01;s__WAPX01 sp015520485	GCA_015520485.1	95.0	d__Archaea;p__Halobacteriota;c__Archaeoglobi;o__Archaeoglobales;f__Archaeoglobaceae;g__WAPX01;s__WAPX01 sp015520485	99.76	0.973	N/A	N/A	N/A	N/A	N/A	N/A	ani_screen	classification based on ANI only	N/A	99.06	11	N/A	N/A
SAMN12239307_bin.156	SAMN12239307_bin.156	d__Archaea;p__Methanobacteriota_B;c__Thermococci;o__Thermococcales;f__Thermococcaceae;g__Thermococcus_B;s__Thermococcus_B sp027001105	GCA_027001105.1	95.0	d__Archaea;p__Methanobacteriota_B;c__Thermococci;o__Thermococcales;f__Thermococcaceae;g__Thermococcus_B;s__Thermococcus_B sp027001105	99.89	0.909	N/A	N/A	N/A	N/A	N/A	N/A	ani_screen	classification based on ANI only	GCA_027001105.1, s__Thermococcus_B sp027001105, 95.0, 99.89, 0.909; GCF_035621495.1, s__Thermococcus_B sp035621495, 95.0, 94.07, 0.808; GCF_000151105.2, s__Thermococcus_B barophilus, 95.0, 93.5, 0.782	90.55	11	N/A	N/A
SAMN12239307_bin.183	SAMN12239307_bin.183	d__Archaea;p__Asgardarchaeota;c__Heimdallarchaeia;o__Heimdallarchaeales;f__JAJRWK01;g__JAJRWK01;s__JAJRWK01 sp027001645	GCA_027001645.1	95.0	d__Archaea;p__Asgardarchaeota;c__Heimdallarchaeia;o__Heimdallarchaeales;f__JAJRWK01;g__JAJRWK01;s__JAJRWK01 sp027001645	99.84	0.92	N/A	N/A	N/A	N/A	N/A	N/A	ani_screen	classification based on ANI only	N/A	93.02	11	N/A	N/A
SAMN12239307_bin.66	SAMN12239307_bin.66	d__Archaea;p__Thermoproteota;c__Thermoprotei_A;o__Sulfolobales;f__Desulfurococcaceae;g__WAML01;s__WAML01 sp015522345	GCA_015522345.1	95.0	d__Archaea;p__Thermoproteota;c__Thermoprotei_A;o__Sulfolobales;f__Desulfurococcaceae;g__WAML01;s__WAML01 sp015522345	99.85	0.908	N/A	N/A	N/A	N/A	N/A	N/A	ani_screen	classification based on ANI only	N/A	99.06	11	N/A	N/A
SAMN12239308_bin.4	SAMN12239308_bin.4	d__Archaea;p__Thermoproteota;c__Thermoprotei_A;o__Sulfolobales;f__AG1;g__WANO01;s__WANO01 sp015521765	GCA_015521765.1	95.0	d__Archaea;p__Thermoproteota;c__Thermoprotei_A;o__Sulfolobales;f__AG1;g__WANO01;s__WANO01 sp015521765	99.0	0.929	N/A	N/A	N/A	N/A	N/A	N/A	ani_screen	classification based on ANI only	N/A	84.64	11	N/A	N/A
SAMN12239309_bin.126	SAMN12239309_bin.126	d__Archaea;p__Methanobacteriota_B;c__Thermococci;o__Thermococcales;f__Thermococcaceae;g__Thermococcus;s__Thermococcus sp015521605	GCF_015521605.1	95.0	d__Archaea;p__Methanobacteriota_B;c__Thermococci;o__Thermococcales;f__Thermococcaceae;g__Thermococcus;s__Thermococcus sp015521605	99.76	0.99	N/A	N/A	N/A	N/A	N/A	N/A	ani_screen	classification based on ANI only	N/A	99.7	11	N/A	N/A
SAMN12239309_bin.140	SAMN12239309_bin.140	d__Archaea;p__Hydrothermarchaeota;c__Hydrothermarchaeia;o__Hydrothermarchaeales;f__BMS3B;g__Pyrohabitans;s__Pyrohabitans sp015521615	GCA_015521615.1	95.0	d__Archaea;p__Hydrothermarchaeota;c__Hydrothermarchaeia;o__Hydrothermarchaeales;f__BMS3B;g__Pyrohabitans;s__Pyrohabitans sp015521615	99.89	0.858	N/A	N/A	N/A	N/A	N/A	N/A	ani_screen	classification based on ANI only	N/A	92.61	11	N/A	N/A
SAMN12239309_bin.158	SAMN12239309_bin.158	d__Archaea;p__Halobacteriota;c__Archaeoglobi;o__Archaeoglobales;f__Archaeoglobaceae;g__Ferroglobus;s__Ferroglobus sp015520115	GCA_015520115.1	95.0	d__Archaea;p__Halobacteriota;c__Archaeoglobi;o__Archaeoglobales;f__Archaeoglobaceae;g__Ferroglobus;s__Ferroglobus sp015520115	98.48	0.889	N/A	N/A	N/A	N/A	N/A	N/A	ani_screen	classification based on ANI only	N/A	92.72	11	N/A	N/A
SAMN12239309_bin.165	SAMN12239309_bin.165	d__Archaea;p__Thermoproteota;c__Thermoprotei_A;o__Sulfolobales;f__WANQ01;g__WANQ01;s__WANQ01 sp015521735	GCA_015521735.1	95.0	d__Archaea;p__Thermoproteota;c__Thermoprotei_A;o__Sulfolobales;f__WANQ01;g__WANQ01;s__WANQ01 sp015521735	99.99	0.996	N/A	N/A	N/A	N/A	N/A	N/A	ani_screen	classification based on ANI only	N/A	99.36	11	N/A	N/A
SAMN12239309_bin.36	SAMN12239309_bin.36	d__Archaea;p__Thermoproteota;c__Thermoprotei_A;o__Sulfolobales;f__WAQK01;g__WAQK01;s__WAQK01 sp015520265	GCA_015520265.1	95.0	d__Archaea;p__Thermoproteota;c__Thermoprotei_A;o__Sulfolobales;f__WAQK01;g__WAQK01;s__WAQK01 sp015520265	99.49	0.961	N/A	N/A	N/A	N/A	N/A	N/A	ani_screen	classification based on ANI only	N/A	98.76	11	N/A	N/A
SAMN12239309_bin.40	SAMN12239309_bin.40	d__Archaea;p__Methanobacteriota_B;c__Thermococci;o__Thermococcales;f__Thermococcaceae;g__Thermococcus;s__Thermococcus sp015523185	GCF_015523185.1	95.0	d__Archaea;p__Methanobacteriota_B;c__Thermococci;o__Thermococcales;f__Thermococcaceae;g__Thermococcus;s__Thermococcus sp015523185	99.13	0.871	N/A	N/A	N/A	N/A	N/A	N/A	ani_screen	classification based on ANI only	N/A	94.67	11	N/A	N/A
SAMN12239309_bin.57	SAMN12239309_bin.57	d__Archaea;p__Thermoproteota;c__Thermoprotei;o__Thermoproteales;f__Thermoproteaceae;g__WANN01;s__WANN01 sp015521775	GCA_015521775.1	95.0	d__Archaea;p__Thermoproteota;c__Thermoprotei;o__Thermoproteales;f__Thermoproteaceae;g__WANN01;s__WANN01 sp015521775	99.93	0.991	N/A	N/A	N/A	N/A	N/A	N/A	ani_screen	classification based on ANI only	N/A	92.49	11	N/A	N/A
SAMN12239309_bin.88	SAMN12239309_bin.88	d__Archaea;p__Hydrothermarchaeota;c__Hydrothermarchaeia;o__JALTZZ01;f__JALUTC01;g__JALUTC01;s__JALUTC01 sp027051265	GCA_027051265.1	95.0	d__Archaea;p__Hydrothermarchaeota;c__Hydrothermarchaeia;o__JALTZZ01;f__JALUTC01;g__JALUTC01;s__JALUTC01 sp027051265	99.9	0.951	N/A	N/A	N/A	N/A	N/A	N/A	ani_screen	classification based on ANI only	N/A	90.36	11	N/A	N/A
SAMN12239310_bin.30	SAMN12239310_bin.30	d__Archaea;p__Thermoplasmatota;c__Thermoplasmata;o__Thermoplasmatales;f__Aciduliprofundaceae;g__JAADDK01;s__JAADDK01 sp015521465	GCA_015521465.1	95.0	d__Archaea;p__Thermoplasmatota;c__Thermoplasmata;o__Thermoplasmatales;f__Aciduliprofundaceae;g__JAADDK01;s__JAADDK01 sp015521465	99.79	0.931	N/A	N/A	N/A	N/A	N/A	N/A	ani_screen	classification based on ANI only	N/A	97.69	11	N/A	N/A
SAMN12239311_bin.105	SAMN12239311_bin.105	d__Archaea;p__Thermoproteota;c__Thermoprotei_A;o__Sulfolobales;f__Acidilobaceae;g__Thermodiscus;s__Thermodiscus eudorianus	GCA_015521085.1	95.0	d__Archaea;p__Thermoproteota;c__Thermoprotei_A;o__Sulfolobales;f__Acidilobaceae;g__Thermodiscus;s__Thermodiscus eudorianus	99.99	0.97	N/A	N/A	N/A	N/A	N/A	N/A	ani_screen	classification based on ANI only	N/A	86.88	11	N/A	N/A
SAMN12239311_bin.131	SAMN12239311_bin.131	d__Archaea;p__Thermoproteota;c__Thermoprotei_A;o__Sulfolobales;f__Pyrodictiaceae;g__Pyrolobus;s__Pyrolobus sp015521195	GCA_015521195.1	95.0	d__Archaea;p__Thermoproteota;c__Thermoprotei_A;o__Sulfolobales;f__Pyrodictiaceae;g__Pyrolobus;s__Pyrolobus sp015521195	99.81	0.917	N/A	N/A	N/A	N/A	N/A	N/A	ani_screen	classification based on ANI only	N/A	84.89	11	N/A	N/A
SAMN12239311_bin.168	SAMN12239311_bin.168	d__Archaea;p__Thermoplasmatota;c__Thermoplasmata;o__Thermoplasmatales;f__Aciduliprofundaceae;g__Aciduliprofundum;s__Aciduliprofundum boonei	GCF_000025665.1	95.0	d__Archaea;p__Thermoplasmatota;c__Thermoplasmata;o__Thermoplasmatales;f__Aciduliprofundaceae;g__Aciduliprofundum;s__Aciduliprofundum boonei	95.55	0.878	N/A	N/A	N/A	N/A	N/A	N/A	ani_screen	classification based on ANI only	N/A	95.4	11	N/A	N/A
SAMN12239311_bin.174	SAMN12239311_bin.174	d__Archaea;p__Thermoproteota;c__Thermoprotei_A;o__Sulfolobales;f__NBVN01;g__WAOL01;s__WAOL01 sp015521295	GCA_015521295.1	95.0	d__Archaea;p__Thermoproteota;c__Thermoprotei_A;o__Sulfolobales;f__NBVN01;g__WAOL01;s__WAOL01 sp015521295	99.91	0.983	N/A	N/A	N/A	N/A	N/A	N/A	ani_screen	classification based on ANI only	GCA_015521295.1, s__WAOL01 sp015521295, 95.0, 99.91, 0.983; GCA_027023255.1, s__WAOL01 sp027023255, 95.0, 93.78, 0.813; GCA_027002995.1, s__WAOL01 sp027002995, 95.0, 93.06, 0.756	93.89	11	N/A	N/A
SAMN12239311_bin.29	SAMN12239311_bin.29	d__Archaea;p__Korarchaeota;c__Korarchaeia;o__Korarchaeales;f__Korarchaeaceae;g__Korarchaeum;s__Korarchaeum sp015521385	GCA_015521385.1	95.0	d__Archaea;p__Korarchaeota;c__Korarchaeia;o__Korarchaeales;f__Korarchaeaceae;g__Korarchaeum;s__Korarchaeum sp015521385	99.91	0.98	N/A	N/A	N/A	N/A	N/A	N/A	ani_screen	classification based on ANI only	N/A	84.25	11	N/A	N/A
SAMN12239311_bin.31	SAMN12239311_bin.31	d__Archaea;p__Thermoproteota;c__Thermoprotei_A;o__Sulfolobales;f__Acidilobaceae;g__S143-63;s__S143-63 sp015521115	GCA_015521115.1	95.0	d__Archaea;p__Thermoproteota;c__Thermoprotei_A;o__Sulfolobales;f__Acidilobaceae;g__S143-63;s__S143-63 sp015521115	99.96	0.958	N/A	N/A	N/A	N/A	N/A	N/A	ani_screen	classification based on ANI only	N/A	97.32	11	N/A	N/A
SAMN12239311_bin.38	SAMN12239311_bin.38	d__Archaea;p__Halobacteriota;c__Archaeoglobi;o__Archaeoglobales;f__Archaeoglobaceae;g__Geoglobus;s__	N/A	N/A	N/A	N/A	N/A	N/A	N/A	N/A	N/A	N/A	d__Archaea;p__Halobacteriota;c__Archaeoglobi;o__Archaeoglobales;f__Archaeoglobaceae;g__Geoglobus;s__	taxonomic classification fully defined by topology	N/A	N/A	88.58	11	0.97407	N/A
SAMN12239311_bin.42	SAMN12239311_bin.42	d__Archaea;p__Thermoproteota;c__Thermoprotei_A;o__Sulfolobales;f__Acidilobaceae;g__S012-22;s__S012-22 sp027044005	GCA_027044005.1	95.0	d__Archaea;p__Thermoproteota;c__Thermoprotei_A;o__Sulfolobales;f__Acidilobaceae;g__S012-22;s__S012-22 sp027044005	99.85	0.846	N/A	N/A	N/A	N/A	N/A	N/A	ani_screen	classification based on ANI only	N/A	93.61	11	N/A	N/A
SAMN12239311_bin.59	SAMN12239311_bin.59	d__Archaea;p__Thermoplasmatota;c__Thermoplasmata;o__Thermoplasmatales;f__Aciduliprofundaceae;g__S143-98;s__S143-98 sp015520975	GCA_015520975.1	95.0	d__Archaea;p__Thermoplasmatota;c__Thermoplasmata;o__Thermoplasmatales;f__Aciduliprofundaceae;g__S143-98;s__S143-98 sp015520975	99.88	0.952	N/A	N/A	N/A	N/A	N/A	N/A	ani_screen	classification based on ANI only	N/A	97.8	11	N/A	N/A
SAMN12239311_bin.6	SAMN12239311_bin.6	d__Archaea;p__Thermoproteota;c__Thermoprotei_A;o__Sulfolobales;f__NBVN01;g__WAOK01;s__WAOK01 sp015521325	GCA_015521325.1	95.0	d__Archaea;p__Thermoproteota;c__Thermoprotei_A;o__Sulfolobales;f__NBVN01;g__WAOK01;s__WAOK01 sp015521325	99.79	0.955	N/A	N/A	N/A	N/A	N/A	N/A	ani_screen	classification based on ANI only	N/A	93.52	11	N/A	N/A
SAMN12239311_bin.80	SAMN12239311_bin.80	d__Archaea;p__Thermoproteota;c__Thermoprotei_A;o__Sulfolobales;f__Acidilobaceae;g__Thermodiscus;s__Thermodiscus sp015521175	GCA_015521175.1	95.0	d__Archaea;p__Thermoproteota;c__Thermoprotei_A;o__Sulfolobales;f__Acidilobaceae;g__Thermodiscus;s__Thermodiscus sp015521175	99.64	0.852	N/A	N/A	N/A	N/A	N/A	N/A	ani_screen	classification based on ANI only	N/A	86.13	11	N/A	N/A
SAMN12239312_bin.25	SAMN12239312_bin.25	d__Archaea;p__Methanobacteriota_B;c__Thermococci;o__Thermococcales;f__Thermococcaceae;g__Thermococcus;s__Thermococcus sp015520705	GCA_015520705.1	95.0	d__Archaea;p__Methanobacteriota_B;c__Thermococci;o__Thermococcales;f__Thermococcaceae;g__Thermococcus;s__Thermococcus sp015520705	99.53	0.939	N/A	N/A	N/A	N/A	N/A	N/A	ani_screen	classification based on ANI only	N/A	93.82	11	N/A	N/A
SAMN12239312_bin.65	SAMN12239312_bin.65	d__Archaea;p__Halobacteriota;c__Archaeoglobi;o__Archaeoglobales;f__Archaeoglobaceae;g__Geoglobus;s__Geoglobus sp964631435	GCA_964631435.1	95.0	d__Archaea;p__Halobacteriota;c__Archaeoglobi;o__Archaeoglobales;f__Archaeoglobaceae;g__Geoglobus;s__Geoglobus sp964631435	99.83	0.926	N/A	N/A	N/A	N/A	N/A	N/A	ani_screen	classification based on ANI only	N/A	79.22	11	N/A	N/A
SAMN12239312_bin.98	SAMN12239312_bin.98	d__Archaea;p__Methanobacteriota_B;c__Thermococci;o__Thermococcales;f__Thermococcaceae;g__Thermococcus;s__	N/A	N/A	N/A	N/A	N/A	N/A	N/A	N/A	N/A	N/A	d__Archaea;p__Methanobacteriota_B;c__Thermococci;o__Thermococcales;f__Thermococcaceae;g__Thermococcus;s__	taxonomic classification fully defined by topology	N/A	N/A	94.42	11	0.99022	N/A
SAMN12239313_bin.27	SAMN12239313_bin.27	d__Archaea;p__Thermoplasmatota;c__Thermoplasmata;o__Thermoplasmatales;f__Aciduliprofundaceae;g__Aciduliprofundum;s__Aciduliprofundum sp015520565	GCA_015520565.1	95.0	d__Archaea;p__Thermoplasmatota;c__Thermoplasmata;o__Thermoplasmatales;f__Aciduliprofundaceae;g__Aciduliprofundum;s__Aciduliprofundum sp015520565	99.7	0.959	N/A	N/A	N/A	N/A	N/A	N/A	ani_screen	classification based on ANI only	N/A	94.05	11	N/A	N/A
SAMN12239313_bin.35	SAMN12239313_bin.35	d__Archaea;p__Thermoplasmatota;c__Thermoplasmata;o__Thermoplasmatales;f__Aciduliprofundaceae;g__JAADDK01;s__JAADDK01 sp027056155	GCA_027056155.1	95.0	d__Archaea;p__Thermoplasmatota;c__Thermoplasmata;o__Thermoplasmatales;f__Aciduliprofundaceae;g__JAADDK01;s__JAADDK01 sp027056155	99.93	0.948	N/A	N/A	N/A	N/A	N/A	N/A	ani_screen	classification based on ANI only	N/A	90.71	11	N/A	N/A
SAMN12239314_bin.1	SAMN12239314_bin.1	d__Archaea;p__Hydrothermarchaeota;c__Hydrothermarchaeia;o__JALTZZ01;f__JALUTC01;g__JALUTC01;s__	N/A	N/A	N/A	N/A	N/A	N/A	N/A	N/A	N/A	N/A	d__Archaea;p__Hydrothermarchaeota;c__Hydrothermarchaeia;o__JALTZZ01;f__JALUTC01;g__JALUTC01;s__	taxonomic classification fully defined by topology	N/A	N/A	87.64	11	0.9696	N/A
SAMN12239314_bin.100	SAMN12239314_bin.100	d__Archaea;p__Thermoproteota;c__Nitrososphaeria;o__Nitrososphaerales;f__Nitrosocaldaceae;g__Nitrosothermus;s__	N/A	N/A	N/A	N/A	N/A	N/A	N/A	N/A	N/A	N/A	d__Archaea;p__Thermoproteota;c__Nitrososphaeria;o__Nitrososphaerales;f__Nitrosocaldaceae;g__;s__	taxonomic novelty determined using RED	N/A	N/A	83.41	11	0.8611	N/A
SAMN12239314_bin.109	SAMN12239314_bin.109	d__Archaea;p__Asgardarchaeota;c__Heimdallarchaeia;o__Hodarchaeales;f__S146-22;g__JAJRXH01;s__	N/A	N/A	N/A	N/A	N/A	N/A	N/A	N/A	N/A	N/A	d__Archaea;p__Asgardarchaeota;c__Heimdallarchaeia;o__Hodarchaeales;f__S146-22;g__;s__	taxonomic novelty determined using RED	N/A	N/A	79.1	11	0.96571	N/A
SAMN12239314_bin.131	SAMN12239314_bin.131	d__Archaea;p__Thermoproteota;c__Thermoprotei_A;o__Sulfolobales;f__Fervidicoccaceae;g__;s__	N/A	N/A	N/A	N/A	N/A	N/A	N/A	N/A	N/A	N/A	d__Archaea;p__Thermoproteota;c__Thermoprotei_A;o__Sulfolobales;f__Fervidicoccaceae;g__;s__	taxonomic novelty determined using RED	N/A	N/A	96.57	11	0.83593	N/A
SAMN12239314_bin.140	SAMN12239314_bin.140	d__Archaea;p__Hydrothermarchaeota;c__Hydrothermarchaeia;o__JALTZZ01;f__JALTZZ01;g__JALTZZ01;s__	N/A	N/A	N/A	N/A	N/A	N/A	N/A	N/A	N/A	N/A	d__Archaea;p__Hydrothermarchaeota;c__Hydrothermarchaeia;o__JALTZZ01;f__;g__;s__	taxonomic novelty determined using RED	N/A	N/A	91.49	11	0.95537	N/A
SAMN12239314_bin.173	SAMN12239314_bin.173	d__Archaea;p__Thermoproteota;c__Thermoprotei_A;o__Sulfolobales;f__Acidilobaceae;g__JALURD01;s__JALURD01 sp027057815	GCA_027057815.1	95.0	d__Archaea;p__Thermoproteota;c__Thermoprotei_A;o__Sulfolobales;f__Acidilobaceae;g__JALURD01;s__JALURD01 sp027057815	99.7	0.953	N/A	N/A	N/A	N/A	N/A	N/A	ani_screen	classification based on ANI only	N/A	94.44	11	N/A	N/A
SAMN12239314_bin.181	SAMN12239314_bin.181	d__Archaea;p__Hydrothermarchaeota;c__Hydrothermarchaeia;o__Hydrothermarchaeales;f__BMS3B;g__Pyrohabitans;s__	N/A	N/A	N/A	N/A	N/A	N/A	N/A	N/A	N/A	N/A	d__Archaea;p__Hydrothermarchaeota;c__Hydrothermarchaeia;o__Hydrothermarchaeales;f__BMS3B;g__Pyrohabitans;s__	taxonomic classification fully defined by topology	N/A	N/A	83.68	11	0.95239	N/A
SAMN12239314_bin.20	SAMN12239314_bin.20	d__Archaea;p__Thermoproteota;c__Thermoprotei;o__Gearchaeales;f__WAQG01;g__WAQG01;s__WAQG01 sp015520395	GCA_015520395.1	95.0	d__Archaea;p__Thermoproteota;c__Thermoprotei;o__Gearchaeales;f__WAQG01;g__WAQG01;s__WAQG01 sp015520395	99.92	0.92	N/A	N/A	N/A	N/A	N/A	N/A	ani_screen	classification based on ANI only	N/A	90.3	11	N/A	N/A
SAMN12239314_bin.22	SAMN12239314_bin.22	d__Archaea;p__Thermoproteota;c__Thermoprotei;o__Thermofilales;f__B69-G16;g__B69-G16;s__B69-G16 sp027017165	GCA_027017165.1	95.0	d__Archaea;p__Thermoproteota;c__Thermoprotei;o__Thermofilales;f__B69-G16;g__B69-G16;s__B69-G16 sp027017165	99.96	0.934	N/A	N/A	N/A	N/A	N/A	N/A	ani_screen	classification based on ANI only	N/A	87.41	11	N/A	N/A
SAMN12239314_bin.28	SAMN12239314_bin.28	d__Archaea;p__Thermoproteota;c__Thermoprotei_A;o__Sulfolobales;f__Acidilobaceae;g__WAQN01;s__WAQN01 sp015520195	GCA_015520195.1	95.0	d__Archaea;p__Thermoproteota;c__Thermoprotei_A;o__Sulfolobales;f__Acidilobaceae;g__WAQN01;s__WAQN01 sp015520195	99.87	0.913	N/A	N/A	N/A	N/A	N/A	N/A	ani_screen	classification based on ANI only	N/A	98.63	11	N/A	N/A
SAMN12239314_bin.33	SAMN12239314_bin.33	d__Archaea;p__Thermoproteota;c__Thermoprotei_A;o__Sulfolobales;f__WAQK01;g__WAQK01;s__WAQK01 sp027016915	GCA_027016915.1	95.0	d__Archaea;p__Thermoproteota;c__Thermoprotei_A;o__Sulfolobales;f__WAQK01;g__WAQK01;s__WAQK01 sp027016915	99.79	0.845	N/A	N/A	N/A	N/A	N/A	N/A	ani_screen	classification based on ANI only	N/A	91.1	11	N/A	N/A
SAMN12239314_bin.48	SAMN12239314_bin.48	d__Archaea;p__Asgardarchaeota;c__Heimdallarchaeia;o__Hodarchaeales;f__S146-22;g__S146-22;s__S146-22 sp015520535	GCA_015520535.1	95.0	d__Archaea;p__Asgardarchaeota;c__Heimdallarchaeia;o__Hodarchaeales;f__S146-22;g__S146-22;s__S146-22 sp015520535	99.93	0.862	N/A	N/A	N/A	N/A	N/A	N/A	ani_screen	classification based on ANI only	N/A	75.28	11	N/A	N/A
SAMN12239314_bin.66	SAMN12239314_bin.66	d__Archaea;p__Thermoproteota;c__Nitrososphaeria_A;o__Caldarchaeales;f__Caldarchaeaceae;g__Pelearchaeum;s__Pelearchaeum sp015520425	GCA_015520425.1	95.0	d__Archaea;p__Thermoproteota;c__Nitrososphaeria_A;o__Caldarchaeales;f__Caldarchaeaceae;g__Pelearchaeum;s__Pelearchaeum sp015520425	99.33	0.974	N/A	N/A	N/A	N/A	N/A	N/A	ani_screen	classification based on ANI only	N/A	89.54	11	N/A	N/A
SAMN12239314_bin.67	SAMN12239314_bin.67	d__Archaea;p__Hydrothermarchaeota;c__Hydrothermarchaeia;o__Hydrothermarchaeales;f__WAQR01;g__WAQR01;s__WAQR01 sp015520145	GCA_015520145.1	95.0	d__Archaea;p__Hydrothermarchaeota;c__Hydrothermarchaeia;o__Hydrothermarchaeales;f__WAQR01;g__WAQR01;s__WAQR01 sp015520145	99.6	0.842	N/A	N/A	N/A	N/A	N/A	N/A	ani_screen	classification based on ANI only	N/A	92.79	11	N/A	N/A
SAMN12239314_bin.69	SAMN12239314_bin.69	d__Archaea;p__Thermoproteota;c__Nitrososphaeria_A;o__Caldarchaeales;f__Wolframiiraptoraceae;g__Benthortus;s__Benthortus lauensis	GCA_021650775.1	95.0	d__Archaea;p__Thermoproteota;c__Nitrososphaeria_A;o__Caldarchaeales;f__Wolframiiraptoraceae;g__Benthortus;s__Benthortus lauensis	98.75	0.947	N/A	N/A	N/A	N/A	N/A	N/A	ani_screen	classification based on ANI only	N/A	92.52	11	N/A	N/A
SAMN12239314_bin.70	SAMN12239314_bin.70	d__Archaea;p__Thermoproteota;c__Thermoprotei_A;o__Sulfolobales;f__Pyrodictiaceae;g__QNYQ01;s__QNYQ01 sp027046265	GCA_027046265.1	95.0	d__Archaea;p__Thermoproteota;c__Thermoprotei_A;o__Sulfolobales;f__Pyrodictiaceae;g__QNYQ01;s__QNYQ01 sp027046265	99.43	0.912	N/A	N/A	N/A	N/A	N/A	N/A	ani_screen	classification based on ANI only	N/A	87.34	11	N/A	N/A
SAMN12239314_bin.86	SAMN12239314_bin.86	d__Archaea;p__Thermoproteota;c__Bathyarchaeia;o__Bathyarchaeales;f__WAQA01;g__WAQA01;s__WAQA01 sp015520475	GCA_015520475.1	95.0	d__Archaea;p__Thermoproteota;c__Bathyarchaeia;o__Bathyarchaeales;f__WAQA01;g__WAQA01;s__WAQA01 sp015520475	99.91	0.961	N/A	N/A	N/A	N/A	N/A	N/A	ani_screen	classification based on ANI only	N/A	85.17	11	N/A	N/A
SAMN12239314_bin.88	SAMN12239314_bin.88	d__Archaea;p__Thermoproteota;c__Nitrososphaeria;o__Geothermarchaeales;f__JDFR-13;g__SZUA-1514;s__SZUA-1514 sp015523545	GCA_015523545.1	95.0	d__Archaea;p__Thermoproteota;c__Nitrososphaeria;o__Geothermarchaeales;f__JDFR-13;g__SZUA-1514;s__SZUA-1514 sp015523545	99.48	0.981	N/A	N/A	N/A	N/A	N/A	N/A	ani_screen	classification based on ANI only	N/A	90.59	11	N/A	N/A
SAMN12330932_bin.12	SAMN12330932_bin.12	d__Archaea;p__Halobacteriota;c__Archaeoglobi;o__Archaeoglobales;f__Archaeoglobaceae;g__JdFR-37;s__JdFR-37 sp964533255	GCA_964533255.1	95.0	d__Archaea;p__Halobacteriota;c__Archaeoglobi;o__Archaeoglobales;f__Archaeoglobaceae;g__JdFR-37;s__JdFR-37 sp964533255	99.76	0.923	N/A	N/A	N/A	N/A	N/A	N/A	ani_screen	classification based on ANI only	N/A	92.88	11	N/A	N/A
SAMN12330932_bin.35	SAMN12330932_bin.35	d__Archaea;p__Halobacteriota;c__Archaeoglobi;o__Archaeoglobales;f__Archaeoglobaceae;g__Ferroglobus;s__Ferroglobus sp964463865	GCA_964463865.1	95.0	d__Archaea;p__Halobacteriota;c__Archaeoglobi;o__Archaeoglobales;f__Archaeoglobaceae;g__Ferroglobus;s__Ferroglobus sp964463865	99.9	0.919	N/A	N/A	N/A	N/A	N/A	N/A	ani_screen	classification based on ANI only	N/A	93.09	11	N/A	N/A
SAMN12330933_bin.25	SAMN12330933_bin.25	d__Archaea;p__Halobacteriota;c__Methanosarcinia;o__Methanosarcinales;f__CAZCCY01;g__CAZCCY01;s__CAZCCY01 sp964497545	GCA_964497545.1	95.0	d__Archaea;p__Halobacteriota;c__Methanosarcinia;o__Methanosarcinales;f__CAZCCY01;g__CAZCCY01;s__CAZCCY01 sp964497545	99.76	0.951	N/A	N/A	N/A	N/A	N/A	N/A	ani_screen	classification based on ANI only	N/A	93.66	11	N/A	N/A
SAMN12330935_bin.17	SAMN12330935_bin.17	d__Archaea;p__Halobacteriota;c__Archaeoglobi;o__Archaeoglobales;f__JdFR-42;g__WAJW01;s__	N/A	N/A	N/A	N/A	N/A	N/A	N/A	N/A	N/A	N/A	d__Archaea;p__Halobacteriota;c__Archaeoglobi;o__Archaeoglobales;f__JdFR-42;g__;s__	taxonomic novelty determined using RED	N/A	N/A	92.49	11	0.94111	N/A
SAMN12330935_bin.5	SAMN12330935_bin.5	d__Archaea;p__Halobacteriota;c__Archaeoglobi;o__Archaeoglobales;f__Archaeoglobaceae;g__Geoglobus;s__	N/A	N/A	N/A	N/A	N/A	N/A	N/A	N/A	N/A	N/A	d__Archaea;p__Halobacteriota;c__Archaeoglobi;o__Archaeoglobales;f__Archaeoglobaceae;g__Geoglobus;s__	taxonomic classification fully defined by topology	N/A	N/A	94.55	11	0.98607	N/A
SAMN12330939_bin.20	SAMN12330939_bin.20	d__Archaea;p__Thermoproteota;c__Thermoprotei_A;o__Sulfolobales;f__Acidilobaceae;g__Thermodiscus;s__	N/A	N/A	N/A	N/A	N/A	N/A	N/A	N/A	N/A	N/A	d__Archaea;p__Thermoproteota;c__Thermoprotei_A;o__Sulfolobales;f__Acidilobaceae;g__Thermodiscus;s__	taxonomic classification fully defined by topology	N/A	N/A	85.65	11	0.98068	N/A
SAMN12349584_bin.6	SAMN12349584_bin.6	d__Archaea;p__Halobacteriota;c__UBA148;o__UBA148;f__JAJOKI01;g__JAJOKI01;s__JAJOKI01 sp964412405	GCA_964412405.1	95.0	d__Archaea;p__Halobacteriota;c__UBA148;o__UBA148;f__JAJOKI01;g__JAJOKI01;s__JAJOKI01 sp964412405	99.79	0.924	N/A	N/A	N/A	N/A	N/A	N/A	ani_screen	classification based on ANI only	N/A	98.56	11	N/A	N/A
SAMN13385563_bin.34	SAMN13385563_bin.34	d__Archaea;p__Thermoplasmatota;c__Thermoplasmata;o__UBA10834;f__DTMW01;g__DSAX01;s__	N/A	N/A	N/A	N/A	N/A	N/A	N/A	N/A	N/A	N/A	d__Archaea;p__Thermoplasmatota;c__Thermoplasmata;o__UBA10834;f__DTMW01;g__;s__	taxonomic novelty determined using RED	N/A	N/A	98.17	11	0.86878	N/A
SAMN13385563_bin.4	SAMN13385563_bin.4	d__Archaea;p__Thermoproteota;c__Bathyarchaeia;o__Bathyarchaeales;f__SOJC01;g__SOJC01;s__SOJC01 sp004376645	GCA_004376645.1	95.0	d__Archaea;p__Thermoproteota;c__Bathyarchaeia;o__Bathyarchaeales;f__SOJC01;g__SOJC01;s__SOJC01 sp004376645	95.87	0.807	N/A	N/A	N/A	N/A	N/A	N/A	ani_screen	classification based on ANI only	N/A	92.1	11	N/A	N/A
SAMN13385563_bin.78	SAMN13385563_bin.78	d__Archaea;p__Thermoproteota;c__Bathyarchaeia;o__Bathyarchaeales;f__Bathycorpusculaceae;g__SOJA01;s__SOJA01 sp030628925	GCA_030628925.1	95.0	d__Archaea;p__Thermoproteota;c__Bathyarchaeia;o__Bathyarchaeales;f__Bathycorpusculaceae;g__SOJA01;s__SOJA01 sp030628925	96.41	0.671	N/A	N/A	N/A	N/A	N/A	N/A	ani_screen	classification based on ANI only	N/A	91.9	11	N/A	N/A
SAMN13702308_bin.53	SAMN13702308_bin.53	d__Archaea;p__Micrarchaeota;c__Micrarchaeia;o__Anstonellales;f__Bilamarchaeaceae;g__CAIKOA01;s__CAIKOA01 sp030613375	GCA_030613375.1	95.0	d__Archaea;p__Micrarchaeota;c__Micrarchaeia;o__Anstonellales;f__Bilamarchaeaceae;g__CAIKOA01;s__CAIKOA01 sp030613375	99.87	0.968	N/A	N/A	N/A	N/A	N/A	N/A	ani_screen	classification based on ANI only	N/A	87.98	11	N/A	N/A
SAMN13702310_bin.16	SAMN13702310_bin.16	d__Archaea;p__Asgardarchaeota;c__Heimdallarchaeia;o__Heimdallarchaeales;f__Heimdallarchaeaceae;g__UBA460;s__UBA460 sp030607575	GCA_030607575.1	95.0	d__Archaea;p__Asgardarchaeota;c__Heimdallarchaeia;o__Heimdallarchaeales;f__Heimdallarchaeaceae;g__UBA460;s__UBA460 sp030607575	99.92	0.988	N/A	N/A	N/A	N/A	N/A	N/A	ani_screen	classification based on ANI only	GCA_030607575.1, s__UBA460 sp030607575, 95.0, 99.92, 0.988; GCA_023139025.1, s__UBA460 sp023139025, 95.0, 91.96, 0.631; GCA_030668825.1, s__UBA460 sp023132955, 95.0, 91.48, 0.643; GCA_030608385.1, s__UBA460 sp030608385, 95.0, 91.29, 0.688; GCA_021399345.1, s__UBA460 sp021399345, 95.0, 90.9, 0.673; GCA_019057375.1, s__UBA460 sp002505645, 95.0, 90.68, 0.684	96.41	11	N/A	N/A
SAMN13702310_bin.6	SAMN13702310_bin.6	d__Archaea;p__Halobacteriota;c__Methanosarcinia;o__Methanosarcinales;f__Methanocomedenaceae;g__Methanocomedens_A;s__Methanocomedens_A sp009649835	GCA_009649835.1	95.0	d__Archaea;p__Halobacteriota;c__Methanosarcinia;o__Methanosarcinales;f__Methanocomedenaceae;g__Methanocomedens_A;s__Methanocomedens_A sp009649835	96.5	0.744	N/A	N/A	N/A	N/A	N/A	N/A	ani_screen	classification based on ANI only	GCA_009649835.1, s__Methanocomedens_A sp009649835, 95.0, 96.5, 0.744; GCA_030610815.1, s__Methanocomedens_A sp030610815, 95.0, 92.16, 0.547; GCA_014237145.1, s__Methanocomedens_A sp014237145, 95.0, 91.6, 0.543; GCA_965370445.1, s__Methanocomedens_A sp965370445, 95.0, 91.43, 0.536	92.81	11	N/A	N/A
SAMN13702312_bin.3	SAMN13702312_bin.3	d__Archaea;p__Asgardarchaeota;c__Heimdallarchaeia;o__Heimdallarchaeales;f__Heimdallarchaeaceae;g__UBA460;s__UBA460 sp030611665	GCA_030611665.1	95.0	d__Archaea;p__Asgardarchaeota;c__Heimdallarchaeia;o__Heimdallarchaeales;f__Heimdallarchaeaceae;g__UBA460;s__UBA460 sp030611665	99.8	0.947	N/A	N/A	N/A	N/A	N/A	N/A	ani_screen	classification based on ANI only	N/A	95.03	11	N/A	N/A
SAMN13702313_bin.11	SAMN13702313_bin.11	d__Archaea;p__Halobacteriota;c__Syntropharchaeia;o__Alkanophagales;f__Methanospirareceae;g__JACGMN01;s__JACGMN01 sp030611045	GCA_030611045.1	95.0	d__Archaea;p__Halobacteriota;c__Syntropharchaeia;o__Alkanophagales;f__Methanospirareceae;g__JACGMN01;s__JACGMN01 sp030611045	99.9	0.965	N/A	N/A	N/A	N/A	N/A	N/A	ani_screen	classification based on ANI only	N/A	93.61	11	N/A	N/A
SAMN13702313_bin.4	SAMN13702313_bin.4	d__Archaea;p__Halobacteriota;c__Methanosarcinia;o__Methanotrichales;f__Methanotrichaceae;g__UBA204;s__UBA204 sp030611205	GCA_030611205.1	95.0	d__Archaea;p__Halobacteriota;c__Methanosarcinia;o__Methanotrichales;f__Methanotrichaceae;g__UBA204;s__UBA204 sp030611205	99.91	0.958	N/A	N/A	N/A	N/A	N/A	N/A	ani_screen	classification based on ANI only	GCA_030611205.1, s__UBA204 sp030611205, 95.0, 99.91, 0.958; GCA_002501765.1, s__UBA204 sp002501765, 95.0, 94.6, 0.668; GCA_964416865.1, s__UBA204 sp964416865, 95.0, 93.88, 0.674	99.4	11	N/A	N/A
SAMN13702313_bin.5	SAMN13702313_bin.5	d__Archaea;p__Asgardarchaeota;c__Thorarchaeia;o__Thorarchaeales;f__Thorarchaeaceae;g__WTCK01;s__WTCK01 sp030612365	GCA_030612365.1	95.0	d__Archaea;p__Asgardarchaeota;c__Thorarchaeia;o__Thorarchaeales;f__Thorarchaeaceae;g__WTCK01;s__WTCK01 sp030612365	99.13	0.832	N/A	N/A	N/A	N/A	N/A	N/A	ani_screen	classification based on ANI only	GCA_030612365.1, s__WTCK01 sp030612365, 95.0, 99.13, 0.832; GCA_019057475.1, s__WTCK01 sp019057475, 95.0, 90.64, 0.65; GCA_023134215.1, s__WTCK01 sp023134215, 95.0, 90.54, 0.685; GCA_018238375.1, s__WTCK01 sp018238375, 95.0, 90.51, 0.619; GCA_030669595.1, s__WTCK01 sp030669595, 95.0, 89.7, 0.613	91.71	11	N/A	N/A
SAMN13702313_bin.7	SAMN13702313_bin.7	d__Archaea;p__Halobacteriota;c__Methanosarcinia;o__Methanosarcinales;f__Methanosarcinaceae;g__Methanovorans;s__Methanovorans sp030611265	GCA_030611265.1	95.0	d__Archaea;p__Halobacteriota;c__Methanosarcinia;o__Methanosarcinales;f__Methanosarcinaceae;g__Methanovorans;s__Methanovorans sp030611265	99.95	0.945	N/A	N/A	N/A	N/A	N/A	N/A	ani_screen	classification based on ANI only	N/A	99.61	11	N/A	N/A
SAMN13702313_bin.9	SAMN13702313_bin.9	d__Archaea;p__Halobacteriota;c__Methanosarcinia;o__Methanosarcinales;f__Methanocomedenaceae;g__Methanocomedens_A;s__Methanocomedens_A sp030610815	GCA_030610815.1	95.0	d__Archaea;p__Halobacteriota;c__Methanosarcinia;o__Methanosarcinales;f__Methanocomedenaceae;g__Methanocomedens_A;s__Methanocomedens_A sp030610815	95.74	0.658	N/A	N/A	N/A	N/A	N/A	N/A	ani_screen	classification based on ANI only	GCA_030610815.1, s__Methanocomedens_A sp030610815, 95.0, 95.74, 0.658; GCA_009649835.1, s__Methanocomedens_A sp009649835, 95.0, 93.22, 0.578; GCA_014237145.1, s__Methanocomedens_A sp014237145, 95.0, 92.28, 0.56	96.34	11	N/A	N/A
SAMN14502692_bin.2	SAMN14502692_bin.2	d__Archaea;p__Halobacteriota;c__Methanosarcinia;o__Methanosarcinales;f__Methanocomedenaceae;g__Methanomarinus;s__Methanomarinus sp002926195	GCA_002926195.1	95.0	d__Archaea;p__Halobacteriota;c__Methanosarcinia;o__Methanosarcinales;f__Methanocomedenaceae;g__Methanomarinus;s__Methanomarinus sp002926195	97.39	0.711	N/A	N/A	N/A	N/A	N/A	N/A	ani_screen	classification based on ANI only	N/A	95.54	11	N/A	N/A
SAMN15738834_bin.16	SAMN15738834_bin.16	d__Archaea;p__AGJL01;c__Methanococci;o__Methanococcales;f__Methanococcaceae;g__Methanofervidicoccus;s__	N/A	N/A	N/A	N/A	N/A	N/A	N/A	N/A	N/A	N/A	d__Archaea;p__AGJL01;c__Methanococci;o__Methanococcales;f__Methanococcaceae;g__Methanofervidicoccus;s__	taxonomic classification fully defined by topology	N/A	N/A	99.4	11	0.91018	N/A
SY404RY-5(CNS0876646)_bin.39	SY404RY-5_CNS0876646__bin.39	d__Archaea;p__Thermoplasmatota;c__E2;o__DHVEG-1;f__DHVEG-1;g__DAOWHD01;s__DAOWHD01 sp964385215	GCA_964385215.1	95.0	d__Archaea;p__Thermoplasmatota;c__E2;o__DHVEG-1;f__DHVEG-1;g__DAOWHD01;s__DAOWHD01 sp964385215	95.36	0.567	N/A	N/A	N/A	N/A	N/A	N/A	ani_screen	classification based on ANI only	N/A	91.12	11	N/A	N/A
SY404RY-8(CNS0876649)_bin.36	SY404RY-8_CNS0876649__bin.36	d__Archaea;p__Micrarchaeota;c__Micrarchaeia;o__Anstonellales;f__Bilamarchaeaceae;g__CAIKOA01;s__	N/A	N/A	N/A	N/A	N/A	N/A	N/A	N/A	N/A	N/A	d__Archaea;p__Micrarchaeota;c__Micrarchaeia;o__Anstonellales;f__Bilamarchaeaceae;g__CAIKOA01;s__	taxonomic classification fully defined by topology	N/A	N/A	71.0	11	0.9584	N/A
SY404YG-2(CNS0876651)_bin.29	SY404YG-2_CNS0876651__bin.29	d__Archaea;p__Thermoplasmatota;c__Thermoplasmata;o__RBG-16-68-12;f__JAGMCJ01;g__JAGMCJ01;s__JAGMCJ01 sp022848865	GCA_022848865.1	95.78	d__Archaea;p__Thermoplasmatota;c__Thermoplasmata;o__RBG-16-68-12;f__JAGMCJ01;g__JAGMCJ01;s__JAGMCJ01 sp022848865	96.08	0.74	N/A	N/A	N/A	N/A	N/A	N/A	ani_screen	classification based on ANI only	GCA_022848865.1, s__JAGMCJ01 sp022848865, 95.78, 96.08, 0.74; GCA_022848825.1, s__JAGMCJ01 sp022848825, 95.0, 96.05, 0.672; GCA_023130895.1, s__JAGMCJ01 sp023130895, 96.22, 94.82, 0.645; GCA_023136265.1, s__JAGMCJ01 sp023136265, 95.0, 90.94, 0.649	82.7	11	N/A	N/A
SY404YG-2(CNS0876651)_bin.31	SY404YG-2_CNS0876651__bin.31	d__Archaea;p__Thermoplasmatota;c__Penumbrarchaeia;o__JANQNL01;f__JANQNL01;g__;s__	N/A	N/A	N/A	N/A	N/A	N/A	N/A	N/A	N/A	N/A	d__Archaea;p__Thermoplasmatota;c__Penumbrarchaeia;o__;f__;g__;s__	taxonomic novelty determined using RED	N/A	N/A	90.52	11	0.66604	N/A
