sp_norm	ogt_tempura	tmin_measured	ogt_madin	ogt_toki	ogt_ogtfinder	ogt_ogtfinder_sources	ogt_n_sources	ogt_measured	ogt_spread
"""caldisphaera draconis"""	71.0	60.0					1	71.0	0.0
"""geogemma barossii"""	106.0	85.0					1	106.0	0.0
'streptomyces viridis'			26.0				1	26.0	0.0
[bacillus] caldotenax			65.0				1	65.0	0.0
[bacillus] selenitireducens			26.0				1	26.0	0.0
[bacillus] solfatarensis			50.0				1	50.0	0.0
[bacillus] thermocloacae			57.0				1	57.0	0.0
[brevibacterium] frigoritolerans			29.0				1	29.0	0.0
[butyribacterium] methylotrophicum			38.5				1	38.5	0.0
[clostridium] aerotolerans			38.0				1	38.0	0.0
[clostridium] aldrichii			35.0				1	35.0	0.0
[clostridium] algidixylanolyticum			23.0				1	23.0	0.0
[clostridium] alkalicellulosi			36.25				1	36.25	0.0
[clostridium] amygdalinum			45.0				1	45.0	0.0
[clostridium] caenicola			55.0				1	55.0	0.0
[clostridium] celerecrescens			35.0				1	35.0	0.0
[clostridium] cellulolyticum			35.0				1	35.0	0.0
[clostridium] cellulosi			55.0		57.5	Lyubetsky et al., 2020	2	56.25	2.5
[clostridium] clariflavum			55.0				1	55.0	0.0
[clostridium] colinum			36.0				1	36.0	0.0
[clostridium] fimetarium			20.0				1	20.0	0.0
[clostridium] josui			45.0				1	45.0	0.0
[clostridium] lavalense			36.0				1	36.0	0.0
[clostridium] papyrosolvens			27.0				1	27.0	0.0
[clostridium] paradoxum			55.25				1	55.25	0.0
[clostridium] populeti			36.0				1	36.0	0.0
[clostridium] scindens			36.0				1	36.0	0.0
[clostridium] stercorarium			60.0				1	60.0	0.0
[clostridium] straminisolvens			50.0				1	50.0	0.0
[clostridium] termitidis			37.6				1	37.6	0.0
[clostridium] thermoalcaliphilum			49.75				1	49.75	0.0
[clostridium] thermosuccinogenes			65.8				1	65.8	0.0
[clostridium] xylanolyticum			36.0				1	36.0	0.0
[eubacterium] sulci					37.0	Lyubetsky et al., 2020	1	37.0	0.0
[flavobacterium] thermophilum			48.0				1	48.0	0.0
[haemophilus] ducreyi			32.0		36.0	Lyubetsky et al., 2020	2	34.0	4.0
[haemophilus] piscium			26.0				1	26.0	0.0
[kitasatospora] papulosa			26.0				1	26.0	0.0
[mannheimia] succiniciproducens			39.0				1	39.0	0.0
[mycoplasma] mobile					30.0	Lyubetsky et al., 2020	1	30.0	0.0
[nocardioides] thermolilacinus			45.0				1	45.0	0.0
[pasteurella] aerogenes			36.0				1	36.0	0.0
[polyangium] brachysporum			26.0				1	26.0	0.0
[pseudomonas] cissicola			27.0				1	27.0	0.0
[pseudomonas] geniculata			26.0				1	26.0	0.0
abditibacterium utsteinense	16.5	1.0					1	16.5	0.0
acaricomes phytoseiuli					25.0	BacDive	1	25.0	0.0
acaryochloris marina	29.0	20.0	24.9				2	26.95	4.100000000000001
acetitomaculum ruminis	38.0	34.0					1	38.0	0.0
acetivibrio cellulolyticus	35.0	20.0		35.0			2	35.0	0.0
acetivibrio clariflavus					57.5	BacDive;ThermoBase	1	57.5	0.0
acetivibrio saccincola					60.0	ThermoBase	1	60.0	0.0
acetivibrio thermocellus					60.0	ThermoBase	1	60.0	0.0
acetoanaerobium noterae			35.0				1	35.0	0.0
acetoanaerobium pronyense	35.0	15.0		35.0			2	35.0	0.0
acetoanaerobium sticklandii	33.5	25.0	36.0	33.5			3	34.333333333333336	2.5
acetobacter aceti			27.0	25.6666666666667	30.0	Lyubetsky et al., 2020	3	27.555555555555568	4.3333333333333
acetobacter cerevisiae			27.0				1	27.0	0.0
acetobacter estunensis			26.5				1	26.5	0.0
acetobacter lovaniensis			27.0				1	27.0	0.0
acetobacter malorum			29.0				1	29.0	0.0
acetobacter nitrogenifigens					30.0	aciDB	1	30.0	0.0
acetobacter oeni					28.0	BacDive	1	28.0	0.0
acetobacter orleanensis			26.5				1	26.5	0.0
acetobacter pasteurianus			26.5	27.17857142857145	30.0	Lyubetsky et al., 2020	3	27.89285714285715	3.5
acetobacter peroxydans			27.0				1	27.0	0.0
acetobacter sacchari	29.0	20.0		29.0			2	29.0	0.0
acetobacter senegalensis	35.0	28.0	35.0	35.0	35.0	BacDive	4	35.0	0.0
acetobacter sp.			27.0				1	27.0	0.0
acetobacter suratthaniensis	29.5	28.0		29.5			2	29.5	0.0
acetobacterium bakii	20.0	1.0	19.95	20.0			3	19.983333333333334	0.05000000000000071
acetobacterium carbinolicum	20.0	15.0					1	20.0	0.0
acetobacterium fimetarium			29.8				1	29.8	0.0
acetobacterium paludosum	20.0	1.0	19.95	20.0			3	19.983333333333334	0.05000000000000071
acetobacterium tundrae	20.0	1.0	21.05	20.0			3	20.349999999999998	1.0500000000000007
acetobacterium woodii					30.0	Lyubetsky et al., 2020	1	30.0	0.0
acetohalobium arabaticum	39.0	30.0		36.5	39.0	Lyubetsky et al., 2020	3	38.166666666666664	2.5
acetomicrobium flavidum	58.0	35.0	53.0	55.583333333333336	58.0	ThermoBase	4	56.145833333333336	5.0
acetomicrobium hydrogeniformans	55.0	40.0	55.0	55.0	55.0	ThermoBase	4	55.0	0.0
acetomicrobium mobile	57.5	35.0	54.9		57.5	ThermoBase	3	56.63333333333333	2.6000000000000014
acetomicrobium thermoterrenum	55.0	28.0	50.0	55.0	55.0	ThermoBase	4	53.75	5.0
acetonema longum	31.5	19.0	31.5				2	31.5	0.0
acholeplasma axanthum			32.0				1	32.0	0.0
acholeplasma hippikon	36.0	22.0		36.0			2	36.0	0.0
acholeplasma laidlawii					37.0	Lyubetsky et al., 2020	1	37.0	0.0
acholeplasma modicum	36.0	22.0					1	36.0	0.0
acholeplasma morum	36.0	23.0					1	36.0	0.0
acholeplasma oculi			35.0				1	35.0	0.0
achromobacter aloeverae	33.5	20.0					1	33.5	0.0
achromobacter cholinophagum			26.0				1	26.0	0.0
achromobacter cycloclastes			34.0				1	34.0	0.0
achromobacter insolitus			33.0				1	33.0	0.0
achromobacter insuavis			34.0				1	34.0	0.0
achromobacter piechaudii	29.0	18.0	31.5	29.3335			3	29.9445	2.5
achromobacter ruhlandii			29.0				1	29.0	0.0
achromobacter spanius			32.0				1	32.0	0.0
achromobacter veterisilvae	32.5	4.0		32.5			2	32.5	0.0
achromobacter xylosoxidans			31.0				1	31.0	0.0
acidaminococcus fermentans	33.5	25.0		34.375	33.5	Lyubetsky et al., 2020	3	33.791666666666664	0.875
acidianus ambivalens	80.0	70.0	79.7	80.0	80.5	ThermoBase	4	80.05	0.7999999999999972
acidianus brierleyi	70.0	45.0	70.0		70.0	ThermoBase;aciDB	3	70.0	0.0
acidianus copahuensis					75.0	aciDB	1	75.0	0.0
acidianus infernus	90.0	65.0	88.0	89.0	90.0	ThermoBase	4	89.25	2.0
acidianus manzaensis	80.0	60.0		80.0	65.0	ThermoBase;aciDB	3	75.0	15.0
acidianus sp.			70.0				1	70.0	0.0
acidianus sulfidivorans	74.0	45.0	70.0	69.66666666666667	74.0	ThermoBase;aciDB	4	71.91666666666667	4.333333333333329
acidianus tengchongensis	70.0	55.0			70.0	ThermoBase	2	70.0	0.0
acidibacillus sulfuroxidans	40.0	30.0					1	40.0	0.0
acidibacter ferrireducens	33.5	8.0					1	33.5	0.0
acidicaldus organivorans			50.0		52.5	aciDB	2	51.25	2.5
acidicapsa acidiphila	31.0	10.0					1	31.0	0.0
acidicapsa acidisoli	27.5	10.0					1	27.5	0.0
acidicapsa borealis			20.0				1	20.0	0.0
acidicapsa dinghuensis	27.5	12.0					1	27.5	0.0
acidicapsa ferrireducens	31.0	10.0					1	31.0	0.0
acidiferrobacter sp.					22.5	aciDB	1	22.5	0.0
acidiferrobacter thiooxydans	38.0	21.0		38.0	33.5	aciDB	3	36.5	4.5
acidihalobacter aeolianus					36.0	BacDive	1	36.0	0.0
acidihalobacter ferrooxidans			35.0				1	35.0	0.0
acidihalobacter ferrooxydans					30.0	aciDB	1	30.0	0.0
acidihalobacter prosperus			33.9		30.0	aciDB	2	31.95	3.8999999999999986
acidilobus aceticus	85.0	60.0	82.45		85.0	ThermoBase	3	84.14999999999999	2.549999999999997
acidilobus saccharovorans	82.5	60.0	80.0	81.389	82.5	ThermoBase;aciDB	4	81.59725	2.5
acidilobus sp.					85.0	aciDB	1	85.0	0.0
acidilobus sulfurireducens	81.0	62.0			81.0	ThermoBase	2	81.0	0.0
acidimicrobium ferrooxidans	48.0	34.0	46.15		48.0	Lyubetsky et al., 2020;ThermoBase;aciDB	3	47.38333333333333	1.8500000000000014
acidiphilium acidophilum	27.5	15.0	27.0				2	27.25	0.5
acidiphilium angustum			20.0		20.0	aciDB	2	20.0	0.0
acidiphilium cryptum	33.5	15.0	31.0		34.25	Lyubetsky et al., 2020;aciDB	3	32.916666666666664	3.25
acidiphilium multivorum	31.0	17.0		32.7725	31.0	Lyubetsky et al., 2020;aciDB	3	31.590833333333336	1.7725000000000009
acidiphilium organovorum	27.5	15.0					1	27.5	0.0
acidiphilium rubrum	27.5	15.0	20.0	23.75	20.0	aciDB	4	22.8125	7.5
acidipila dinghuensis	32.5	10.0					1	32.5	0.0
acidipila rosea					30.0	aciDB	1	30.0	0.0
acidiplasma aeolicum	45.0	15.0	41.75	42.5	45.0	ThermoBase;aciDB	4	43.5625	3.25
acidiplasma cupricumulans	53.6	22.0	53.3		53.6	ThermoBase;aciDB	3	53.5	0.30000000000000426
acidiplasma sp.					55.0	aciDB	1	55.0	0.0
acidipropionibacterium acidipropionici			32.0				1	32.0	0.0
acidipropionibacterium jensenii			33.0				1	33.0	0.0
acidisoma sibiricum	22.5	2.0	20.0				2	21.25	2.5
acidisoma sp.					20.0	aciDB	1	20.0	0.0
acidisoma tundrae	18.5	2.0	20.0				2	19.25	1.5
acidisphaera rubrifaciens	32.5	20.0			32.5	aciDB	2	32.5	0.0
aciditerrimonas ferrireducens	50.0	35.0	50.0		50.0	ThermoBase;aciDB	3	50.0	0.0
acidithiobacillus albertensis					30.0	aciDB	1	30.0	0.0
acidithiobacillus caldus	45.0	32.0	43.0		45.0	Lyubetsky et al., 2020;ThermoBase;aciDB	3	44.333333333333336	2.0
acidithiobacillus ferrianus	29.0	20.0		29.0			2	29.0	0.0
acidithiobacillus ferridurans	29.0	10.0	29.0	29.0	29.0	aciDB	4	29.0	0.0
acidithiobacillus ferrivorans	29.5	4.0		29.5	25.25	aciDB	3	28.083333333333332	4.25
acidithiobacillus ferrooxidans	32.5	10.0	27.0	29.9558823529412	30.0	Lyubetsky et al., 2020;aciDB	4	29.8639705882353	5.5
acidithiobacillus marinus					30.0	aciDB	1	30.0	0.0
acidithiobacillus sp.			45.0				1	45.0	0.0
acidithiobacillus sulfuriphilus					26.5	aciDB	1	26.5	0.0
acidithiobacillus thiooxidans	29.0	10.0	27.0	27.9375	30.0	aciDB	4	28.484375	3.0
acidithrix ferrooxidans	22.5	10.0		22.5	25.0	aciDB	3	23.333333333333332	2.5
acidobacterium ailaaui	40.0	15.0					1	40.0	0.0
acidobacterium capsulatum					31.0	Lyubetsky et al., 2020;aciDB	1	31.0	0.0
acidocella aminolytica			33.0	32.3333333333333	31.0	aciDB	3	32.1111111111111	2.0
acidocella facilis			20.0	20.0	31.0	aciDB	3	23.666666666666668	11.0
acidocella sp.					6.29	aciDB	1	6.29	0.0
acidomonas methanolica					33.5	aciDB	1	33.5	0.0
acidothermus cellulolyticus	55.0	37.0	57.2	55.66666666666666	55.0	Lyubetsky et al., 2020;ThermoBase;aciDB	4	55.71666666666667	2.200000000000003
acidovorax anthurii			29.0				1	29.0	0.0
acidovorax avenae			26.5				1	26.5	0.0
acidovorax carolinensis	31.25	4.0		31.25			2	31.25	0.0
acidovorax cattleyae			27.0				1	27.0	0.0
acidovorax delafieldii			26.5	29.0			2	27.75	2.5
acidovorax facilis			29.0				1	29.0	0.0
acidovorax oryzae			26.0				1	26.0	0.0
acidovorax radicis					30.0	BacDive	1	30.0	0.0
acidovorax soli					30.0	BacDive	1	30.0	0.0
acidovorax sp.			29.0		6.29	aciDB	2	17.645	22.71
acidovorax valerianellae			27.0				1	27.0	0.0
acidovorax wautersii			29.0				1	29.0	0.0
aciduliprofundum boonei	70.0	55.0	70.0	70.0	70.0	ThermoBase;aciDB	4	70.0	0.0
aciduliprofundum sp.					65.0	ThermoBase	1	65.0	0.0
aciduliprofundum sp000327505				70.0			1	70.0	0.0
acinetobacter baumannii			33.5	34.863			2	34.1815	1.3629999999999995
acinetobacter baylyi			31.0				1	31.0	0.0
acinetobacter beijerinckii			29.0	31.0	31.0	BacDive	3	30.333333333333332	2.0
acinetobacter bereziniae			29.0				1	29.0	0.0
acinetobacter brisouii			29.0				1	29.0	0.0
acinetobacter calcoaceticus			33.0	29.5			2	31.25	3.5
acinetobacter genospecies			32.0				1	32.0	0.0
acinetobacter glutaminasificans			26.0				1	26.0	0.0
acinetobacter guillouiae				38.0			1	38.0	0.0
acinetobacter gyllenbergii			34.0	30.5	31.0	BacDive	3	31.833333333333332	3.5
acinetobacter haemolyticus			31.0				1	31.0	0.0
acinetobacter harbinensis				20.0			1	20.0	0.0
acinetobacter indicus			31.0		28.0	BacDive	2	29.5	3.0
acinetobacter johnsonii			29.0		22.5	Lyubetsky et al., 2020	2	25.75	6.5
acinetobacter junii				29.3333333333333			1	29.3333333333333	0.0
acinetobacter kookii			35.0				1	35.0	0.0
acinetobacter larvae	32.5	10.0		32.5			2	32.5	0.0
acinetobacter nectaris				27.5			1	27.5	0.0
acinetobacter piscicola	26.5	4.0		26.5			2	26.5	0.0
acinetobacter pittii			29.0				1	29.0	0.0
acinetobacter puyangensis				29.0			1	29.0	0.0
acinetobacter radioresistens			29.0	29.0			2	29.0	0.0
acinetobacter refrigeratoris	29.0	10.0					1	29.0	0.0
acinetobacter rudis				23.5			1	23.5	0.0
acinetobacter schindleri			29.0				1	29.0	0.0
acinetobacter seifertii			34.0				1	34.0	0.0
acinetobacter soli			29.0				1	29.0	0.0
acinetobacter sp.			32.0				1	32.0	0.0
acinetobacter venetianus			29.0	30.75	33.5	BacDive	3	31.083333333333332	4.5
acrocarpospora corrugata			27.0				1	27.0	0.0
actibacterium mucosum				26.0			1	26.0	0.0
actinoallomurus acaciae	29.0	12.0					1	29.0	0.0
actinoallomurus acanthiterrae	32.5	18.0					1	32.5	0.0
actinoallomurus oryzae	35.5	21.0					1	35.5	0.0
actinoallomurus spadix			33.0				1	33.0	0.0
actinoalloteichus cyanogriseus			29.0				1	29.0	0.0
actinoalloteichus hymeniacidonis			29.0		28.5	Lyubetsky et al., 2020	2	28.75	0.5
actinobacillus equuli					37.0	Lyubetsky et al., 2020	1	37.0	0.0
actinobacillus pleuropneumoniae					37.0	Lyubetsky et al., 2020	1	37.0	0.0
actinobacillus sp.			35.0				1	35.0	0.0
actinobacillus succinogenes			34.0		37.0	Lyubetsky et al., 2020	2	35.5	3.0
actinobacillus suis					37.0	Lyubetsky et al., 2020	1	37.0	0.0
actinobacteria bacterium					6.29	aciDB	1	6.29	0.0
actinobaculum suis	22.5	30.0		22.5	37.0	BacDive	3	27.333333333333332	14.5
actinocatenispora rupis					32.5	BacDive	1	32.5	0.0
actinocatenispora sera	21.5	13.0		21.5	21.5	BacDive	3	21.5	0.0
actinocatenispora thailandica			29.0		28.0	BacDive	2	28.5	1.0
actinocorallia aurantiaca	26.5	10.0	33.0				2	29.75	6.5
actinocorallia glomerata	29.0	7.0					1	29.0	0.0
actinocorallia libanotica	29.0	10.0					1	29.0	0.0
actinocorallia longicatena			29.0				1	29.0	0.0
actinocrinis puniceicyclus	22.5	13.0	22.0	22.5			3	22.333333333333332	0.5
actinocrispum wychmicini	27.0	20.0		27.0			2	27.0	0.0
actinokineospora auranticolor			29.0				1	29.0	0.0
actinokineospora enzanensis			29.0				1	29.0	0.0
actinokineospora fastidiosa			26.0				1	26.0	0.0
actinokineospora guangxiensis	31.0	20.0					1	31.0	0.0
actinokineospora inagensis				24.5			1	24.5	0.0
actinokineospora mzabensis	27.5	20.0		27.5			2	27.5	0.0
actinomadura alba			29.0				1	29.0	0.0
actinomadura amylolytica	45.0	25.0	45.0				2	45.0	0.0
actinomadura atramentaria	32.5	15.0	29.0				2	30.75	3.5
actinomadura catellatispora			29.0				1	29.0	0.0
actinomadura cellulosilytica	45.0	25.0	45.0				2	45.0	0.0
actinomadura citrea	29.0	10.0	27.0				2	28.0	2.0
actinomadura coerulea	29.0	10.0					1	29.0	0.0
actinomadura cremea			27.0				1	27.0	0.0
actinomadura formosensis			30.0				1	30.0	0.0
actinomadura fulva			26.0				1	26.0	0.0
actinomadura glauciflava			29.0				1	29.0	0.0
actinomadura hibisca			27.0				1	27.0	0.0
actinomadura keratinilytica	45.0	30.0	45.0		45.0	ThermoBase	3	45.0	0.0
actinomadura kijaniata			27.0				1	27.0	0.0
actinomadura latina			31.0				1	31.0	0.0
actinomadura luteofluorescens			27.0				1	27.0	0.0
actinomadura madurae	32.5	10.0	32.0				2	32.25	0.5
actinomadura melliaura			26.0				1	26.0	0.0
actinomadura mexicana			29.0				1	29.0	0.0
actinomadura meyerae			29.0				1	29.0	0.0
actinomadura namibiensis			29.0				1	29.0	0.0
actinomadura napierensis			29.0				1	29.0	0.0
actinomadura ochracea			26.0				1	26.0	0.0
actinomadura oligospora			29.0				1	29.0	0.0
actinomadura pelletieri			32.0				1	32.0	0.0
actinomadura rhizosphaerae	33.5	20.0					1	33.5	0.0
actinomadura rubrobrunea	50.0	37.0	55.0		50.0	ThermoBase	3	51.666666666666664	5.0
actinomadura rugatobispora			29.0				1	29.0	0.0
actinomadura rupiterrae	39.5	20.0					1	39.5	0.0
actinomadura sp.			29.0				1	29.0	0.0
actinomadura sputi			31.0				1	31.0	0.0
actinomadura umbrina			33.0				1	33.0	0.0
actinomadura verrucosospora			31.0				1	31.0	0.0
actinomadura vinacea			29.0				1	29.0	0.0
actinomadura viridilutea	50.0	37.0	50.0		50.0	ThermoBase	3	50.0	0.0
actinomadura viridis			33.5				1	33.5	0.0
actinomadura yumaensis			32.0				1	32.0	0.0
actinomyces massiliensis			34.0		37.0	BacDive	2	35.5	3.0
actinomyces naturae	33.5	20.0					1	33.5	0.0
actinomyces oris					36.0	Lyubetsky et al., 2020	1	36.0	0.0
actinomyces radicidentis					36.0	Lyubetsky et al., 2020	1	36.0	0.0
actinomyces ruminicola	46.0	20.0	45.0		46.0	ThermoBase	3	45.666666666666664	1.0
actinomyces timonensis					37.0	BacDive	1	37.0	0.0
actinomycetospora endophytica	22.5	15.0					1	22.5	0.0
actinophytocola corallina	26.5	15.0					1	26.5	0.0
actinophytocola oryzae	23.0	12.0		23.0			2	23.0	0.0
actinophytocola timorensis	26.5	15.0					1	26.5	0.0
actinophytocola xinjiangensis	27.5	10.0		27.5			2	27.5	0.0
actinoplanes abujensis	27.5	20.0		27.5			2	27.5	0.0
actinoplanes arizonaensis			26.0				1	26.0	0.0
actinoplanes atraurantiacus				27.5			1	27.5	0.0
actinoplanes auranticolor			27.0		28.0	BacDive	2	27.5	1.0
actinoplanes awajinensis			26.0				1	26.0	0.0
actinoplanes brasiliensis					28.0	BacDive	1	28.0	0.0
actinoplanes campanulatus					28.0	BacDive	1	28.0	0.0
actinoplanes consettensis			27.0		28.0	BacDive	2	27.5	1.0
actinoplanes couchii					27.5	BacDive	1	27.5	0.0
actinoplanes cyaneus					28.0	BacDive	1	28.0	0.0
actinoplanes deccanensis			27.0		28.0	BacDive	2	27.5	1.0
actinoplanes derwentensis					28.0	BacDive	1	28.0	0.0
actinoplanes digitatis			27.0				1	27.0	0.0
actinoplanes durhamensis			27.0		28.0	BacDive	2	27.5	1.0
actinoplanes ferrugineus			27.0		28.0	BacDive	2	27.5	1.0
actinoplanes garbadinensis			27.0				1	27.0	0.0
actinoplanes globisporus			27.0	27.333			2	27.1665	0.3329999999999984
actinoplanes humidus			27.0		28.0	BacDive	2	27.5	1.0
actinoplanes ianthinogenes	32.5	15.0	27.0	32.5			3	30.666666666666668	5.5
actinoplanes italicus			27.0		28.0	BacDive	2	27.5	1.0
actinoplanes lichenis	27.0	17.0					1	27.0	0.0
actinoplanes liguriensis			26.5		28.0	BacDive	2	27.25	1.5
actinoplanes lobatus					28.0	BacDive	1	28.0	0.0
actinoplanes luteus	27.5	20.0					1	27.5	0.0
actinoplanes missouriensis			27.0		28.0	BacDive	2	27.5	1.0
actinoplanes nipponensis			27.0				1	27.0	0.0
actinoplanes palleronii					28.0	BacDive	1	28.0	0.0
actinoplanes philippinensis			27.0				1	27.0	0.0
actinoplanes rectilineatus	25.5	10.0	27.0	25.5	28.0	BacDive	4	26.5	2.5
actinoplanes regularis			27.0		28.0	BacDive	2	27.5	1.0
actinoplanes siamensis	27.5	25.0					1	27.5	0.0
actinoplanes sichuanensis					28.0	BacDive	1	28.0	0.0
actinoplanes sp.			26.5				1	26.5	0.0
actinoplanes sp001553785				29.0			1	29.0	0.0
actinoplanes subglobosus	27.5	20.0					1	27.5	0.0
actinoplanes teichomyceticus					28.0	BacDive	1	28.0	0.0
actinoplanes tereljensis					24.0	BacDive	1	24.0	0.0
actinoplanes toevensis					27.5	BacDive	1	27.5	0.0
actinoplanes utahensis			27.0				1	27.0	0.0
actinoplanes xinjiangensis					28.0	BacDive	1	28.0	0.0
actinoplanes yunnanensis			26.0				1	26.0	0.0
actinopolymorpha singaporensis			29.0				1	29.0	0.0
actinopolyspora lacussalsi	35.0	25.0					1	35.0	0.0
actinopolyspora mortivallis	45.0	10.0	41.0		45.0	ThermoBase	3	43.666666666666664	4.0
actinopolyspora sp.			36.0				1	36.0	0.0
actinospica acidiphila					28.0	aciDB	1	28.0	0.0
actinospica robiniae				27.0			1	27.0	0.0
actinosynnema mirum			27.0	20.0	29.0	Lyubetsky et al., 2020	3	25.333333333333332	9.0
actinotalea bogoriensis				33.5			1	33.5	0.0
actinotalea fermentans					28.0	BacDive	1	28.0	0.0
actinotalea solisilvae	29.0	10.0		29.0			2	29.0	0.0
acuticoccus kandeliae	27.5	20.0					1	27.5	0.0
acuticoccus yangtzensis	35.0	15.0		35.0			2	35.0	0.0
adhaeribacter aquaticus					30.0	BacDive	1	30.0	0.0
adlercreutzia caecimuris					37.0	BacDive	1	37.0	0.0
adlercreutzia mucosicola				35.0	35.0	BacDive	2	35.0	0.0
advenella alkanexedens	32.5	4.0		32.5			2	32.5	0.0
advenella incenata			35.0				1	35.0	0.0
advenella kashmirensis					26.0	BacDive	1	26.0	0.0
advenella mimigardefordensis				33.5			1	33.5	0.0
aequorivita antarctica	20.0	-2.0	20.0	20.0			3	20.0	0.0
aequorivita capsosiphonis					25.0	BacDive	1	25.0	0.0
aequorivita crocea	20.0	-2.0	20.0				2	20.0	0.0
aequorivita lipolytica	20.0	-2.0	20.0	20.0			3	20.0	0.0
aequorivita sp.			20.0				1	20.0	0.0
aequorivita sublithincola	20.0	-2.0	11.0	12.0	20.0	Lyubetsky et al., 2020	4	15.75	9.0
aeribacillus composti	60.0	50.0		60.0	60.0	ThermoBase	3	60.0	0.0
aeribacillus pallidus			55.0				1	55.0	0.0
aeriscardovia aeriphila					37.0	BacDive	1	37.0	0.0
aerococcus christensenii			34.0				1	34.0	0.0
aerococcus sanguinicola			35.0				1	35.0	0.0
aerococcus suis			34.0				1	34.0	0.0
aerococcus urinae			34.0				1	34.0	0.0
aerococcus viridans			35.0	32.3333333333333			2	33.66666666666665	2.6666666666667
aeromicrobium camelliae	33.5	15.0		33.5			2	33.5	0.0
aeromicrobium erythreum	35.0	21.0	33.0	35.0			3	34.333333333333336	2.0
aeromicrobium fastidiosum			27.0				1	27.0	0.0
aeromicrobium flavum			27.0				1	27.0	0.0
aeromicrobium marinum			26.0				1	26.0	0.0
aeromicrobium massiliense	31.0	25.0		31.0			2	31.0	0.0
aeromicrobium ponti	33.5	4.0					1	33.5	0.0
aeromicrobium sp.			27.0				1	27.0	0.0
aeromicrobium tamlense			29.0				1	29.0	0.0
aeromonas australiensis			29.0				1	29.0	0.0
aeromonas bivalvium				33.5			1	33.5	0.0
aeromonas caviae			30.5	29.39583333333335			2	29.947916666666675	1.10416666666665
aeromonas dhakensis				33.5	33.5	BacDive	2	33.5	0.0
aeromonas diversa			35.0				1	35.0	0.0
aeromonas encheleia			29.0				1	29.0	0.0
aeromonas enteropelogenes			32.0	32.8			2	32.4	0.7999999999999972
aeromonas fluvialis			29.0		30.0	BacDive	2	29.5	1.0
aeromonas hydrophila			32.0	28.05	29.5	Lyubetsky et al., 2020	3	29.849999999999998	3.9499999999999993
aeromonas jandaei			34.0				1	34.0	0.0
aeromonas media	22.0	4.0	29.0	22.0	25.0	Lyubetsky et al., 2020	4	24.5	7.0
aeromonas molluscorum	27.5	4.0	29.0				2	28.25	1.5
aeromonas piscicola	27.5	4.0	29.0	27.5			3	28.0	1.5
aeromonas popoffii			29.0		28.0	BacDive	2	28.5	1.0
aeromonas rivuli					30.0	BacDive	1	30.0	0.0
aeromonas salmonicida			27.6	22.7	23.5	Lyubetsky et al., 2020	3	24.599999999999998	4.900000000000002
aeromonas sanarellii				39.0	30.0	BacDive	2	34.5	9.0
aeromonas schubertii			29.0				1	29.0	0.0
aeromonas simiae					30.0	BacDive	1	30.0	0.0
aeromonas sobria			31.0				1	31.0	0.0
aeromonas taiwanensis			29.0		30.0	BacDive	2	29.5	1.0
aeromonas veronii			32.5	32.1665			2	32.33325	0.3335000000000008
aeropyrum camini	85.0	70.0	84.95		85.0	BacDive;ThermoBase	3	84.98333333333333	0.04999999999999716
aeropyrum pernix	92.5	70.0	90.0	91.08333333333331	95.0	ThermoBase	4	92.14583333333333	5.0
aestuariibacter halophilus					40.0	BacDive	1	40.0	0.0
aestuariibacter salexigens			33.0		35.0	BacDive	2	34.0	2.0
aestuariibaculum scopimerae	27.5	10.0					1	27.5	0.0
aestuariibaculum suncheonense	27.5	5.0		27.5			2	27.5	0.0
aestuariibius insulae	27.5	10.0					1	27.5	0.0
aestuariicella hydrocarbonica	22.5	10.0					1	22.5	0.0
aestuariimicrobium kwangyangense			29.0				1	29.0	0.0
aestuariivivens insulae	35.0	10.0					1	35.0	0.0
afifella marina				26.41666666666665			1	26.41666666666665	0.0
afifella pfennigii				32.5			1	32.5	0.0
afipia birgiae			27.0	23.333			2	25.1665	3.6670000000000016
afipia carboxidovorans					30.0	Lyubetsky et al., 2020	1	30.0	0.0
afipia clevelandensis			29.0				1	29.0	0.0
afipia felis				29.0			1	29.0	0.0
afipia massiliensis			27.0				1	27.0	0.0
afipia sp.			29.0				1	29.0	0.0
agaribacter marinus	26.5	4.0					1	26.5	0.0
agaribacterium haliotis	29.0	16.0		29.0			2	29.0	0.0
agaricicola taiwanensis	32.5	20.0		32.5			2	32.5	0.0
agarilytica rhodophyticola	30.5	15.0		30.5			2	30.5	0.0
agathobacter rectalis					37.0	Lyubetsky et al., 2020	1	37.0	0.0
aggregatibacter actinomycetemcomitans			36.0				1	36.0	0.0
agreia bicolorata			24.0	24.0	28.0	BacDive	3	25.333333333333332	4.0
agreia pratensis			29.0		28.0	BacDive	2	28.5	1.0
agrilactobacillus composti					23.5	BacDive	1	23.5	0.0
agrobacterium agile			26.0				1	26.0	0.0
agrobacterium luteum			26.0				1	26.0	0.0
agrobacterium rhizogenes			26.0				1	26.0	0.0
agrobacterium rubi			27.0				1	27.0	0.0
agrobacterium sp900013535				27.083			1	27.083	0.0
agrobacterium tumefaciens			26.0		26.5	Lyubetsky et al., 2020	2	26.25	0.5
agrobacterium vitis			26.5		26.5	Lyubetsky et al., 2020	2	26.5	0.0
agrococcus baldri			27.0	23.0	28.0	BacDive	3	26.0	5.0
agrococcus casei			29.0		26.5	BacDive	2	27.75	2.5
agrococcus citreus			29.0		28.0	BacDive	2	28.5	1.0
agrococcus jejuensis					30.0	BacDive	1	30.0	0.0
agrococcus lahaulensis			29.0		29.0	BacDive	2	29.0	0.0
agrococcus pavilionensis				18.0			1	18.0	0.0
agrococcus versicolor					24.5	BacDive	1	24.5	0.0
agromyces albus	27.0	7.0	26.0	25.5			3	26.166666666666668	1.5
agromyces allii			29.0		30.0	BacDive	2	29.5	1.0
agromyces atrinae					30.0	BacDive	1	30.0	0.0
agromyces aurantiacus			29.0		28.0	BacDive	2	28.5	1.0
agromyces bauzanensis	27.5	1.0		27.5			2	27.5	0.0
agromyces bracchium			29.0		28.0	BacDive	2	28.5	1.0
agromyces cerinus					28.0	BacDive	1	28.0	0.0
agromyces fucosus					28.0	BacDive	1	28.0	0.0
agromyces hippuratus					28.0	BacDive	1	28.0	0.0
agromyces humatus			29.0		28.0	BacDive	2	28.5	1.0
agromyces indicus	29.0	10.0					1	29.0	0.0
agromyces italicus			29.0		28.0	BacDive	2	28.5	1.0
agromyces lapidis			29.0		28.0	BacDive	2	28.5	1.0
agromyces luteolus			29.0		28.0	BacDive	2	28.5	1.0
agromyces mediolanus			29.0		28.0	BacDive	2	28.5	1.0
agromyces neolithicus					28.0	BacDive	1	28.0	0.0
agromyces ramosus			29.0		28.0	BacDive	2	28.5	1.0
agromyces rhizosphaerae					28.0	BacDive	1	28.0	0.0
agromyces salentinus			29.0		26.0	BacDive	2	27.5	3.0
agromyces subbeticus			29.0	25.833	24.75	BacDive	3	26.527666666666665	4.25
agromyces terreus					25.0	BacDive	1	25.0	0.0
agromyces ulmi			29.0		28.0	BacDive	2	28.5	1.0
ahrensia kielensis	32.0	4.0	26.0	29.0			3	29.0	6.0
aidingimonas halophila			33.0	32.5	37.0	BacDive	3	34.166666666666664	4.5
aidingimonas lacisalsi	36.0	13.0		36.0			2	36.0	0.0
akkermansia glycaniphila	27.5	15.0					1	27.5	0.0
akkermansia muciniphila					37.0	Lyubetsky et al., 2020	1	37.0	0.0
albibacter helveticus			29.0				1	29.0	0.0
albidovulum inexpectatum			50.0	50.0			2	50.0	0.0
albidovulum xiamenense	54.0	28.0	55.0				2	54.5	1.0
albimonas donghaensis	29.0	10.0	33.0	30.33333333333333			3	30.777777777777775	4.0
alcaligenes aquatilis	21.0	4.0		29.143			2	25.0715	8.143
alcaligenes faecalis			32.0	30.8888888888889	28.5	Lyubetsky et al., 2020	3	30.462962962962965	3.5
alcaligenes pakistanensis	29.0	10.0		29.0			2	29.0	0.0
alcanivorax balearicus			29.0				1	29.0	0.0
alcanivorax borkumensis	27.5	10.0	24.5	28.25	25.0	Lyubetsky et al., 2020	4	26.3125	3.75
alcanivorax dieselolei				28.75			1	28.75	0.0
alcanivorax gelatiniphagus	38.5	15.0		38.5			2	38.5	0.0
alcanivorax hongdengensis	26.5	10.0		26.5			2	26.5	0.0
alcanivorax jadensis			27.0	27.5			2	27.25	0.5
alcanivorax pacificus	26.5	10.0					1	26.5	0.0
alcanivorax_a pacificus				24.5			1	24.5	0.0
algibacter aquaticus	17.5	10.0					1	17.5	0.0
algibacter lectus				22.0	22.0	BacDive	2	22.0	0.0
algibacter mikhailovii	24.0	4.0					1	24.0	0.0
algibacter psychrophilus	17.0	0.0					1	17.0	0.0
algicola sagamiensis	27.0	15.0	27.0				2	27.0	0.0
algimonas ampicilliniresistens	20.0	10.0					1	20.0	0.0
algimonas porphyrae	20.0	10.0					1	20.0	0.0
algiphilus aromaticivorans			27.0				1	27.0	0.0
algivirga pacifica	27.5	12.0					1	27.5	0.0
algoriella xinjiangensis	18.0	4.0		18.0			2	18.0	0.0
algoriphagus alkaliphilus			29.35				1	29.35	0.0
algoriphagus antarcticus	20.0	5.0	20.0	20.0			3	20.0	0.0
algoriphagus aquaeductus	27.5	15.0		27.5			2	27.5	0.0
algoriphagus aquimarinus			29.0	24.0			2	26.5	5.0
algoriphagus boritolerans			29.0	29.0			2	29.0	0.0
algoriphagus chordae				24.0			1	24.0	0.0
algoriphagus halophilus			35.5	35.0			2	35.25	0.5
algoriphagus hitonicola	36.0	20.0		36.0			2	36.0	0.0
algoriphagus kandeliae	40.0	15.0		40.0	40.0	ThermoBase	3	40.0	0.0
algoriphagus machipongonensis			27.0	29.0			2	28.0	2.0
algoriphagus marincola			35.0	35.0			2	35.0	0.0
algoriphagus marinus	33.0	4.0		33.0			2	33.0	0.0
algoriphagus olei	32.0	10.0					1	32.0	0.0
algoriphagus ratkowskyi			22.0				1	22.0	0.0
algoriphagus sp.			20.0				1	20.0	0.0
algoriphagus taiwanensis	33.5	20.0					1	33.5	0.0
algoriphagus vanfongensis				23.5			1	23.5	0.0
algoriphagus yeomjeoni			29.0	27.5			2	28.25	1.5
aliagarivorans marinus	27.5	15.0		27.5	27.5	BacDive	3	27.5	0.0
aliagarivorans taiwanensis	27.5	15.0			27.5	BacDive	2	27.5	0.0
aliarcobacter cibarius				24.75			1	24.75	0.0
aliarcobacter trophiarum					27.5	BacDive	1	27.5	0.0
alicycliphilus denitrificans			29.0				1	29.0	0.0
alicyclobacillus acidiphilus	50.0	20.0	45.0	48.333333333333336	50.0	BacDive;ThermoBase;aciDB	4	48.333333333333336	5.0
alicyclobacillus acidocaldarius	62.5	45.0	57.0	59.50833333333333	63.75	Lyubetsky et al., 2020;ThermoBase;aciDB	4	60.68958333333333	6.75
alicyclobacillus acidoterrestris	47.5	35.0	48.0		47.5	ThermoBase;aciDB	3	47.666666666666664	0.5
alicyclobacillus cellulosilyticus	55.0	40.0			55.0	ThermoBase	2	55.0	0.0
alicyclobacillus contaminans	52.5	35.0	55.0		52.5	ThermoBase;aciDB	3	53.333333333333336	2.5
alicyclobacillus cycloheptanicus	48.0	40.0	45.0		48.0	ThermoBase	3	47.0	3.0
alicyclobacillus dauci	40.0	20.0			40.0	ThermoBase	2	40.0	0.0
alicyclobacillus disulfidooxidans	35.0	4.0	35.0				2	35.0	0.0
alicyclobacillus fastidiosus	42.5	20.0	45.0		42.5	ThermoBase	3	43.333333333333336	2.5
alicyclobacillus ferrooxydans					28.0	BacDive;aciDB	1	28.0	0.0
alicyclobacillus fodiniaquatilis	40.0	20.0			40.0	ThermoBase	2	40.0	0.0
alicyclobacillus herbarius	57.5	35.0	55.0		57.5	ThermoBase;aciDB	3	56.666666666666664	2.5
alicyclobacillus hesperidum	51.5	40.0	51.7		52.5	ThermoBase;aciDB	3	51.9	1.0
alicyclobacillus kakegawensis	52.5	40.0	50.0		52.5	ThermoBase;aciDB	3	51.666666666666664	2.5
alicyclobacillus macrosporangiidus	52.5	35.0	50.0		52.5	ThermoBase;aciDB	3	51.666666666666664	2.5
alicyclobacillus mali					63.0	aciDB	1	63.0	0.0
alicyclobacillus montanus	45.0	25.0			45.0	ThermoBase;aciDB	2	45.0	0.0
alicyclobacillus pomorum	47.5	30.0	46.25		47.5	ThermoBase;aciDB	3	47.083333333333336	1.25
alicyclobacillus sacchari	47.5	30.0	50.0	48.75	47.5	ThermoBase;aciDB	4	48.4375	2.5
alicyclobacillus sendaiensis	55.0	40.0	50.0		55.0	ThermoBase	3	53.333333333333336	5.0
alicyclobacillus shizuokensis	47.5	35.0	50.0		47.5	ThermoBase;aciDB	3	48.333333333333336	2.5
alicyclobacillus sp.			56.7				1	56.7	0.0
alicyclobacillus tengchongensis	45.0	30.0	50.0		45.0	ThermoBase;aciDB	3	46.666666666666664	5.0
alicyclobacillus tolerans	39.5	20.0					1	39.5	0.0
alicyclobacillus vulcanalis	55.0	35.0	55.0	55.0	55.0	BacDive;ThermoBase;aciDB	4	55.0	0.0
alicyclobacillus_g kakegawensis				52.5			1	52.5	0.0
alicyclobacillus_g shizuokensis				47.5			1	47.5	0.0
alicyclobacillus_h macrosporangiidus_b				52.5			1	52.5	0.0
aliicoccus persicus	35.0	20.0					1	35.0	0.0
aliidiomarina haloalkalitolerans	33.5	10.0		33.5			2	33.5	0.0
aliidiomarina maris	32.5	4.0		32.5			2	32.5	0.0
aliidiomarina sedimenti	34.0	4.0		34.0			2	34.0	0.0
aliidiomarina shirensis	32.5	1.0		32.5			2	32.5	0.0
aliidiomarina taiwanensis	35.0	4.0		35.0			2	35.0	0.0
aliifodinibius halophilus	35.0	20.0					1	35.0	0.0
aliiroseovarius crassostreae			27.0	34.0			2	30.5	7.0
aliivibrio fischeri			24.0	22.1965	25.0	Lyubetsky et al., 2020	3	23.732166666666668	2.8034999999999997
aliivibrio logei			16.0				1	16.0	0.0
aliivibrio salmonicida	15.0	1.0	15.0				2	15.0	0.0
aliivibrio sifiae	17.5	4.0	20.0				2	18.75	2.5
aliivibrio wodanis			13.5	12.5			2	13.0	1.0
alishewanella aestuarii					37.0	BacDive	1	37.0	0.0
alishewanella agri					30.0	BacDive	1	30.0	0.0
alishewanella alkalitolerans	27.5	5.0					1	27.5	0.0
alishewanella fetalis			36.0		37.0	BacDive	2	36.5	1.0
alishewanella jeotgali				32.5	37.0	BacDive	2	34.75	4.5
alistipes finegoldii					37.0	Lyubetsky et al., 2020	1	37.0	0.0
alkalibacillus almallahensis	36.5	15.0		36.5			2	36.5	0.0
alkalibacillus filiformis					30.0	BacDive	1	30.0	0.0
alkalibacillus flavidus			35.0		37.0	BacDive	2	36.0	2.0
alkalibacillus haloalkaliphilus			31.0				1	31.0	0.0
alkalibacillus halophilus	37.5	25.0					1	37.5	0.0
alkalibacillus silvisoli	33.5	20.0	32.0				2	32.75	1.5
alkalibacter saccharofermentans	35.0	6.0	35.0	35.0			3	35.0	0.0
alkalibacterium iburiense	33.5	5.0					1	33.5	0.0
alkalibacterium kapii	31.0	10.0		31.0	31.0	BacDive	3	31.0	0.0
alkalibacterium olivapovliticus	29.5	4.0	29.0	29.5			3	29.333333333333332	0.5
alkalibacterium pelagium					37.0	BacDive	1	37.0	0.0
alkalibacterium psychrotolerans	34.0	5.0	34.0				2	34.0	0.0
alkalibacterium putridalgicola	38.5	-2.0			38.5	BacDive	2	38.5	0.0
alkalibacterium thalassium			33.0		37.0	BacDive	2	35.0	4.0
alkalibaculum bacchi					37.0	BacDive	1	37.0	0.0
alkalicoccobacillus murimartini					17.5	BacDive	1	17.5	0.0
alkalicoccobacillus plakortidis					17.5	BacDive	1	17.5	0.0
alkalicoccus chagannorensis					37.0	BacDive	1	37.0	0.0
alkalicoccus halolimnae	33.0	5.0		33.0			2	33.0	0.0
alkalicoccus saliphilus					37.0	BacDive	1	37.0	0.0
alkalidesulfovibrio alkalitolerans					43.0	BacDive;ThermoBase	1	43.0	0.0
alkaliflexus imshenetskii	35.0	10.0		35.0			2	35.0	0.0
alkalihalobacillus macyae					32.5	BacDive	1	32.5	0.0
alkalihalobacillus trypoxylicola					30.0	BacDive	1	30.0	0.0
alkalihalophilus marmarensis					35.0	BacDive	1	35.0	0.0
alkalilactibacillus ikkensis	20.0	0.0	15.0				2	17.5	5.0
alkalilimnicola ehrlichii			29.0	31.25	30.0	BacDive	3	30.083333333333332	2.25
alkalilimnicola halodurans	35.0	20.0					1	35.0	0.0
alkalimicrobium pacificum	36.0	4.0					1	36.0	0.0
alkalimonas collagenimarina	33.0	5.0					1	33.0	0.0
alkaliphilus oremlandii			29.0				1	29.0	0.0
alkaliphilus peptidifermentans	35.0	6.0	35.0				2	35.0	0.0
alkaliphilus transvaalensis	40.0	20.0	40.0		40.0	ThermoBase	3	40.0	0.0
alkalispirillum mobile	36.5	30.0					1	36.5	0.0
alkalispirochaeta alkalica	35.0	15.0					1	35.0	0.0
alkalispirochaeta cellulosivorans	34.0	15.0					1	34.0	0.0
alkalispirochaeta odontotermitis	35.0	15.0					1	35.0	0.0
alkalispirochaeta sphaeroplastigenens	37.5	15.0					1	37.5	0.0
alkalitalea saponilacus	36.0	8.0	35.0				2	35.5	1.0
allisonella histaminiformans			39.0				1	39.0	0.0
alloalcanivorax balearicus					28.0	BacDive	1	28.0	0.0
alloalcanivorax dieselolei					28.0	BacDive	1	28.0	0.0
allobaculum stercoricanis	38.5	30.0		38.5			2	38.5	0.0
allobranchiibius huperziae	29.0	10.0		29.0			2	29.0	0.0
allocatelliglobosispora scoriae					30.0	BacDive	1	30.0	0.0
allochromatium phaeobacterium					30.0	BacDive	1	30.0	0.0
allochromatium renukae					30.0	BacDive	1	30.0	0.0
allochromatium vinosum			26.0	27.5	30.0	Lyubetsky et al., 2020	3	27.833333333333332	4.0
allochromatium warmingii			23.0	20.0			2	21.5	3.0
allofrancisella frigidaquae	32.0	18.0		32.0			2	32.0	0.0
allofrancisella inopinata	32.0	18.0		32.0			2	32.0	0.0
allomeiothermus silvanus					55.0	Lyubetsky et al., 2020;ThermoBase	1	55.0	0.0
alloprevotella rava	35.0	30.0					1	35.0	0.0
allopusillimonas ginsengisoli					30.0	BacDive	1	30.0	0.0
allopusillimonas soli					30.0	BacDive	1	30.0	0.0
alloscardovia omnicolens	38.5	28.0			36.5	BacDive	2	37.5	2.0
allostreptomyces psammosilenae	29.0	10.0		29.0			2	29.0	0.0
alpinimonas psychrophila			15.0				1	15.0	0.0
alsobacter metallidurans	27.5	10.0		27.5			2	27.5	0.0
alteracholeplasma palmae					30.0	Lyubetsky et al., 2020	1	30.0	0.0
altererythrobacter atlanticus	32.5	10.0					1	32.5	0.0
altererythrobacter dongtanensis	33.5	10.0					1	33.5	0.0
altererythrobacter epoxidivorans	35.0	20.0					1	35.0	0.0
altererythrobacter fulvus	27.5	15.0					1	27.5	0.0
altererythrobacter indicus	27.5	4.0					1	27.5	0.0
altererythrobacter ishigakiensis	35.0	25.0					1	35.0	0.0
altererythrobacter lauratis	41.0	10.0			41.0	ThermoBase	2	41.0	0.0
altererythrobacter marinus	31.0	10.0					1	31.0	0.0
altererythrobacter oceanensis	36.0	4.0					1	36.0	0.0
altererythrobacter palmitatis	41.0	10.0			41.0	ThermoBase	2	41.0	0.0
altererythrobacter soli	31.0	4.0					1	31.0	0.0
altererythrobacter xiamenensis	29.0	4.0					1	29.0	0.0
altererythrobacter xixiisoli	32.0	10.0					1	32.0	0.0
alteribacillus alkaliphilus	37.5	20.0					1	37.5	0.0
alteribacillus bidgolensis	35.0	25.0		35.0	35.0	BacDive	3	35.0	0.0
alteribacillus iranensis	35.0	25.0			35.0	BacDive	2	35.0	0.0
alteribacillus persepolensis	40.0	25.0			40.0	BacDive;ThermoBase	2	40.0	0.0
alteribacter aurantiacus					28.0	BacDive	1	28.0	0.0
altericroceibacterium indicum					27.5	BacDive	1	27.5	0.0
alterococcus agarolyticus	48.0	38.0	45.0		48.0	ThermoBase	3	47.0	3.0
alteromonas addita			27.0				1	27.0	0.0
alteromonas halophila	27.5	10.0					1	27.5	0.0
alteromonas hispanica	32.0	4.0		32.0			2	32.0	0.0
alteromonas litorea	33.5	25.0					1	33.5	0.0
alteromonas macleodii	33.5	4.0	23.0	33.5	32.5	Lyubetsky et al., 2020	4	30.625	10.5
alteromonas mediterranea			23.0				1	23.0	0.0
alteromonas naphthalenivorans	27.5	4.0		27.5			2	27.5	0.0
alteromonas pelagimontana	35.0	4.0		35.0			2	35.0	0.0
alteromonas stellipolaris			21.0	20.375			2	20.6875	0.625
altibacter lentus	27.5	10.0		27.5			2	27.5	0.0
amantichitinum ursilacus				22.5			1	22.5	0.0
aminiphilus circumscriptus				42.0			1	42.0	0.0
aminivibrio pyruvatiphilus	38.5	20.0		38.5			2	38.5	0.0
aminobacter aminovorans					33.5	Lyubetsky et al., 2020	1	33.5	0.0
aminobacter ciceronei			27.0				1	27.0	0.0
aminobacter lissarensis			27.0				1	27.0	0.0
aminobacter sp.			23.0				1	23.0	0.0
aminobacterium colombiense					37.0	Lyubetsky et al., 2020	1	37.0	0.0
aminobacterium thunnarium	40.0	30.0			40.0	ThermoBase	2	40.0	0.0
aminomonas paucivorans				35.667			1	35.667	0.0
ammonifex degensii	70.0	57.0	69.95	70.0	70.0	Lyubetsky et al., 2020;ThermoBase	4	69.9875	0.04999999999999716
ammonifex thiophilus	75.0	60.0	70.0	72.5	75.0	ThermoBase	4	73.125	5.0
ammoniibacillus agariperforans	60.0	50.0	60.0		60.0	ThermoBase	3	60.0	0.0
ammoniphilus oxalaticus	29.0	10.0					1	29.0	0.0
ammoniphilus oxalivorans	29.0	20.0					1	29.0	0.0
amnibacterium endophyticum	29.0	10.0					1	29.0	0.0
amnibacterium kyonggiense					30.0	BacDive	1	30.0	0.0
amorphus coralli				27.5			1	27.5	0.0
amorphus suaedae	31.0	12.0					1	31.0	0.0
amphibacillus cookii	39.0	15.0	34.0		39.0	BacDive	3	37.333333333333336	5.0
amphibacillus iburiensis	36.0	26.0					1	36.0	0.0
amphibacillus indicireducens	35.0	17.0	35.0				2	35.0	0.0
amphibacillus jilinensis	32.0	15.0			32.0	BacDive	2	32.0	0.0
amphibacillus sediminis	27.0	17.0			27.0	BacDive	2	27.0	0.0
amphibacillus tropicus	38.0	18.0	38.2				2	38.1	0.20000000000000284
amphibacillus xylanus				32.5	35.0	Lyubetsky et al., 2020	2	33.75	2.5
amphibacillus_b sediminis				27.0			1	27.0	0.0
amphiplicatus metriothermophilus	49.0	37.0		49.0	49.0	ThermoBase	3	49.0	0.0
amphritea atlantica	32.5	4.0					1	32.5	0.0
amphritea balenae	21.0	4.0	20.0	21.0			3	20.666666666666668	1.0
amphritea japonica	23.0	4.0	20.0	23.0			3	22.0	3.0
amycolatopsis alba				26.0			1	26.0	0.0
amycolatopsis albispora	32.5	4.0		32.5			2	32.5	0.0
amycolatopsis azurea			27.0				1	27.0	0.0
amycolatopsis balhimycina			29.0				1	29.0	0.0
amycolatopsis decaplanina			29.0				1	29.0	0.0
amycolatopsis deserti	45.0	25.0		45.0	45.0	ThermoBase	3	45.0	0.0
amycolatopsis echigonensis			29.0				1	29.0	0.0
amycolatopsis endophytica	31.0	15.0		31.0			2	31.0	0.0
amycolatopsis eurytherma			43.0				1	43.0	0.0
amycolatopsis japonica			29.0				1	29.0	0.0
amycolatopsis jiguanensis	24.0	10.0					1	24.0	0.0
amycolatopsis kentuckyensis			29.0				1	29.0	0.0
amycolatopsis keratiniphila				27.0			1	27.0	0.0
amycolatopsis lactamdurans			26.0				1	26.0	0.0
amycolatopsis lexingtonensis			29.0				1	29.0	0.0
amycolatopsis lurida			27.0				1	27.0	0.0
amycolatopsis mediterranei			26.5	27.333			2	26.9165	0.8329999999999984
amycolatopsis minnesotensis			29.0				1	29.0	0.0
amycolatopsis nigrescens			29.0	31.5			2	30.25	2.5
amycolatopsis orientalis			27.0				1	27.0	0.0
amycolatopsis pretoriensis			29.0				1	29.0	0.0
amycolatopsis regifaucium				32.5			1	32.5	0.0
amycolatopsis rifamycinica			27.0				1	27.0	0.0
amycolatopsis rubida			29.0				1	29.0	0.0
amycolatopsis saalfeldensis				27.5			1	27.5	0.0
amycolatopsis samaneae	29.5	16.0					1	29.5	0.0
amycolatopsis silviterrae	27.5	15.0					1	27.5	0.0
amycolatopsis stemonae	31.0	15.0					1	31.0	0.0
amycolatopsis sulphurea			29.0				1	29.0	0.0
amycolatopsis thailandensis	31.0	10.0		31.0			2	31.0	0.0
amycolatopsis thermoflava			45.0	45.0			2	45.0	0.0
amycolatopsis tolypomycina			26.0				1	26.0	0.0
amylibacter cionae	27.5	10.0		27.5			2	27.5	0.0
amylibacter marinus	22.5	10.0					1	22.5	0.0
amylibacter ulvae	26.5	4.0		26.5			2	26.5	0.0
anabaena aequalis			22.0				1	22.0	0.0
anabaena cylindrica			25.5				1	25.5	0.0
anabaena inaequalis			22.0				1	22.0	0.0
anabaena oscillarioides			26.0				1	26.0	0.0
anabaena sp.			28.0				1	28.0	0.0
anabaena subcylindrica			22.0				1	22.0	0.0
anabaenopsis circularis			21.0				1	21.0	0.0
anaeroarcus burkinensis	35.0	13.0	35.5				2	35.25	0.5
anaerobacillus alkalidiazotrophicus	34.0	15.0					1	34.0	0.0
anaerobacillus alkalilacustris	32.5	18.0	32.5				2	32.5	0.0
anaerobacillus_a macyae				32.5			1	32.5	0.0
anaerobacterium chartisolvens	35.0	15.0		35.0			2	35.0	0.0
anaerobranca californiensis	58.0	45.0	60.0		58.0	ThermoBase	3	58.666666666666664	2.0
anaerobranca gottschalkii	52.5	30.0	52.65		52.5	ThermoBase	3	52.550000000000004	0.14999999999999858
anaerobranca horikoshii	57.0	34.0	58.15		57.0	ThermoBase	3	57.38333333333333	1.1499999999999986
anaerobranca zavarzinii	57.0	34.0	55.0		57.0	ThermoBase	3	56.333333333333336	2.0
anaerobutyricum soehngenii					37.0	BacDive	1	37.0	0.0
anaerocella delicata	27.5	10.0					1	27.5	0.0
anaerococcus provencensis	36.0	23.0		36.0			2	36.0	0.0
anaerocolumna cellulosilytica	35.0	15.0	35.0	35.0			3	35.0	0.0
anaerocolumna jejuensis					30.0	BacDive	1	30.0	0.0
anaerocolumna xylanovorans			35.0				1	35.0	0.0
anaerolinea thermolimosa	50.0	42.0	50.0		50.0	BacDive;ThermoBase	3	50.0	0.0
anaerolinea thermophila	55.0	55.0	55.0		55.0	BacDive;ThermoBase	3	55.0	0.0
anaeromusa acidaminophila	38.0	25.0					1	38.0	0.0
anaeromyxobacter dehalogenans				28.2			1	28.2	0.0
anaerophaga thermohalophila	50.0	37.0	50.0		50.0	ThermoBase	3	50.0	0.0
anaerosalibacter bizertensis	40.0	25.0	40.0	40.0	40.0	BacDive	4	40.0	0.0
anaerosolibacter carboniphilus	40.0	20.0	40.0	40.0	40.0	ThermoBase	4	40.0	0.0
anaerosphaera aminiphila	36.0	10.0		36.0			2	36.0	0.0
anaerosporobacter mobilis					30.0	BacDive	1	30.0	0.0
anaerosporomusa subterranea			29.0				1	29.0	0.0
anaerostipes butyraticus	39.0	35.0	40.0	39.5	39.0	BacDive	4	39.375	1.0
anaerostipes hadrus				40.0			1	40.0	0.0
anaerotaenia torta	37.5	20.0	35.0				2	36.25	2.5
anaerotignum aminivorans	35.0	15.0					1	35.0	0.0
anaerotignum lactatifermentans	41.0	30.0			41.0	ThermoBase	2	41.0	0.0
anaerotignum propionicum			34.0		27.5	Lyubetsky et al., 2020	2	30.75	6.5
anaerovirgula multivorans	35.0	10.0	35.0	35.0			3	35.0	0.0
anagnostidinema amphibium			20.0				1	20.0	0.0
ancalomicrobium adetum			26.0				1	26.0	0.0
ancylobacter amanitiformis					29.0	BacDive	1	29.0	0.0
ancylobacter aquaticus			27.0	26.4			2	26.7	0.6000000000000014
ancylobacter dichloromethanicus	29.0	4.0		29.0			2	29.0	0.0
ancylobacter novellus					27.5	Lyubetsky et al., 2020	1	27.5	0.0
ancylobacter polymorphus			29.0				1	29.0	0.0
ancylobacter rudongensis				29.0			1	29.0	0.0
ancylobacter sonchi	25.5	10.0					1	25.5	0.0
ancylomarina subtilis	29.0	8.0		29.0			2	29.0	0.0
anderseniella baltica	27.5	10.0					1	27.5	0.0
aneurinibacillus aneurinilyticus			29.0				1	29.0	0.0
aneurinibacillus danicus	47.5	35.0	45.0		47.5	ThermoBase	3	46.666666666666664	2.5
aneurinibacillus sediminis	41.0	25.0			41.0	ThermoBase	2	41.0	0.0
aneurinibacillus soli	32.5	20.0		32.5			2	32.5	0.0
aneurinibacillus terranovensis	41.0	20.0	39.0		41.0	ThermoBase	3	40.333333333333336	2.0
aneurinibacillus thermoaerophilus			46.0				1	46.0	0.0
angulomicrobium amanitiforme	29.0	15.0					1	29.0	0.0
angulomicrobium tetraedrale	29.0	15.0	29.0	29.0			3	29.0	0.0
annwoodia aquaesulis	43.0	30.0	43.0		44.0	BacDive;ThermoBase	3	43.333333333333336	1.0
anoxybacillus amylolyticus	61.0	45.0	60.0		61.0	Lyubetsky et al., 2020;ThermoBase	3	60.666666666666664	1.0
anoxybacillus ayderensis	50.0	30.0		53.8335	55.0	ThermoBase	3	52.944500000000005	5.0
anoxybacillus bogrovensis	65.0	40.0	55.0		65.0	BacDive;ThermoBase	3	61.666666666666664	10.0
anoxybacillus caldiproteolyticus	60.0	35.0	56.5		60.0	ThermoBase	3	58.833333333333336	3.5
anoxybacillus calidus	55.0	35.0	55.0		55.0	ThermoBase	3	55.0	0.0
anoxybacillus contaminans	50.0	40.0	50.0		50.0	BacDive;ThermoBase	3	50.0	0.0
anoxybacillus eryuanensis	55.0	35.0	50.0		55.0	BacDive;ThermoBase	3	53.333333333333336	5.0
anoxybacillus flavithermus	62.5	30.0	57.5	59.58333333333335	61.25	Lyubetsky et al., 2020;ThermoBase	4	60.208333333333336	5.0
anoxybacillus geothermalis	60.0	40.0	55.0				2	57.5	5.0
anoxybacillus gonensis	57.5	40.0		57.5	57.5	Lyubetsky et al., 2020;ThermoBase	3	57.5	0.0
anoxybacillus kamchatkensis	60.0	38.0	53.0				2	56.5	7.0
anoxybacillus kaynarcensis	60.0	35.0	55.0		60.0	ThermoBase	3	58.333333333333336	5.0
anoxybacillus kestanbolensis	52.5	40.0			52.5	ThermoBase	2	52.5	0.0
anoxybacillus mongoliensis	60.0	30.0	50.0	55.0			3	55.0	10.0
anoxybacillus pushchinoensis	62.0	37.0	60.95	61.0	62.0	ThermoBase	4	61.4875	1.0499999999999972
anoxybacillus rupiensis	55.0	35.0	55.0		57.5	ThermoBase	3	55.833333333333336	2.5
anoxybacillus salavatliensis	60.0	37.0	60.0				2	60.0	0.0
anoxybacillus sp.			55.0				1	55.0	0.0
anoxybacillus suryakundensis	55.0	40.0			55.0	ThermoBase	2	55.0	0.0
anoxybacillus tengchongensis	50.0	30.0	50.0		50.0	BacDive;ThermoBase	3	50.0	0.0
anoxybacillus tepidamans	55.0	39.0	55.0		55.0	BacDive;ThermoBase	3	55.0	0.0
anoxybacillus thermarum	65.0	55.0	55.0	60.0	65.0	ThermoBase	4	61.25	10.0
anoxybacillus vitaminiphilus	58.5	38.0			58.5	ThermoBase	2	58.5	0.0
anoxybacillus voinovskiensis	54.0	30.0	45.0		54.0	ThermoBase	3	51.0	9.0
anoxybacillus_b vitaminiphilus				58.5			1	58.5	0.0
anoxybacter fermentans	61.0	44.0	60.0	61.0	61.0	ThermoBase	4	60.75	1.0
anoxynatronum sibiricum	35.0	25.0	35.55				2	35.275	0.5499999999999972
antarcticibacterium flavum	27.5	4.0					1	27.5	0.0
antarctobacter heliothermus	21.0	3.0	21.0	20.5	21.0	Lyubetsky et al., 2020	4	20.875	0.5
antarctobacter heliothermus_b				20.0			1	20.0	0.0
aphanizomenon gracile			27.25				1	27.25	0.0
aphanocapsa montana			20.0				1	20.0	0.0
aphanothece halophytica			24.0				1	24.0	0.0
aphanothece sp.			22.0				1	22.0	0.0
apibacter adventoris	32.5	20.0		32.5			2	32.5	0.0
apibacter muscae	32.5	20.0		32.5			2	32.5	0.0
aquabacterium citratiphilum			27.0				1	27.0	0.0
aquabacterium commune			27.0				1	27.0	0.0
aquabacterium fontiphilum	27.5	15.0		27.5			2	27.5	0.0
aquabacterium limnoticum	33.5	20.0					1	33.5	0.0
aquamicrobium aestuarii	32.5	15.0					1	32.5	0.0
aquaspirillum arcticum	15.0	0.0	5.0				2	10.0	10.0
aquaspirillum denitrificans			29.0				1	29.0	0.0
aquaspirillum polymorphum			26.0				1	26.0	0.0
aquaspirillum putridiconchylium			26.0				1	26.0	0.0
aquaspirillum serpens			27.5				1	27.5	0.0
aquaspirillum soli	33.5	4.0					1	33.5	0.0
aquibacillus halophilus	35.0	20.0					1	35.0	0.0
aquifex aeolicus			85.0	94.6875	85.0	Lyubetsky et al., 2020;ThermoBase	3	88.22916666666667	9.6875
aquifex pyrophilus	85.0	67.0	85.0		85.0	ThermoBase	3	85.0	0.0
aquifex sp.			85.0				1	85.0	0.0
aquimarina agarilytica	24.0	4.0		24.0			2	24.0	0.0
aquimarina agarivorans	29.0	10.0		29.0			2	29.0	0.0
aquimarina amphilecti			20.0				1	20.0	0.0
aquimarina atlantica	26.5	10.0		26.5			2	26.5	0.0
aquimarina brevivitae					37.0	BacDive	1	37.0	0.0
aquimarina latercula			26.0				1	26.0	0.0
aquimarina litoralis	27.5	10.0					1	27.5	0.0
aquimarina longa	22.0	4.0		22.0			2	22.0	0.0
aquimarina macrocephali	24.0	8.0		24.0			2	24.0	0.0
aquimarina megaterium	29.0	8.0		29.0			2	29.0	0.0
aquimarina mytili	27.5	15.0		27.5			2	27.5	0.0
aquimarina seongsanensis	27.5	10.0					1	27.5	0.0
aquimarina spongiae	32.5	10.0		32.5	32.5	BacDive	3	32.5	0.0
aquimarina versatilis	27.5	10.0					1	27.5	0.0
aquimonas voraii			35.0	33.5			2	34.25	1.5
aquipuribacter hungaricus	24.0	20.0					1	24.0	0.0
aquisalibacillus elongatus					37.0	BacDive	1	37.0	0.0
aquisalimonas asiatica					37.0	BacDive	1	37.0	0.0
aquisalimonas halophila	32.5	15.0					1	32.5	0.0
aquisediminimonas sediminicola	27.5	15.0					1	27.5	0.0
aquisphaera giovannonii	32.5	10.0	35.0	33.75			3	33.75	2.5
aquitalea magnusonii	35.0	4.0	31.0	35.0			3	33.666666666666664	4.0
arachnia propionica					36.0	Lyubetsky et al., 2020	1	36.0	0.0
aramenus sulfurataquae					65.0	aciDB	1	65.0	0.0
arcanobacterium haemolyticum			35.0		37.0	BacDive;Lyubetsky et al., 2020	2	36.0	2.0
arcanobacterium pluranimalium			34.0				1	34.0	0.0
archaeoglobus fulgidus	83.0	60.0	78.0	80.72233333333334	81.5	Lyubetsky et al., 2020;ThermoBase	4	80.80558333333333	5.0
archaeoglobus infectus	70.0	60.0	70.0		70.0	ThermoBase	3	70.0	0.0
archaeoglobus lithotrophicus	80.0	55.0			80.0	ThermoBase	2	80.0	0.0
archaeoglobus profundus	82.0	65.0	83.45		83.5	Lyubetsky et al., 2020;ThermoBase	3	82.98333333333333	1.5
archaeoglobus sulfaticallidus	75.0	60.0	75.0		75.0	ThermoBase	3	75.0	0.0
archaeoglobus veneficus	80.0	65.0	77.45		78.5	Lyubetsky et al., 2020;ThermoBase	3	78.64999999999999	2.549999999999997
archaeoglobus_a sulfaticallidus				75.0			1	75.0	0.0
archaeoglobus_b profundus				82.0			1	82.0	0.0
archaeoglobus_c veneficus				76.25			1	76.25	0.0
archangium disciforme	29.0	19.0					1	29.0	0.0
arcicella aquatica	29.0	4.0			29.0	BacDive	2	29.0	0.0
arcicella aurantiaca					25.0	BacDive	1	25.0	0.0
arcobacter cryaerophilus			32.0				1	32.0	0.0
arcobacter halophilus			26.0				1	26.0	0.0
arcobacter marinus	33.5	10.0					1	33.5	0.0
arcobacter mytili			34.0				1	34.0	0.0
arcobacter skirrowii			36.0				1	36.0	0.0
arcobacter sp.			10.4				1	10.4	0.0
arcticibacter eurypsychrophilus	12.5	-1.0		12.5			2	12.5	0.0
arcticibacter pallidicorallinus	22.5	4.0		22.5			2	22.5	0.0
arcticibacter svalbardensis	18.0	4.0		18.0			2	18.0	0.0
arcticibacterium luteifluviistationis	20.0	4.0		20.0			2	20.0	0.0
arcticiflavibacter luteus	22.5	4.0					1	22.5	0.0
ardenticatena maritima	62.5	30.0	65.0		62.5	ThermoBase	3	63.333333333333336	2.5
arenibacter catalasegens	22.5	4.0		22.5			2	22.5	0.0
arenibacter certesii			29.0	16.0	16.0	BacDive	3	20.333333333333332	13.0
arenibacter echinorum					25.0	BacDive	1	25.0	0.0
arenibacter latericius			29.0				1	29.0	0.0
arenibacter palladensis	24.0	4.0	27.0	24.0			3	25.0	3.0
arenibacter troitsensis			27.0				1	27.0	0.0
arenicella chitinivorans	26.5	4.0		26.5			2	26.5	0.0
arenicella xantha	26.5	5.0		26.5			2	26.5	0.0
arenimicrobium luteum	36.3	8.0					1	36.3	0.0
arenimonas aestuarii	27.5	15.0					1	27.5	0.0
arenimonas malthae			29.0	27.75			2	28.375	1.25
arenimonas maotaiensis	35.0	25.0		35.0			2	35.0	0.0
arenimonas metalli	27.0	4.0					1	27.0	0.0
arenimonas soli	35.0	15.0		35.0			2	35.0	0.0
arenivirga flava	26.5	10.0					1	26.5	0.0
arhodomonas aquaeolei			33.0	31.5			2	32.25	1.5
aridibacter kavangonensis	40.0	12.0			40.0	ThermoBase	2	40.0	0.0
aridibacter nitratireducens	36.5	8.0					1	36.5	0.0
armatimonas rosea	32.5	20.0		32.5			2	32.5	0.0
aromatoleum aromaticum			31.0				1	31.0	0.0
arsenicicoccus bolidensis			31.0	29.0	28.0	BacDive	3	29.333333333333332	3.0
arsukibacterium ikkense	15.0	0.0					1	15.0	0.0
arthrobacter alkaliphilus					30.0	BacDive	1	30.0	0.0
arthrobacter alpinus	22.5	1.0	20.0		22.5	Lyubetsky et al., 2020	3	21.666666666666668	2.5
arthrobacter bambusae	29.0	4.0					1	29.0	0.0
arthrobacter castelli	29.5	15.0	29.0		28.75	BacDive	3	29.083333333333332	0.75
arthrobacter citreus					28.0	BacDive	1	28.0	0.0
arthrobacter cryoconiti	22.5	1.0	20.0				2	21.25	2.5
arthrobacter crystallopoietes					28.0	BacDive	1	28.0	0.0
arthrobacter cupressi			29.0		28.0	BacDive	2	28.5	1.0
arthrobacter echini	20.0	10.0	20.0				2	20.0	0.0
arthrobacter enclensis	29.0	10.0					1	29.0	0.0
arthrobacter endophyticus	27.5	5.0					1	27.5	0.0
arthrobacter flavus			23.0				1	23.0	0.0
arthrobacter gandavensis			29.0		28.0	BacDive	2	28.5	1.0
arthrobacter glacialis			14.6				1	14.6	0.0
arthrobacter globiformis			26.0		28.0	BacDive	2	27.0	2.0
arthrobacter halodurans	27.5	4.0					1	27.5	0.0
arthrobacter koreensis			29.0				1	29.0	0.0
arthrobacter livingstonensis	16.0	-6.0	16.0				2	16.0	0.0
arthrobacter luteolus					28.0	BacDive	1	28.0	0.0
arthrobacter monumenti	26.0	4.0	29.0		26.0	BacDive	3	27.0	3.0
arthrobacter parietis			27.0		27.0	BacDive	2	27.0	0.0
arthrobacter pascens			29.0		28.0	BacDive	2	28.5	1.0
arthrobacter pigmenti			27.0		27.0	BacDive	2	27.0	0.0
arthrobacter pokkalii	29.0	18.0					1	29.0	0.0
arthrobacter psychrochitiniphilus	20.0	0.0	20.0		20.0	BacDive	3	20.0	0.0
arthrobacter psychrolactophilus			27.0				1	27.0	0.0
arthrobacter roseus			22.0		22.0	BacDive	2	22.0	0.0
arthrobacter ruber	26.5	0.0					1	26.5	0.0
arthrobacter russicus			29.0		29.0	BacDive	2	29.0	0.0
arthrobacter silviterrae	29.0	4.0					1	29.0	0.0
arthrobacter sp.			28.7				1	28.7	0.0
arthrobacter stackebrandtii			29.0				1	29.0	0.0
arthrobacter tecti					27.0	BacDive	1	27.0	0.0
arthrobacter tumbae			29.0		26.0	BacDive	2	27.5	3.0
arthrobacter woluwensis			34.0		28.0	BacDive	2	31.0	6.0
arthrobacter_c castelli				29.5			1	29.5	0.0
arthrobacter_d sp000520555				15.0			1	15.0	0.0
arthrobacter_d sp000520595				15.0			1	15.0	0.0
arthrobacter_d subterraneus				15.0			1	15.0	0.0
arthrospira platensis			22.0				1	22.0	0.0
arthrospira sp.			22.0				1	22.0	0.0
arvibacter flaviflagrans	32.5	15.0					1	32.5	0.0
asaccharospora irregularis	33.5	25.0					1	33.5	0.0
asaia bogorensis					30.0	aciDB	1	30.0	0.0
asanoa ferruginea			29.0		28.0	BacDive	2	28.5	1.0
asanoa iriomotensis					26.5	BacDive	1	26.5	0.0
asanoa ishikariensis			29.0				1	29.0	0.0
asanoa siamensis					27.5	BacDive	1	27.5	0.0
asticcacaulis benevestitus	17.5	4.0	18.0	18.33333333333333			3	17.944444444444443	0.8333333333333286
asticcacaulis biprosthecium	27.5	15.0		27.5			2	27.5	0.0
asticcacaulis excentricus	27.5	15.0		27.5	27.5	Lyubetsky et al., 2020	3	27.5	0.0
asticcacaulis solisilvae	27.5	10.0		27.5			2	27.5	0.0
asticcacaulis tiandongensis	27.5	10.0		27.5			2	27.5	0.0
athalassotoga saccharophila	55.0	30.0	55.0	55.0	55.0	ThermoBase	4	55.0	0.0
atlantibacter hermannii			35.0				1	35.0	0.0
atlantibacter subterranea			31.0				1	31.0	0.0
atopococcus tabaci			29.0		30.0	BacDive	2	29.5	1.0
atopostipes suicloacalis				29.0			1	29.0	0.0
aulosira laxa			20.0				1	20.0	0.0
aurantiacicella marina	31.5	15.0					1	31.5	0.0
aurantimicrobium minutum	22.5	15.0		22.5			2	22.5	0.0
aurantimonas aggregata	27.5	4.0		27.5			2	27.5	0.0
aurantimonas coralicida			27.0				1	27.0	0.0
aurantimonas manganoxydans	27.5	4.0		27.5			2	27.5	0.0
aurantimonas sp.			27.0				1	27.0	0.0
aurantisolimonas haloimpatiens	24.0	4.0					1	24.0	0.0
aurantivirga profunda	15.0	4.0					1	15.0	0.0
aureicoccus marinus	27.5	15.0		27.5			2	27.5	0.0
aureimonas altamirensis			31.0		28.0	BacDive	2	29.5	3.0
aureimonas endophytica	29.0	20.0					1	29.0	0.0
aureimonas frigidaquae					25.0	BacDive	1	25.0	0.0
aureimonas galii	24.0	4.0					1	24.0	0.0
aureimonas glaciei	20.0	4.0					1	20.0	0.0
aureimonas leprariae	26.5	15.0					1	26.5	0.0
aureimonas pseudogalii	24.0	4.0		24.0			2	24.0	0.0
aureimonas ureilytica	27.5	4.0	29.0				2	28.25	1.5
aureitalea marina	22.5	15.0		22.5			2	22.5	0.0
austwickia chelonae			34.5				1	34.5	0.0
avibacterium avium			36.0				1	36.0	0.0
avibacterium paragallinarum			36.0				1	36.0	0.0
azoarcus communis			31.0				1	31.0	0.0
azoarcus evansii			32.0				1	32.0	0.0
azoarcus indigens			31.0				1	31.0	0.0
azoarcus olearius	37.5	10.0		37.5			2	37.5	0.0
azoarcus sp.			29.0				1	29.0	0.0
azohydromonas australica				32.5			1	32.5	0.0
azohydromonas lata	32.5	15.0	31.0	32.5			3	32.0	1.5
azomonas agilis			26.0	26.0			2	26.0	0.0
azomonas insignis			29.0				1	29.0	0.0
azomonas macrocytogenes			27.0				1	27.0	0.0
azonexus caeni	27.5	20.0					1	27.5	0.0
azorhizophilus paspali			31.0				1	31.0	0.0
azospira oryzae			33.5	31.6666666666667	37.0	Lyubetsky et al., 2020	3	34.055555555555564	5.3333333333333
azospirillum brasilense			31.0		37.0	Lyubetsky et al., 2020	2	34.0	6.0
azospirillum canadense	27.5	20.0					1	27.5	0.0
azospirillum halopraeferens			40.0				1	40.0	0.0
azospirillum lipoferum					37.0	Lyubetsky et al., 2020	1	37.0	0.0
azospirillum lipoferum_b				34.889			1	34.889	0.0
azospirillum melinis	26.5	5.0		26.5			2	26.5	0.0
azospirillum palatum	33.5	15.0					1	33.5	0.0
azospirillum sp.			31.0				1	31.0	0.0
azotobacter chroococcum				26.2	25.0	Lyubetsky et al., 2020	2	25.6	1.1999999999999993
azotobacter salinestris			29.0				1	29.0	0.0
azotobacter vinelandii			29.0	30.4117647058824			2	29.705882352941202	1.4117647058824012
bacillus abyssalis	32.5	20.0					1	32.5	0.0
bacillus acidicola			34.0				1	34.0	0.0
bacillus aeolius	55.0	37.0			55.0	ThermoBase	2	55.0	0.0
bacillus akibai			34.0				1	34.0	0.0
bacillus alcalophilus			32.0				1	32.0	0.0
bacillus algicola	29.0	10.0					1	29.0	0.0
bacillus alkalinitrilicus	32.0	15.0					1	32.0	0.0
bacillus alkalisediminis	26.5	15.0					1	26.5	0.0
bacillus altitudinis	33.5	20.0		32.3125			2	32.90625	1.1875
bacillus alveayuensis			55.0		55.0	BacDive	2	55.0	0.0
bacillus amyloliquefaciens			31.0		35.0	Lyubetsky et al., 2020	2	33.0	4.0
bacillus andreesenii	45.0	20.0					1	45.0	0.0
bacillus anthracis			40.0		37.0	Lyubetsky et al., 2020	2	38.5	3.0
bacillus aquimaris	33.5	10.0					1	33.5	0.0
bacillus aryabhattai			29.0				1	29.0	0.0
bacillus atrophaeus	29.0	5.0	29.0	29.644444444444435	29.0	Lyubetsky et al., 2020	4	29.161111111111108	0.644444444444435
bacillus aurantiacus			22.0				1	22.0	0.0
bacillus australimaris	33.5	8.0					1	33.5	0.0
bacillus benzoevorans			31.0				1	31.0	0.0
bacillus beringensis	31.5	4.0					1	31.5	0.0
bacillus berkeleyi	35.5	4.0					1	35.5	0.0
bacillus beveridgei			38.2				1	38.2	0.0
bacillus borbori	55.0	30.0			55.0	ThermoBase	2	55.0	0.0
bacillus camelliae	37.5	20.0					1	37.5	0.0
bacillus canaveralius	32.0	15.0					1	32.0	0.0
bacillus capparidis	27.5	10.0					1	27.5	0.0
bacillus cecembensis			22.0				1	22.0	0.0
bacillus cellulosilyticus			32.0				1	32.0	0.0
bacillus cereus			40.0		37.0	Lyubetsky et al., 2020	2	38.5	3.0
bacillus chagannorensis			34.0				1	34.0	0.0
bacillus chungangensis					30.0	BacDive	1	30.0	0.0
bacillus circulans			28.4				1	28.4	0.0
bacillus clausii			31.0				1	31.0	0.0
bacillus coagulans	48.5	30.0	51.6				2	50.05	3.1000000000000014
bacillus cohnii			31.0				1	31.0	0.0
bacillus composti	50.0	30.0					1	50.0	0.0
bacillus coreaensis	33.5	10.0					1	33.5	0.0
bacillus crassostreae	32.5	5.0					1	32.5	0.0
bacillus crescens	33.5	18.0					1	33.5	0.0
bacillus cucumis	29.0	20.0					1	29.0	0.0
bacillus cytotoxicus	33.5	20.0	35.0				2	34.25	1.5
bacillus daqingensis	35.0	10.0					1	35.0	0.0
bacillus decisifrondis					40.0	BacDive	1	40.0	0.0
bacillus decolorationis	31.0	5.0	29.0				2	30.0	2.0
bacillus depressus	31.5	6.0					1	31.5	0.0
bacillus endolithicus	37.5	15.0					1	37.5	0.0
bacillus endozanthoxylicus	32.0	15.0					1	32.0	0.0
bacillus fermenti	36.5	15.0					1	36.5	0.0
bacillus firmus	35.0	20.0					1	35.0	0.0
bacillus flexus			29.0				1	29.0	0.0
bacillus foraminis			32.0				1	32.0	0.0
bacillus freudenreichii			33.0				1	33.0	0.0
bacillus fumarioli	50.0	25.0	47.0				2	48.5	3.0
bacillus galliciensis	20.0	10.0	22.0				2	21.0	2.0
bacillus ginsengihumi			29.0				1	29.0	0.0
bacillus glycinifermentans	33.5	15.0		33.5			2	33.5	0.0
bacillus gossypii	29.0	10.0					1	29.0	0.0
bacillus graminis	32.5	15.0					1	32.5	0.0
bacillus halodurans			31.0				1	31.0	0.0
bacillus halosaccharovorans	40.0	20.0					1	40.0	0.0
bacillus halotolerans				32.0	28.0	BacDive	2	30.0	4.0
bacillus haynesii				40.556			1	40.556	0.0
bacillus hemicellulosilyticus			34.0				1	34.0	0.0
bacillus hemicentroti	32.5	5.0					1	32.5	0.0
bacillus hisashii	50.0	25.0					1	50.0	0.0
bacillus huizhouensis	35.0	16.0					1	35.0	0.0
bacillus hwajinpoensis	32.5	10.0					1	32.5	0.0
bacillus idriensis			31.0				1	31.0	0.0
bacillus infantis			32.0				1	32.0	0.0
bacillus infernus			57.6				1	57.6	0.0
bacillus kexueae	45.0	40.0			45.0	ThermoBase	2	45.0	0.0
bacillus kiskunsagensis	26.5	10.0					1	26.5	0.0
bacillus kokeshiiformis	50.0	35.0					1	50.0	0.0
bacillus koreensis	37.5	15.0					1	37.5	0.0
bacillus korlensis	33.5	7.0					1	33.5	0.0
bacillus kribbensis	31.5	13.0					1	31.5	0.0
bacillus kyonggiensis	33.5	15.0					1	33.5	0.0
bacillus licheniformis			32.0	31.4827586206897	50.0	ThermoBase	3	37.82758620689657	18.5172413793103
bacillus litoralis			32.0				1	32.0	0.0
bacillus luteolus	32.5	15.0					1	32.5	0.0
bacillus malikii	33.5	10.0					1	33.5	0.0
bacillus mannanilyticus			32.0				1	32.0	0.0
bacillus manusensis	52.5	45.0			52.5	ThermoBase	2	52.5	0.0
bacillus marisflavi	33.5	10.0					1	33.5	0.0
bacillus megaterium			40.4				1	40.4	0.0
bacillus mesophilus	35.0	20.0					1	35.0	0.0
bacillus methanolicus	55.0	35.0	45.0		55.0	Lyubetsky et al., 2020;ThermoBase	3	51.666666666666664	10.0
bacillus mojavensis	29.0	5.0	31.0	28.83333333333335	32.0	BacDive	4	30.208333333333336	3.16666666666665
bacillus murimartini	17.5	10.0					1	17.5	0.0
bacillus mycoides			29.0				1	29.0	0.0
bacillus natronophilus	27.5	12.0					1	27.5	0.0
bacillus nealsonii	32.5	25.0					1	32.5	0.0
bacillus niacini			29.0				1	29.0	0.0
bacillus okhensis			36.0				1	36.0	0.0
bacillus okuhidensis	47.5	30.0	45.0				2	46.25	2.5
bacillus oleivorans	35.0	25.0	35.0				2	35.0	0.0
bacillus oryziterrae	35.0	21.0					1	35.0	0.0
bacillus pakistanensis	32.5	10.0					1	32.5	0.0
bacillus patagoniensis			29.0				1	29.0	0.0
bacillus pervagus	45.0	20.0					1	45.0	0.0
bacillus piscicola	38.0	21.0					1	38.0	0.0
bacillus plakortidis	17.5	4.0					1	17.5	0.0
bacillus polymachus	29.0	20.0					1	29.0	0.0
bacillus pseudofirmus			31.0				1	31.0	0.0
bacillus pseudomycoides					28.0	BacDive	1	28.0	0.0
bacillus psychrosaccharolyticus			21.0				1	21.0	0.0
bacillus pumilus				28.7575757575758			1	28.7575757575758	0.0
bacillus safensis	33.5	10.0	31.0	34.305499999999995			3	32.93516666666667	3.305499999999995
bacillus salsus	35.0	10.0					1	35.0	0.0
bacillus sediminis	50.0	35.0					1	50.0	0.0
bacillus selenatarsenatis			40.0				1	40.0	0.0
bacillus seohaeanensis	37.5	15.0	32.0				2	34.75	5.5
bacillus shackletonii	37.5	15.0					1	37.5	0.0
bacillus siamensis			31.0	33.25	37.0	BacDive	3	33.75	6.0
bacillus simplex			29.0				1	29.0	0.0
bacillus smithii			53.0				1	53.0	0.0
bacillus solani	35.0	20.0					1	35.0	0.0
bacillus solimangrovi	32.5	10.0					1	32.5	0.0
bacillus sonorensis			31.0				1	31.0	0.0
bacillus sonorensis_a				35.0			1	35.0	0.0
bacillus sp.			49.0				1	49.0	0.0
bacillus subterraneus	38.5	20.0	40.0				2	39.25	1.5
bacillus subtilis	29.0	5.0	36.1	28.264679653679668	29.5	BacDive;Lyubetsky et al., 2020	4	30.716169913419915	7.835320346320334
bacillus taeanensis	35.0	15.0					1	35.0	0.0
bacillus taiwanensis	35.0	20.0					1	35.0	0.0
bacillus tequilensis				45.0			1	45.0	0.0
bacillus thaonhiensis	45.0	15.0			45.0	ThermoBase	2	45.0	0.0
bacillus thermoamylovorans			41.0				1	41.0	0.0
bacillus thermocopriae	50.0	40.0					1	50.0	0.0
bacillus thermolactis	50.0	40.0	55.0				2	52.5	5.0
bacillus thermophilus	50.0	25.0					1	50.0	0.0
bacillus thuringiensis					37.0	Lyubetsky et al., 2020	1	37.0	0.0
bacillus toyonensis	35.0	10.0					1	35.0	0.0
bacillus urumqiensis			35.0				1	35.0	0.0
bacillus vallismortis	29.0	5.0		29.0	29.0	Lyubetsky et al., 2020	3	29.0	0.0
bacillus velezensis				33.125			1	33.125	0.0
bacillus vietnamensis	35.0	10.0					1	35.0	0.0
bacillus vini	32.5	10.0					1	32.5	0.0
bacillus wakoensis			32.0				1	32.0	0.0
bacillus xiaoxiensis	27.5	5.0					1	27.5	0.0
bacillus zeae	29.0	10.0					1	29.0	0.0
bacillus zhangzhouensis	33.5	8.0		33.5			2	33.5	0.0
bacillus zhanjiangensis	32.5	10.0					1	32.5	0.0
bacillus_a anthracis				33.0			1	33.0	0.0
bacillus_a cereus				33.314			1	33.314	0.0
bacillus_a cytotoxicus				33.5			1	33.5	0.0
bacillus_a thuringiensis_s				28.917			1	28.917	0.0
bacillus_ag koreensis				37.5			1	37.5	0.0
bacillus_bj canaveralius				32.0			1	32.0	0.0
bacillus_h oshimensis				24.167			1	24.167	0.0
bacillus_p indicus				32.333			1	32.333	0.0
bacillus_s marmarensis				31.25			1	31.25	0.0
bacillus_t coahuilensis				35.833			1	35.833	0.0
bacillus_z methanolicus_a				51.111			1	51.111	0.0
bacteroides caccae				35.833	33.5	Lyubetsky et al., 2020	2	34.6665	2.3329999999999984
bacteroides cellulosilyticus					37.0	BacDive	1	37.0	0.0
bacteroides clarus					37.0	BacDive	1	37.0	0.0
bacteroides coprosuis					37.0	BacDive	1	37.0	0.0
bacteroides eggerthii				34.75			1	34.75	0.0
bacteroides faecis					37.0	BacDive	1	37.0	0.0
bacteroides finegoldii					37.0	BacDive	1	37.0	0.0
bacteroides fluxus				34.75	37.0	BacDive	2	35.875	2.25
bacteroides fragilis			35.0		37.0	Lyubetsky et al., 2020	2	36.0	2.0
bacteroides graminisolvens	32.5	5.0	35.0		33.0	BacDive	3	33.5	2.5
bacteroides helcogenes				32.5	37.0	Lyubetsky et al., 2020	2	34.75	4.5
bacteroides intestinalis				34.75	37.0	BacDive	2	35.875	2.25
bacteroides luti	38.5	20.0					1	38.5	0.0
bacteroides oleiciplenus					37.0	BacDive	1	37.0	0.0
bacteroides ovatus				34.75	37.0	Lyubetsky et al., 2020	2	35.875	2.25
bacteroides paurosaccharolyticus	35.0	10.0					1	35.0	0.0
bacteroides propionicifaciens			34.0		30.0	BacDive	2	32.0	4.0
bacteroides sp.			31.0				1	31.0	0.0
bacteroides thetaiotaomicron				32.5	37.0	Lyubetsky et al., 2020	2	34.75	4.5
bacteroides uniformis	36.0	25.0		36.0			2	36.0	0.0
bacteroides xylanisolvens	38.0	25.0			38.0	BacDive	2	38.0	0.0
bacteroides zoogleoformans	33.5	25.0		33.5			2	33.5	0.0
balnearium lithotrophicum	72.5	45.0	72.7	71.25	72.5	ThermoBase	4	72.2375	1.4500000000000028
balneola alkaliphila			27.0				1	27.0	0.0
balneola vulgaris			27.0				1	27.0	0.0
barnesiella intestinihominis				34.75			1	34.75	0.0
barnesiella viscericola					37.0	Lyubetsky et al., 2020	1	37.0	0.0
barrientosiimonas humi	32.0	24.0		32.0	32.0	BacDive	3	32.0	0.0
bartonella bacilliformis			29.0		26.5	Lyubetsky et al., 2020	2	27.75	2.5
bartonella clarridgeiae			35.0		36.0	Lyubetsky et al., 2020	2	35.5	1.0
bartonella coopersplainsensis					30.0	BacDive	1	30.0	0.0
bartonella durdenii			35.0				1	35.0	0.0
bartonella grahamii				36.0	36.0	Lyubetsky et al., 2020	2	36.0	0.0
bartonella henselae			34.0		36.0	Lyubetsky et al., 2020	2	35.0	2.0
bartonella japonica			36.0				1	36.0	0.0
bartonella quintana					36.0	Lyubetsky et al., 2020	1	36.0	0.0
bartonella rochalimae			36.0				1	36.0	0.0
bartonella schoenbuchensis			36.0	35.0			2	35.5	1.0
bartonella silvatica			36.0				1	36.0	0.0
bartonella silvicola			35.0				1	35.0	0.0
bartonella tamiae			36.0				1	36.0	0.0
bartonella tribocorum					35.0	Lyubetsky et al., 2020	1	35.0	0.0
bartonella vinsonii					36.0	Lyubetsky et al., 2020	1	36.0	0.0
bartonella volans			35.0				1	35.0	0.0
bartonella washoeensis				35.0			1	35.0	0.0
bartonella washoensis			36.0				1	36.0	0.0
basilea psittacipulmonis			34.0				1	34.0	0.0
bavariicoccus seileri			34.0	34.0			2	34.0	0.0
bdellovibrio bacteriovorus				28.875	25.0	Lyubetsky et al., 2020	2	26.9375	3.875
bdellovibrio exovorus			29.0				1	29.0	0.0
beggiatoa alba			29.0	29.3333333333333			2	29.16666666666665	0.3333333333333002
beijerinckia doebereinerae			29.0		30.0	BacDive	2	29.5	1.0
beijerinckia fluminensis	29.5	10.0					1	29.5	0.0
beijerinckia indica			27.5	26.0	25.0	Lyubetsky et al., 2020	3	26.166666666666668	2.5
beijerinckia mobilis			29.0				1	29.0	0.0
belliella baltica					25.0	Lyubetsky et al., 2020	1	25.0	0.0
belliella buryatensis	31.5	21.0		31.5			2	31.5	0.0
belliella kenyensis	32.5	20.0					1	32.5	0.0
bellilinea caldifistulae	55.0	45.0	55.0		55.0	BacDive;ThermoBase	3	55.0	0.0
belnapia moabensis					25.0	BacDive	1	25.0	0.0
belnapia sp.			23.0				1	23.0	0.0
bergeyella zoohelcum			33.5	32.5			2	33.0	1.0
bermanella marisrubri	27.5	15.0		27.625			2	27.5625	0.125
bernardetia litoralis			29.0				1	29.0	0.0
beutenbergia cavernae					28.0	BacDive;Lyubetsky et al., 2020	1	28.0	0.0
bhargavaea indica	42.0	15.0			42.0	ThermoBase	2	42.0	0.0
bhargavaea ullalensis			27.0				1	27.0	0.0
bifidobacterium adolescentis					38.0	BacDive;Lyubetsky et al., 2020	1	38.0	0.0
bifidobacterium aerophilum	40.0	25.0			40.0	ThermoBase	2	40.0	0.0
bifidobacterium aesculapii	36.0	25.0					1	36.0	0.0
bifidobacterium angulatum					39.0	Lyubetsky et al., 2020	1	39.0	0.0
bifidobacterium animalis				38.818	40.0	Lyubetsky et al., 2020	2	39.409	1.1820000000000022
bifidobacterium asteroides					35.5	Lyubetsky et al., 2020	1	35.5	0.0
bifidobacterium avesanii	40.0	25.0			40.0	ThermoBase	2	40.0	0.0
bifidobacterium bifidum					39.0	Lyubetsky et al., 2020	1	39.0	0.0
bifidobacterium bombi					30.0	BacDive	1	30.0	0.0
bifidobacterium breve					39.0	Lyubetsky et al., 2020	1	39.0	0.0
bifidobacterium callitrichidarum	45.0	22.0			45.0	ThermoBase	2	45.0	0.0
bifidobacterium catenulatum				37.75	39.0	Lyubetsky et al., 2020	2	38.375	1.25
bifidobacterium coryneforme					39.0	Lyubetsky et al., 2020	1	39.0	0.0
bifidobacterium crudilactis	39.0	5.0					1	39.0	0.0
bifidobacterium dentium					39.0	Lyubetsky et al., 2020	1	39.0	0.0
bifidobacterium eulemuris	39.5	35.0					1	39.5	0.0
bifidobacterium indicum					39.0	Lyubetsky et al., 2020	1	39.0	0.0
bifidobacterium lemurum	39.5	35.0					1	39.5	0.0
bifidobacterium longum					39.0	Lyubetsky et al., 2020	1	39.0	0.0
bifidobacterium magnum				37.667			1	37.667	0.0
bifidobacterium mongoliense	27.5	15.0			27.5	BacDive	2	27.5	0.0
bifidobacterium myosotis	40.0	25.0			40.0	ThermoBase	2	40.0	0.0
bifidobacterium pseudocatenulatum					39.0	Lyubetsky et al., 2020	1	39.0	0.0
bifidobacterium pseudolongum					39.0	Lyubetsky et al., 2020	1	39.0	0.0
bifidobacterium psychraerophilum					37.0	BacDive	1	37.0	0.0
bifidobacterium ramosum	40.0	20.0			40.0	ThermoBase	2	40.0	0.0
bifidobacterium scardovii					39.0	Lyubetsky et al., 2020	1	39.0	0.0
bifidobacterium stellenboschense				34.0			1	34.0	0.0
bifidobacterium thermacidophilum	39.0	30.0					1	39.0	0.0
bifidobacterium thermophilum					39.0	Lyubetsky et al., 2020	1	39.0	0.0
bifidobacterium tissieri	35.0	25.0					1	35.0	0.0
bifidobacterium tsurumiense					37.0	BacDive	1	37.0	0.0
billgrantia endophytica					40.0	ThermoBase	1	40.0	0.0
billgrantia gudaonensis					30.0	BacDive	1	30.0	0.0
bilophila wadsworthia			35.0				1	35.0	0.0
biostraticola tofi	27.5	5.0	27.0	27.5			3	27.333333333333332	0.5
bizionia algoritergicola	10.5	-2.0	22.0				2	16.25	11.5
bizionia arctica	20.0	4.0					1	20.0	0.0
bizionia argentinensis	23.5	2.0	20.0				2	21.75	3.5
bizionia gelidisalsuginis			20.0				1	20.0	0.0
bizionia paragorgiae	24.0	4.0					1	24.0	0.0
bizionia saleffrena			22.0				1	22.0	0.0
blastocatella fastidiosa	32.5	14.0	29.75				2	31.125	2.75
blastochloris viridis			26.0	26.25	27.5	Lyubetsky et al., 2020	3	26.583333333333332	1.5
blastococcus aggregatus			26.0	26.0			2	26.0	0.0
blastococcus atacamensis	35.0	10.0		35.0			2	35.0	0.0
blastococcus litoris	32.5	4.0		32.5			2	32.5	0.0
blastococcus saxobsidens	32.0	20.0		32.0	32.0	BacDive;Lyubetsky et al., 2020	3	32.0	0.0
blastococcus saxobsidens_a				32.0			1	32.0	0.0
blastococcus xanthinilyticus	31.5	10.0		31.5			2	31.5	0.0
blastomonas natatoria			26.5				1	26.5	0.0
blastomonas ursincola				26.0			1	26.0	0.0
blautia_a massiliensis				40.0			1	40.0	0.0
bombella apis	33.5	25.0		33.5			2	33.5	0.0
bordetella avium			35.0	36.333	36.5	BacDive;Lyubetsky et al., 2020	3	35.94433333333333	1.5
bordetella bronchiseptica			36.0		36.0	Lyubetsky et al., 2020	2	36.0	0.0
bordetella hinzii					36.0	Lyubetsky et al., 2020	1	36.0	0.0
bordetella holmesii					36.0	Lyubetsky et al., 2020	1	36.0	0.0
bordetella muralis	27.5	10.0					1	27.5	0.0
bordetella parapertussis					36.0	Lyubetsky et al., 2020	1	36.0	0.0
bordetella pertussis				36.0	36.0	Lyubetsky et al., 2020	2	36.0	0.0
bordetella petrii			34.0				1	34.0	0.0
bordetella trematum			34.0		36.5	BacDive;Lyubetsky et al., 2020	2	35.25	2.5
bordetella tumbae	27.5	10.0					1	27.5	0.0
bordetella tumulicola	27.5	10.0					1	27.5	0.0
borrelia hermsii			36.0				1	36.0	0.0
borrelia mayonii			33.0				1	33.0	0.0
borrelia turcica			35.0	35.0			2	35.0	0.0
borreliella bavariensis			32.0				1	32.0	0.0
borreliella bissettii			34.0				1	34.0	0.0
borreliella burgdorferi			34.0	33.12	32.0	Lyubetsky et al., 2020	3	33.04	2.0
borreliella garinii			33.0	35.333			2	34.1665	2.3329999999999984
borreliella spielmanii			32.0				1	32.0	0.0
bosea eneae			29.0				1	29.0	0.0
bosea massiliensis			29.0				1	29.0	0.0
bosea minatitlanensis			35.0		37.0	BacDive	2	36.0	2.0
bosea sp.			29.0				1	29.0	0.0
bosea sp001556025				20.0			1	20.0	0.0
bosea sp001556125				20.0			1	20.0	0.0
bosea thiooxidans	31.0	20.0	32.0	31.83333333333333			3	31.61111111111111	1.0
bosea vestrisii			29.0				1	29.0	0.0
bounagaea algeriensis	31.5	20.0					1	31.5	0.0
bowmanella denitrificans	32.5	10.0		32.5			2	32.5	0.0
bowmanella dokdonensis	33.5	4.0		33.5			2	33.5	0.0
bowmanella pacifica	31.0	10.0					1	31.0	0.0
brachybacterium alimentarium					28.0	BacDive	1	28.0	0.0
brachybacterium conglomeratum			28.0		28.0	BacDive	2	28.0	0.0
brachybacterium faecium			29.0		27.75	BacDive;Lyubetsky et al., 2020	2	28.375	1.25
brachybacterium horti	31.0	18.0					1	31.0	0.0
brachybacterium huguangmaarense	29.0	18.0					1	29.0	0.0
brachybacterium muris	31.0	15.0	31.0	29.8335			3	30.611166666666666	1.1664999999999992
brachybacterium nesterenkovii					28.0	BacDive	1	28.0	0.0
brachybacterium paraconglomeratum			29.0		28.0	BacDive	2	28.5	1.0
brachybacterium phenoliresistens	31.5	4.0		32.0	32.5	BacDive	3	32.0	1.0
brachybacterium rhamnosum			29.0		28.0	BacDive	2	28.5	1.0
brachybacterium sacelli			29.0		28.0	BacDive	2	28.5	1.0
brachybacterium saurashtrense					30.0	BacDive	1	30.0	0.0
brachybacterium squillarum	29.0	25.0		29.6665			2	29.33325	0.6664999999999992
brachybacterium tyrofermentans					28.0	BacDive	1	28.0	0.0
brachybacterium zhongshanense					32.5	BacDive	1	32.5	0.0
brachymonas chironomi					30.0	BacDive	1	30.0	0.0
brachyspira hyodysenteriae					38.0	Lyubetsky et al., 2020	1	38.0	0.0
brachyspira intermedia					38.0	Lyubetsky et al., 2020	1	38.0	0.0
brachyspira murdochii				39.0	38.0	Lyubetsky et al., 2020	2	38.5	1.0
brachyspira pilosicoli					38.0	Lyubetsky et al., 2020	1	38.0	0.0
brachyspira sp002379365				39.0			1	39.0	0.0
bradymonas sediminis	33.0	20.0					1	33.0	0.0
bradyrhizobium betae					28.0	BacDive	1	28.0	0.0
bradyrhizobium denitrificans			37.5	40.0			2	38.75	2.5
bradyrhizobium diazoefficiens				27.6			1	27.6	0.0
bradyrhizobium elkanii				27.967			1	27.967	0.0
bradyrhizobium ingae	29.0	15.0					1	29.0	0.0
bradyrhizobium japonicum			26.0	26.969	27.5	Lyubetsky et al., 2020	3	26.822999999999997	1.5
bradyrhizobium jicamae					28.0	BacDive	1	28.0	0.0
bradyrhizobium lupini			27.5				1	27.5	0.0
bradyrhizobium manausense	29.0	15.0		29.0			2	29.0	0.0
bradyrhizobium oligotrophicum			29.0		37.0	BacDive	2	33.0	8.0
bradyrhizobium pachyrhizi					28.0	BacDive	1	28.0	0.0
bradyrhizobium sp.			27.0				1	27.0	0.0
bradyrhizobium sp000244915				27.833			1	27.833	0.0
bradyrhizobium sp000515415				27.5			1	27.5	0.0
bradyrhizobium sp001556045				20.0			1	20.0	0.0
brassicibacter thermophilus	55.0	30.0			55.0	ThermoBase	2	55.0	0.0
brenneria nigrifluens				26.0			1	26.0	0.0
brenneria rubrifaciens			29.0				1	29.0	0.0
brenneria salicis			27.0	26.0			2	26.5	1.0
brevibacillus agri			33.0	33.5835			2	33.29175	0.5835000000000008
brevibacillus aydinogluensis	55.0	35.0	50.0		55.0	ThermoBase	3	53.333333333333336	5.0
brevibacillus borstelensis			34.5	37.91666666666665			2	36.20833333333333	3.41666666666665
brevibacillus brevis			32.5	32.5	30.0	Lyubetsky et al., 2020	3	31.666666666666668	2.5
brevibacillus formosus					30.0	Lyubetsky et al., 2020	1	30.0	0.0
brevibacillus fulvus	42.5	20.0		42.5	42.5	ThermoBase	3	42.5	0.0
brevibacillus gelatini	40.0	20.0	40.0	40.0	40.0	ThermoBase	4	40.0	0.0
brevibacillus laterosporus			33.75		30.0	Lyubetsky et al., 2020	2	31.875	3.75
brevibacillus levickii	42.5	15.0	34.0		42.5	ThermoBase	3	39.666666666666664	8.5
brevibacillus limnophilus	32.5	20.0	39.0				2	35.75	6.5
brevibacillus nitrificans	38.0	16.0					1	38.0	0.0
brevibacillus sediminis	52.5	37.0	55.0		52.5	ThermoBase	3	53.333333333333336	2.5
brevibacillus sp.			29.0				1	29.0	0.0
brevibacillus thermoruber	46.5	34.0	45.0	47.0	46.5	ThermoBase	4	46.25	2.0
brevibacterium album			31.0	34.0	35.5	BacDive	3	33.5	4.5
brevibacterium avium			35.0				1	35.0	0.0
brevibacterium casei			32.0		28.0	BacDive	2	30.0	4.0
brevibacterium celere			26.0		27.0	BacDive	2	26.5	1.0
brevibacterium epidermidis			33.0	33.5	28.0	BacDive	3	31.5	5.5
brevibacterium helvolum			29.0				1	29.0	0.0
brevibacterium iodinum	27.5	20.0	29.0	27.5	28.0	BacDive	4	28.0	1.5
brevibacterium linens					22.5	Lyubetsky et al., 2020	1	22.5	0.0
brevibacterium marinum					29.0	BacDive	1	29.0	0.0
brevibacterium mcbrellneri			36.0				1	36.0	0.0
brevibacterium oceani	27.0	10.0	27.0	27.0	27.0	BacDive	4	27.0	0.0
brevibacterium permense			29.0				1	29.0	0.0
brevibacterium picturae			29.0		25.0	BacDive	2	27.0	4.0
brevibacterium ravenspurgense	33.5	25.0	33.0	34.083333333333336	31.0	BacDive	4	32.895833333333336	3.0833333333333357
brevibacterium salitolerans	34.0	15.0					1	34.0	0.0
brevibacterium sandarakinum	27.5	4.0		27.5	27.5	BacDive	3	27.5	0.0
brevibacterium sediminis	26.5	8.0		26.5			2	26.5	0.0
brevibacterium sp.			31.0				1	31.0	0.0
brevirhabdus pacifica	32.5	10.0		32.5			2	32.5	0.0
brevitalea aridisoli	37.7	11.0					1	37.7	0.0
brevitalea deliciosa	35.05	25.0					1	35.05	0.0
brevundimonas abyssalis			20.0				1	20.0	0.0
brevundimonas albigilva	29.0	4.0					1	29.0	0.0
brevundimonas aveniformis					30.0	BacDive	1	30.0	0.0
brevundimonas basaltis					30.0	BacDive	1	30.0	0.0
brevundimonas bullata			29.0				1	29.0	0.0
brevundimonas diminuta			26.0				1	26.0	0.0
brevundimonas faecalis	33.5	20.0					1	33.5	0.0
brevundimonas halotolerans					30.0	BacDive	1	30.0	0.0
brevundimonas humi	27.5	15.0					1	27.5	0.0
brevundimonas kwangchunensis			29.0		30.0	BacDive	2	29.5	1.0
brevundimonas lenta					25.0	BacDive	1	25.0	0.0
brevundimonas mediterranea			29.0				1	29.0	0.0
brevundimonas naejangsanensis			29.0		30.0	BacDive	2	29.5	1.0
brevundimonas nasdae					30.0	BacDive	1	30.0	0.0
brevundimonas poindexterae					25.0	BacDive	1	25.0	0.0
brevundimonas sp.			27.0				1	27.0	0.0
brevundimonas staleyi					30.0	BacDive	1	30.0	0.0
brevundimonas subvibrioides					27.5	Lyubetsky et al., 2020	1	27.5	0.0
brevundimonas vesicularis			29.0	26.0	27.5	Lyubetsky et al., 2020	3	27.5	3.0
brevundimonas viscosa	29.0	10.0		29.0			2	29.0	0.0
breznakia blatticola	22.5	15.0					1	22.5	0.0
brochothrix campestris				26.0			1	26.0	0.0
brochothrix thermosphacta	22.5	0.0		22.5			2	22.5	0.0
brockia lithotrophica	62.5	46.0	64.0		62.5	ThermoBase	3	63.0	1.5
brucella abortus					37.0	Lyubetsky et al., 2020	1	37.0	0.0
brucella anthropi					28.5	Lyubetsky et al., 2020	1	28.5	0.0
brucella canis					37.0	Lyubetsky et al., 2020	1	37.0	0.0
brucella grignonensis					30.0	BacDive	1	30.0	0.0
brucella melitensis					37.0	Lyubetsky et al., 2020	1	37.0	0.0
brucella oryzae					30.0	BacDive	1	30.0	0.0
brucella ovis					37.0	Lyubetsky et al., 2020	1	37.0	0.0
brucella suis					37.0	Lyubetsky et al., 2020	1	37.0	0.0
brucella tritici					30.0	BacDive	1	30.0	0.0
brumimicrobium aurantiacum	29.0	4.0		29.0			2	29.0	0.0
brumimicrobium glaciale	17.5	-2.0	10.0	17.5			3	15.0	7.5
brumimicrobium mesophilum	20.0	11.0		23.0			2	21.5	3.0
bryobacter aggregatus			26.0				1	26.0	0.0
bryocella elongata	22.0	6.0	21.0	21.33333333333333	22.0	aciDB	4	21.583333333333332	1.0
buchnera aphidicola			24.0				1	24.0	0.0
bulleidia extructa			36.0	35.0			2	35.5	1.0
burkholderia alba	35.0	10.0					1	35.0	0.0
burkholderia ambifaria			29.0	30.6665			2	29.83325	1.6664999999999992
burkholderia anthina			29.0				1	29.0	0.0
burkholderia cepacia				31.83457142857145	32.5	Lyubetsky et al., 2020	2	32.167285714285725	0.6654285714285493
burkholderia contaminans				33.0			1	33.0	0.0
burkholderia dolosa				29.5			1	29.5	0.0
burkholderia gladioli			27.0	30.08333333333335	32.5	Lyubetsky et al., 2020	3	29.861111111111114	5.5
burkholderia glumae			29.0		32.5	Lyubetsky et al., 2020	2	30.75	3.5
burkholderia lata				33.5			1	33.5	0.0
burkholderia mallei					37.0	Lyubetsky et al., 2020	1	37.0	0.0
burkholderia multivorans			29.0				1	29.0	0.0
burkholderia plantarii	33.5	4.0		30.1111111111111			2	31.80555555555555	3.3888888888889
burkholderia pseudomallei					37.0	Lyubetsky et al., 2020	1	37.0	0.0
burkholderia pyrrocinia			29.0		28.0	Lyubetsky et al., 2020	2	28.5	1.0
burkholderia thailandensis			29.0	31.25	33.5	Lyubetsky et al., 2020	3	31.25	4.5
burkholderia vietnamiensis			29.0				1	29.0	0.0
burkholderiales bacterium					31.0	aciDB	1	31.0	0.0
buttiauxella agrestis				29.0			1	29.0	0.0
buttiauxella brennerae			29.0				1	29.0	0.0
buttiauxella ferragutiae			29.0				1	29.0	0.0
buttiauxella gaviniae			29.0				1	29.0	0.0
buttiauxella izardii			29.0				1	29.0	0.0
buttiauxella noackiae			29.0				1	29.0	0.0
butyratibacter algicola	33.0	15.0					1	33.0	0.0
butyricicoccus pullicaecorum					42.0	BacDive	1	42.0	0.0
butyrivibrio hungatei			38.0				1	38.0	0.0
caballeronia glathei			29.0				1	29.0	0.0
caballeronia grimmiae	29.0	10.0		29.0			2	29.0	0.0
caballeronia megalochromosomata	27.5	20.0					1	27.5	0.0
caecibacterium sporoformans	41.0	25.0			41.0	ThermoBase	2	41.0	0.0
caenibacillus caldisaponilyticus	55.0	40.0	55.0	55.0	55.0	ThermoBase	4	55.0	0.0
caenimonas koreensis					30.0	BacDive	1	30.0	0.0
caenimonas terrae	29.0	10.0					1	29.0	0.0
caenispirillum deserti	32.5	25.0					1	32.5	0.0
caenispirillum humi	29.0	20.0					1	29.0	0.0
caldalkalibacillus mannanilyticus					37.0	BacDive	1	37.0	0.0
caldalkalibacillus thermarum	60.0	45.0		61.6665	60.0	ThermoBase	3	60.555499999999995	1.6664999999999992
caldalkalibacillus uzonensis	51.0	42.0	50.0		51.0	BacDive;ThermoBase	3	50.666666666666664	1.0
caldanaerobacter subterraneus	65.0	40.0	71.95	69.33333333333333	70.0	Lyubetsky et al., 2020;ThermoBase	4	69.07083333333333	6.950000000000003
caldanaerobacter uzonensis	69.0	50.0	65.0		69.0	ThermoBase	3	67.66666666666667	4.0
caldanaerobius fijiensis	61.5	40.0	60.0		61.5	ThermoBase	3	61.0	1.5
caldanaerobius polysaccharolyticus	66.5	45.0	66.5		66.5	ThermoBase	3	66.5	0.0
caldanaerobius zeae	67.5	55.0	66.25		67.5	ThermoBase	3	67.08333333333333	1.25
caldanaerovirga acetigignens			66.0				1	66.0	0.0
calderihabitans maritimus	65.0	55.0	65.0	65.0	65.0	ThermoBase	4	65.0	0.0
caldibacillus debilis	60.0	50.0	55.0		60.0	ThermoBase	3	58.333333333333336	5.0
caldicellulosiruptor acetigenus	66.5	50.0	67.45	68.25	68.0	Lyubetsky et al., 2020;ThermoBase	4	67.55	1.75
caldicellulosiruptor bescii	79.0	42.0	75.45	76.33333333333333	79.0	ThermoBase	4	77.44583333333333	3.549999999999997
caldicellulosiruptor changbaiensis	75.0	40.0	74.7				2	74.85	0.29999999999999716
caldicellulosiruptor hydrothermalis	65.0	50.0	65.0	67.33333333333333	65.0	ThermoBase	4	65.58333333333333	2.3333333333333286
caldicellulosiruptor kristjanssonii	78.0	45.0	74.0				2	76.0	4.0
caldicellulosiruptor kronotskyensis	70.0	45.0	70.0	70.0	70.0	ThermoBase	4	70.0	0.0
caldicellulosiruptor lactoaceticus	68.0	50.0	69.1				2	68.55	1.0999999999999943
caldicellulosiruptor obsidiansis	78.0	55.0	75.85	78.5	78.0	ThermoBase	4	77.5875	2.6500000000000057
caldicellulosiruptor owensensis	75.0	50.0	72.5	73.77766666666666	75.0	Lyubetsky et al., 2020;ThermoBase	4	74.06941666666667	2.5
caldicellulosiruptor saccharolyticus	70.0	45.0	68.0	70.66666666666667	70.0	Lyubetsky et al., 2020;ThermoBase	4	69.66666666666667	2.6666666666666714
caldicoprobacter algeriensis	65.0	55.0	70.0		65.0	ThermoBase	3	66.66666666666667	5.0
caldicoprobacter faecalis	71.5	60.0	70.0		71.5	ThermoBase	3	71.0	1.5
caldicoprobacter guelmensis	65.0	45.0	65.0	65.0	65.0	ThermoBase	4	65.0	0.0
caldicoprobacter oshimai	70.0	44.0	70.0	70.0	70.0	ThermoBase	4	70.0	0.0
caldifermentibacillus hisashii					50.0	ThermoBase	1	50.0	0.0
caldilinea aerophila	55.0	37.0	55.0	55.0	55.0	ThermoBase	4	55.0	0.0
caldilinea tarbellica	55.0	43.0	55.0				2	55.0	0.0
caldimicrobium rimae	75.0	52.0	70.0		75.0	ThermoBase	3	73.33333333333333	5.0
caldimicrobium thiodismutans	75.0	40.0	75.0	75.0	75.0	ThermoBase	4	75.0	0.0
caldimonas hydrothermale	55.0	30.0	50.0		55.0	ThermoBase	3	53.333333333333336	5.0
caldimonas manganoxidans			48.0	51.25			2	49.625	3.25
caldimonas taiwanensis	55.0	35.0			55.0	ThermoBase	2	55.0	0.0
caldinitratiruptor microaerophilus	65.0	50.0	65.0		65.0	ThermoBase	3	65.0	0.0
caldisalinibacter kiritimatiensis	52.5	45.0	55.0	53.75	52.5	ThermoBase	4	53.4375	2.5
caldisericum exile	65.0	55.0	65.0	65.0	65.0	ThermoBase	4	65.0	0.0
caldisphaera draconis					81.0	ThermoBase	1	81.0	0.0
caldisphaera lagunensis	72.5	45.0	75.0		72.5	ThermoBase;aciDB	3	73.33333333333333	2.5
calditerricola satsumensis	78.0	56.0	78.0	78.0	78.0	BacDive;ThermoBase	4	78.0	0.0
calditerricola yamamurae	72.0	56.0	72.0		72.0	BacDive;ThermoBase	3	72.0	0.0
calditerrivibrio nitroreducens	55.0	30.0	55.0	55.0	55.0	BacDive;ThermoBase	4	55.0	0.0
caldithrix abyssi	60.0	40.0	60.0	60.0	60.0	ThermoBase	4	60.0	0.0
caldithrix palaeochoryensis	60.0	40.0	55.0		60.0	ThermoBase	3	58.333333333333336	5.0
caldivirga maquilingensis	85.0	60.0	85.0	84.33333333333333	85.0	Lyubetsky et al., 2020;ThermoBase;aciDB	4	84.83333333333333	0.6666666666666714
caldivirga sp.					79.0	aciDB	1	79.0	0.0
caldovatus sediminis	45.0	37.0		45.0	45.0	ThermoBase	3	45.0	0.0
calidifontibacter terrae	26.0	10.0					1	26.0	0.0
calidithermus chliarophilus					50.0	ThermoBase	1	50.0	0.0
calidithermus roseus					50.0	ThermoBase	1	50.0	0.0
calidithermus timidus					57.5	ThermoBase	1	57.5	0.0
caloramator australicus	60.0	45.0	60.0	60.0	60.0	BacDive;ThermoBase	4	60.0	0.0
caloramator boliviensis	60.0	45.0	60.0		60.0	BacDive;ThermoBase	3	60.0	0.0
caloramator coolhaasii	52.5	37.0	53.75		52.5	ThermoBase	3	52.916666666666664	1.25
caloramator fervidus			69.0	67.75	68.0	ThermoBase	3	68.25	1.25
caloramator indicus	62.5	37.0	65.3		62.5	ThermoBase	3	63.43333333333334	2.799999999999997
caloramator mitchellensis	55.0	37.0	50.0	53.333333333333336	55.0	BacDive;ThermoBase	4	53.333333333333336	5.0
caloramator proteoclasticus	55.0	30.0	55.0		55.0	ThermoBase	3	55.0	0.0
caloramator quimbayensis	50.0	37.0	55.0		50.0	ThermoBase	3	51.666666666666664	5.0
caloramator sp.			60.0				1	60.0	0.0
caloramator uzoniensis			60.0				1	60.0	0.0
caloramator viterbiensis	58.0	33.0	57.05		58.0	ThermoBase	3	57.68333333333334	0.9500000000000028
caloramator_a proteoclasticus				55.0			1	55.0	0.0
caloramator_b quimbayensis				50.0			1	50.0	0.0
caloranaerobacter azorensis	65.0	45.0	64.85		65.0	ThermoBase	3	64.95	0.15000000000000568
caloranaerobacter ferrireducens	60.0	40.0	60.0		60.0	ThermoBase	3	60.0	0.0
caloribacterium cisternae	50.0	28.0	50.0		50.0	ThermoBase	3	50.0	0.0
calorithrix insularis	55.0	35.0			55.0	ThermoBase	2	55.0	0.0
calothrix brevissima			20.0				1	20.0	0.0
calothrix elenkinii			20.0				1	20.0	0.0
calothrix fusca			22.0				1	22.0	0.0
calothrix marchica			22.0				1	22.0	0.0
calothrix membranacea			22.0				1	22.0	0.0
calothrix parasitica			20.0				1	20.0	0.0
calothrix parietina			22.0				1	22.0	0.0
calothrix scopulorum			21.0				1	21.0	0.0
calothrix sp.			23.0				1	23.0	0.0
calothrix thermalis			22.0				1	22.0	0.0
calothrix viguieri			22.0				1	22.0	0.0
camelimonas abortus			29.0				1	29.0	0.0
camelliibacillus cellulosilyticus	27.5	10.0					1	27.5	0.0
caminibacter hydrogeniphilus	60.0	50.0	60.0		60.0	ThermoBase	3	60.0	0.0
caminibacter mediatlanticus	55.0	45.0	55.0	55.0	55.0	ThermoBase	4	55.0	0.0
caminibacter pacificus					57.5	ThermoBase	1	57.5	0.0
caminibacter profundus	55.0	45.0	55.0		55.0	ThermoBase	3	55.0	0.0
caminicella sporogenes	57.5	45.0	58.75		57.5	ThermoBase	3	57.916666666666664	1.25
campylobacter canadensis			59.0		38.5	BacDive	2	48.75	20.5
campylobacter cuniculorum					39.5	BacDive	1	39.5	0.0
campylobacter fetus					27.5	Lyubetsky et al., 2020	1	27.5	0.0
campylobacter helveticus			36.0				1	36.0	0.0
campylobacter hominis					37.0	BacDive;Lyubetsky et al., 2020	1	37.0	0.0
campylobacter insulaenigrae			36.0				1	36.0	0.0
campylobacter jejuni			41.8		36.0	Lyubetsky et al., 2020	2	38.9	5.799999999999997
campylobacter sp.			31.0				1	31.0	0.0
campylobacter sputorum					37.0	Lyubetsky et al., 2020	1	37.0	0.0
candidimonas bauzanensis	27.5	1.0					1	27.5	0.0
capnocytophaga canimorsus			34.0		36.0	Lyubetsky et al., 2020	2	35.0	2.0
capnocytophaga endodontalis	35.0	30.0		35.0			2	35.0	0.0
capnocytophaga granulosa				36.667			1	36.667	0.0
capnocytophaga haemolytica					36.0	Lyubetsky et al., 2020	1	36.0	0.0
capnocytophaga ochracea				35.955	36.0	Lyubetsky et al., 2020	2	35.9775	0.045000000000001705
capnocytophaga sp000192225				36.0			1	36.0	0.0
caproiciproducens galactitolivorans	45.0	35.0		45.0	45.0	ThermoBase	3	45.0	0.0
carbonactinospora thermoautotrophica					65.0	ThermoBase	1	65.0	0.0
carboxydocella manganica	59.0	26.0	60.0		59.0	ThermoBase	3	59.333333333333336	1.0
carboxydocella sporoproducens	60.0	50.0	60.0		60.0	ThermoBase	3	60.0	0.0
carboxydocella thermautotrophica	58.0	40.0	55.0	57.44433333333333	58.0	ThermoBase	4	57.11108333333333	3.0
carboxydothermus ferrireducens	65.0	50.0	65.0		65.0	ThermoBase	3	65.0	0.0
carboxydothermus hydrogenoformans	71.0	40.0	67.5	73.5	71.0	Lyubetsky et al., 2020;ThermoBase	4	70.75	6.0
carboxydothermus islandicus	65.0	50.0	60.0	61.66666666666666	65.0	ThermoBase	4	62.916666666666664	5.0
carboxydothermus pertinax	65.0	50.0	65.0	65.0	65.0	ThermoBase	4	65.0	0.0
carboxydothermus siderophilus	65.0	52.0	65.0		65.0	ThermoBase	3	65.0	0.0
carboxylicivirga sediminis	33.0	15.0		33.0			2	33.0	0.0
cardiobacterium hominis				35.0			1	35.0	0.0
cardiobacterium valvarum				36.0			1	36.0	0.0
carnobacterium alterfunditum			20.0				1	20.0	0.0
carnobacterium funditum			20.0				1	20.0	0.0
carnobacterium gallinarum			26.0				1	26.0	0.0
carnobacterium iners			10.0				1	10.0	0.0
carnobacterium inhibens	20.0	0.0					1	20.0	0.0
carnobacterium jeotgali					30.0	BacDive	1	30.0	0.0
carnobacterium pleistocenium	24.0	0.0	22.0				2	23.0	2.0
carnobacterium sp.			29.0				1	29.0	0.0
carnobacterium_a inhibens				17.5			1	17.5	0.0
caryophanon latum				28.6			1	28.6	0.0
caryophanon tenue			29.0				1	29.0	0.0
castellaniella caeni					30.0	BacDive	1	30.0	0.0
castellaniella daejeonensis					30.0	BacDive	1	30.0	0.0
castellaniella fermenti	27.5	15.0					1	27.5	0.0
castellaniella ginsengisoli					30.0	BacDive	1	30.0	0.0
castellaniella hirudinis			27.0				1	27.0	0.0
catellatospora bangladeshensis					28.0	BacDive	1	28.0	0.0
catellatospora chokoriensis					28.0	BacDive	1	28.0	0.0
catellatospora citrea	31.0	20.0		31.0			2	31.0	0.0
catellatospora methionotrophica			29.0				1	29.0	0.0
catellicoccus marimammalium					37.0	BacDive	1	37.0	0.0
catelliglobosispora koreensis			29.0	28.5			2	28.75	0.5
catenisphaera adipataccumulans	40.0	30.0			40.0	ThermoBase	2	40.0	0.0
catenococcus thiocycli	26.5	10.0	26.0				2	26.25	0.5
catenovulum maritimum	31.5	10.0					1	31.5	0.0
catenulispora acidiphila			29.0		25.0	Lyubetsky et al., 2020	2	27.0	4.0
catenulispora subtropica	27.5	10.0					1	27.5	0.0
catenulispora yoronensis	27.5	10.0					1	27.5	0.0
catenuloplanes crispus			27.0		28.0	BacDive	2	27.5	1.0
catenuloplanes japonicus			27.0				1	27.0	0.0
catenuloplanes niger			27.0				1	27.0	0.0
caulobacter flavus	29.0	10.0		29.0			2	29.0	0.0
caulobacter henricii					27.5	Lyubetsky et al., 2020	1	27.5	0.0
caulobacter mirabilis			33.0				1	33.0	0.0
caulobacter profundus	27.5	4.0					1	27.5	0.0
caulobacter segnis			29.0				1	29.0	0.0
caulobacter sp.			29.0				1	29.0	0.0
caulobacter sp001556515				20.0			1	20.0	0.0
caulobacter sp002742645				20.0			1	20.0	0.0
caulobacter vibrioides				29.5	27.5	Lyubetsky et al., 2020	2	28.5	2.0
cecembia calidifontis	45.0	20.0	45.0	45.0	45.0	ThermoBase	4	45.0	0.0
cecembia lonarensis	33.5	10.0		33.5			2	33.5	0.0
cecembia rubra	41.0	30.0		41.0	41.0	ThermoBase	3	41.0	0.0
cedecea davisae			29.0	26.0			2	27.5	3.0
cedecea lapagei			29.0				1	29.0	0.0
cedecea neteri			36.0				1	36.0	0.0
celerinatantimonas diazotrophica	31.0	17.0		31.0			2	31.0	0.0
celerinatantimonas yamalensis	20.0	0.0	19.0				2	19.5	1.0
cellulomonas aerilata			29.0		28.0	BacDive	2	28.5	1.0
cellulomonas aurantiaca	30.5	20.0					1	30.5	0.0
cellulomonas biazotea					28.0	BacDive	1	28.0	0.0
cellulomonas bogoriensis	33.5	20.0	29.0		30.75	BacDive	3	31.083333333333332	4.5
cellulomonas carbonis					28.0	BacDive	1	28.0	0.0
cellulomonas cellasea					28.0	BacDive	1	28.0	0.0
cellulomonas chitinilytica					26.5	BacDive	1	26.5	0.0
cellulomonas composti					30.0	BacDive	1	30.0	0.0
cellulomonas denverensis			32.0				1	32.0	0.0
cellulomonas fimi			31.0		29.0	BacDive;Lyubetsky et al., 2020	2	30.0	2.0
cellulomonas flavigena					30.0	BacDive;Lyubetsky et al., 2020	1	30.0	0.0
cellulomonas gelida					28.0	BacDive	1	28.0	0.0
cellulomonas gilvus			26.0				1	26.0	0.0
cellulomonas hominis			32.0	29.8	37.0	BacDive	3	32.93333333333333	7.199999999999999
cellulomonas iranensis			29.0				1	29.0	0.0
cellulomonas marina	26.5	4.0		26.5			2	26.5	0.0
cellulomonas parahominis			35.0				1	35.0	0.0
cellulomonas persica			29.0				1	29.0	0.0
cellulomonas septica			35.0				1	35.0	0.0
cellulomonas soli					25.0	BacDive	1	25.0	0.0
cellulomonas sp.			26.55				1	26.55	0.0
cellulomonas terrae			29.0				1	29.0	0.0
cellulomonas uda					28.0	BacDive	1	28.0	0.0
cellulomonas xylanilytica			29.0		30.0	BacDive	2	29.5	1.0
cellulophaga algicola	22.5	-2.0	17.0	18.33333333333333	15.0	Lyubetsky et al., 2020	4	18.208333333333332	7.5
cellulophaga baltica					21.25	BacDive;Lyubetsky et al., 2020	1	21.25	0.0
cellulophaga lytica	26.0	2.0	27.0	27.3335	26.0	Lyubetsky et al., 2020	4	26.583375	1.3335000000000008
cellulophaga tyrosinoxydans	27.5	15.0		27.25	27.0	BacDive	3	27.25	0.5
cellulosibacter alkalithermophilus	55.0	50.0			55.0	ThermoBase	2	55.0	0.0
cellulosilyticum lentocellum	38.0	25.0		36.5	40.0	Lyubetsky et al., 2020	3	38.166666666666664	3.5
cellulosilyticum ruminicola	40.0	15.0		39.0	40.0	ThermoBase	3	39.666666666666664	1.0
cellulosimicrobium cellulans			29.0	28.4285714285714			2	28.7142857142857	0.5714285714286014
cellulosimicrobium cellulans_e				35.0			1	35.0	0.0
cellulosimicrobium funkei			31.0				1	31.0	0.0
cellvibrio fulvus			22.0				1	22.0	0.0
cellvibrio vulgaris			22.0				1	22.0	0.0
cellvibrio zantedeschiae	27.5	15.0					1	27.5	0.0
cenarchaeum symbiosum				10.0			1	10.0	0.0
centipeda periodontii	35.0	32.0		35.0			2	35.0	0.0
cerasibacillus quisquiliarum	50.0	30.0		50.0	50.0	BacDive;ThermoBase	3	50.0	0.0
cerasicoccus arenae	27.5	10.0					1	27.5	0.0
cerasicoccus maritimus	27.5	10.0					1	27.5	0.0
cereibacter changlensis				29.5			1	29.5	0.0
cereibacter sphaeroides					32.0	Lyubetsky et al., 2020	1	32.0	0.0
cesiribacter andamanensis	33.5	18.0	33.0	34.0			3	33.5	1.0
cetia pacifica	57.5	45.0	55.0				2	56.25	2.5
chamaesiphon subglobosus			20.0				1	20.0	0.0
chelativorans composti	50.0	23.0			50.0	ThermoBase	2	50.0	0.0
chelativorans multitrophicus			29.0	29.0			2	29.0	0.0
chelativorans oligotrophicus	33.0	7.0					1	33.0	0.0
chelatococcus asaccharovorans			29.0				1	29.0	0.0
chelatococcus caeni	33.5	15.0					1	33.5	0.0
chelatococcus composti	37.5	20.0					1	37.5	0.0
chelatococcus daeguensis	33.5	20.0					1	33.5	0.0
chelatococcus reniformis	27.5	5.0					1	27.5	0.0
chenggangzhangella methanolivorans	29.0	5.0					1	29.0	0.0
chengkuizengella sediminis	33.0	4.0		33.0			2	33.0	0.0
chitinibacter alvei	20.0	10.0					1	20.0	0.0
chitinibacter fontanus	27.5	15.0		27.5			2	27.5	0.0
chitinibacter suncheonensis	33.5	15.0					1	33.5	0.0
chitinibacter tainanensis	33.5	10.0		33.5			2	33.5	0.0
chitinilyticum aquatile	32.5	15.0					1	32.5	0.0
chitinilyticum litopenaei			35.0				1	35.0	0.0
chitinimonas koreensis			29.0	35.0			2	32.0	6.0
chitinimonas sp002735695				22.0			1	22.0	0.0
chitinimonas taiwanensis	31.0	4.0		31.0			2	31.0	0.0
chitiniphilus eburneus	27.5	15.0		27.5			2	27.5	0.0
chitiniphilus shinanonensis	33.5	15.0					1	33.5	0.0
chitinivibrio alkaliphilus			34.0				1	34.0	0.0
chitinivorax tropicus	33.5	15.0					1	33.5	0.0
chitinolyticbacter meiyuanensis	33.5	10.0		33.5			2	33.5	0.0
chitinophaga arvensicola			29.0				1	29.0	0.0
chitinophaga aurantiaca	26.0	24.0					1	26.0	0.0
chitinophaga caseinilytica	28.5	20.0					1	28.5	0.0
chitinophaga dinghuensis	30.5	10.0		30.5			2	30.5	0.0
chitinophaga filiformis			32.0				1	32.0	0.0
chitinophaga ginsengisoli				28.5			1	28.5	0.0
chitinophaga niabensis	29.0	5.0		29.0			2	29.0	0.0
chitinophaga oryziterrae	27.5	15.0		27.5			2	27.5	0.0
chitinophaga parva	32.5	20.0		32.5			2	32.5	0.0
chitinophaga pinensis	23.5	10.0	23.0	23.444444444444432	23.5	Lyubetsky et al., 2020	4	23.361111111111107	0.5
chitinophaga sancti			29.0				1	29.0	0.0
chitinophaga skermanii			29.0				1	29.0	0.0
chitinophaga terrae			29.0				1	29.0	0.0
chitinophaga varians	29.0	10.0		29.0			2	29.0	0.0
chlamydia abortus					37.0	Lyubetsky et al., 2020	1	37.0	0.0
chlamydia felis					37.0	Lyubetsky et al., 2020	1	37.0	0.0
chlamydia muridarum					37.0	Lyubetsky et al., 2020	1	37.0	0.0
chlamydia pecorum					37.0	Lyubetsky et al., 2020	1	37.0	0.0
chlamydia pneumoniae					37.0	Lyubetsky et al., 2020	1	37.0	0.0
chlamydia suis					37.0	Lyubetsky et al., 2020	1	37.0	0.0
chlamydia trachomatis					37.0	Lyubetsky et al., 2020	1	37.0	0.0
chlamydomonas eustigma					20.0	aciDB	1	20.0	0.0
chlamydophila felis				35.875			1	35.875	0.0
chlamydophila psittaci				38.0			1	38.0	0.0
chloracidobacterium thermophilum	51.0	44.0	42.0	51.5	51.0	ThermoBase	4	48.875	9.5
chlorobaculum tepidum			46.45		47.5	Lyubetsky et al., 2020;ThermoBase	2	46.975	1.0499999999999972
chlorobium limicola					30.0	Lyubetsky et al., 2020	1	30.0	0.0
chlorobium luteolum_b				27.5			1	27.5	0.0
chlorobium phaeobacteroides					25.0	Lyubetsky et al., 2020	1	25.0	0.0
chlorobium phaeovibrioides				32.5	25.0	Lyubetsky et al., 2020	2	28.75	7.5
chloroflexus aggregans	55.0	50.0	55.0		55.0	Lyubetsky et al., 2020;ThermoBase	3	55.0	0.0
chloroflexus aurantiacus	56.0	40.0	50.0		56.0	Lyubetsky et al., 2020;ThermoBase	3	54.0	6.0
chloroflexus islandicus	55.0	33.0			55.0	ThermoBase	2	55.0	0.0
chlorogloeopsis fritschii			22.0				1	22.0	0.0
chlorogloeopsis sp.			24.0				1	24.0	0.0
chloroherpeton thalassium				32.5	25.0	Lyubetsky et al., 2020	2	28.75	7.5
chondromyces apiculatus	29.0	18.0	29.0				2	29.0	0.0
chondromyces crocatus	29.0	18.0					1	29.0	0.0
chondromyces lanuginosus	29.0	18.0					1	29.0	0.0
chondromyces pediculatus	29.0	18.0					1	29.0	0.0
chondromyces robustus			29.0				1	29.0	0.0
christensenella minuta	38.5	25.0		38.5			2	38.5	0.0
christiangramia portivictoriae					29.0	BacDive	1	29.0	0.0
chromobacterium amazonense	29.0	10.0		30.5			2	29.75	1.5
chromobacterium aquaticum	32.0	10.0					1	32.0	0.0
chromobacterium lividum			22.0				1	22.0	0.0
chromobacterium pseudoviolaceum			27.0				1	27.0	0.0
chromobacterium subtsugae	26.5	10.0		31.125			2	28.8125	4.625
chromobacterium vaccinii			26.0	25.5			2	25.75	0.5
chromobacterium violaceum			31.0	26.0	32.5	Lyubetsky et al., 2020	3	29.833333333333332	6.5
chromobacterium viscosum			26.0				1	26.0	0.0
chromohalobacter beijerinckii			26.0				1	26.0	0.0
chromohalobacter canadensis			29.0	29.0			2	29.0	0.0
chromohalobacter israelensis			29.0	29.0			2	29.0	0.0
chromohalobacter japonicus	32.5	15.0		30.5			2	31.5	2.0
chromohalobacter marismortui			35.0				1	35.0	0.0
chromohalobacter nigrandesensis					32.0	BacDive	1	32.0	0.0
chromohalobacter salexigens			32.0		37.0	Lyubetsky et al., 2020	2	34.5	5.0
chromohalobacter sarecensis	32.5	0.0			32.5	BacDive	2	32.5	0.0
chroococcidiopsis cubana			22.0				1	22.0	0.0
chroococcidiopsis sp.					50.0	ThermoBase	1	50.0	0.0
chroococcidiopsis thermalis			22.0				1	22.0	0.0
chroococcus turgidus			22.0				1	22.0	0.0
chroogloeocystis siderophila			24.0				1	24.0	0.0
chryseobacterium aahli			20.0				1	20.0	0.0
chryseobacterium antarcticum	18.9	4.0	16.0				2	17.45	2.8999999999999986
chryseobacterium aquaticum	27.5	5.0		27.5			2	27.5	0.0
chryseobacterium arachidis			29.0				1	29.0	0.0
chryseobacterium arthrosphaerae			29.0				1	29.0	0.0
chryseobacterium balustinum			31.0				1	31.0	0.0
chryseobacterium bovis	31.0	7.0					1	31.0	0.0
chryseobacterium caeni	29.0	5.0	29.0				2	29.0	0.0
chryseobacterium carnipullorum	27.5	5.0		27.625			2	27.5625	0.125
chryseobacterium chaponense			27.0				1	27.0	0.0
chryseobacterium culicis			29.0		30.0	BacDive	2	29.5	1.0
chryseobacterium daeguense	33.5	10.0	29.0	33.5			3	32.0	4.5
chryseobacterium defluvii			29.0				1	29.0	0.0
chryseobacterium elymi	33.5	10.0		33.5			2	33.5	0.0
chryseobacterium flavum	32.5	5.0		32.5			2	32.5	0.0
chryseobacterium formosense			29.0				1	29.0	0.0
chryseobacterium frigidisoli	20.0	0.0	20.0				2	20.0	0.0
chryseobacterium frigidum	29.0	4.0					1	29.0	0.0
chryseobacterium gambrini			29.0				1	29.0	0.0
chryseobacterium geocarposphaerae			29.0				1	29.0	0.0
chryseobacterium ginsenosidimutans	27.5	10.0					1	27.5	0.0
chryseobacterium gleum			32.0	31.667			2	31.8335	0.3329999999999984
chryseobacterium gregarium					25.0	BacDive	1	25.0	0.0
chryseobacterium gwangjuense	27.5	4.0					1	27.5	0.0
chryseobacterium hagamense	33.5	10.0		33.5			2	33.5	0.0
chryseobacterium haifense	32.0	4.0	29.0				2	30.5	3.0
chryseobacterium halperniae	27.5	5.0					1	27.5	0.0
chryseobacterium hispalense	27.5	10.0		26.875			2	27.1875	0.625
chryseobacterium hominis			29.0				1	29.0	0.0
chryseobacterium humi	27.5	4.0	29.0				2	28.25	1.5
chryseobacterium hungaricum			29.0				1	29.0	0.0
chryseobacterium indologenes			32.0		27.5	Lyubetsky et al., 2020	2	29.75	4.5
chryseobacterium jejuense	29.0	5.0		29.0	29.0	BacDive	3	29.0	0.0
chryseobacterium jeonii	21.5	4.0	16.0				2	18.75	5.5
chryseobacterium joostei			27.0				1	27.0	0.0
chryseobacterium koreense			29.0				1	29.0	0.0
chryseobacterium kwangjuense	33.0	10.0		33.0			2	33.0	0.0
chryseobacterium luteum				24.5	21.0	BacDive	2	22.75	3.5
chryseobacterium marinum	15.0	3.0					1	15.0	0.0
chryseobacterium molle			29.0				1	29.0	0.0
chryseobacterium oranimense	31.5	5.0	29.0	31.5			3	30.666666666666668	2.5
chryseobacterium palustre			29.0				1	29.0	0.0
chryseobacterium piperi			29.0				1	29.0	0.0
chryseobacterium piscicola	15.0	4.0	15.0	15.0	15.0	BacDive	4	15.0	0.0
chryseobacterium piscium			29.0				1	29.0	0.0
chryseobacterium psychrotolerans	21.0	0.0					1	21.0	0.0
chryseobacterium rhizosphaerae	33.5	10.0		33.5			2	33.5	0.0
chryseobacterium salipaludis	35.0	15.0					1	35.0	0.0
chryseobacterium shigense			29.0		25.0	BacDive	2	27.0	4.0
chryseobacterium solani	27.5	4.0					1	27.5	0.0
chryseobacterium soldanellicola				27.5			1	27.5	0.0
chryseobacterium soli	29.0	5.0		28.75	29.0	BacDive	3	28.916666666666668	0.25
chryseobacterium solincola	29.0	20.0	29.0				2	29.0	0.0
chryseobacterium sp001297705				10.0			1	10.0	0.0
chryseobacterium sp001677955				20.0			1	20.0	0.0
chryseobacterium taeanense				30.667			1	30.667	0.0
chryseobacterium taichungense			29.0	23.5	23.5	BacDive	3	25.333333333333332	5.5
chryseobacterium taihuense	33.5	15.0		33.5			2	33.5	0.0
chryseobacterium takakiae	29.0	25.0		29.0			2	29.0	0.0
chryseobacterium tenax			20.0				1	20.0	0.0
chryseobacterium treverense	20.0	5.0	31.0				2	25.5	11.0
chryseobacterium ureilyticum					28.5	BacDive	1	28.5	0.0
chryseobacterium vrystaatense			27.0	23.0			2	25.0	4.0
chryseobacterium wanjuense			29.0		28.0	BacDive	2	28.5	1.0
chryseobacterium xinjiangense	22.0	4.0					1	22.0	0.0
chryseobacterium xixisoli	32.0	10.0					1	32.0	0.0
chryseobacterium zeae			29.0				1	29.0	0.0
chryseolinea serpens	27.5	13.0		27.5			2	27.5	0.0
chryseomicrobium amylolyticum	33.5	25.0					1	33.5	0.0
chryseomicrobium deserti	29.0	20.0					1	29.0	0.0
chryseomicrobium excrementi	36.0	20.0		36.0			2	36.0	0.0
chrysosporum ovalisporum			35.0				1	35.0	0.0
chthonobacter albigriseus	32.5	20.0		32.5			2	32.5	0.0
chthonomonas calidirosea	68.0	50.0	60.0	63.16666666666666	68.0	ThermoBase	4	64.79166666666666	8.0
citreimonas salinaria	32.5	15.0		32.5			2	32.5	0.0
citricoccus alkalitolerans			29.0		28.0	BacDive	2	28.5	1.0
citricoccus muralis			29.0				1	29.0	0.0
citricoccus zhacaiensis					30.0	BacDive	1	30.0	0.0
citrifermentans bemidjiense					30.0	BacDive	1	30.0	0.0
citrimicrobium luteum	33.5	10.0					1	33.5	0.0
citrobacter amalonaticus			34.5		37.0	Lyubetsky et al., 2020	2	35.75	2.5
citrobacter braakii			33.0		37.0	Lyubetsky et al., 2020	2	35.0	4.0
citrobacter farmeri			33.0		37.0	Lyubetsky et al., 2020	2	35.0	4.0
citrobacter freundii			35.0	33.8	37.0	Lyubetsky et al., 2020	3	35.266666666666666	3.200000000000003
citrobacter gillenii			36.0				1	36.0	0.0
citrobacter intermedius			38.1				1	38.1	0.0
citrobacter koseri			34.0		37.0	Lyubetsky et al., 2020	2	35.5	3.0
citrobacter murliniae			34.0				1	34.0	0.0
citrobacter pasteurii			29.0				1	29.0	0.0
citrobacter rodentium			35.0		37.0	Lyubetsky et al., 2020	2	36.0	2.0
citrobacter sedlakii			32.0				1	32.0	0.0
citrobacter sp.			33.0				1	33.0	0.0
citrobacter werkmanii			32.0	29.0			2	30.5	3.0
citrobacter youngae			32.0				1	32.0	0.0
citromicrobium bathyomarinum	31.0	4.0					1	31.0	0.0
clavibacter michiganensis			29.0	27.24166666666665	26.25	BacDive;Lyubetsky et al., 2020	3	27.497222222222216	2.75
cloacibacillus porcorum				39.0			1	39.0	0.0
cloacibacterium normanense			36.0	35.0	30.0	BacDive	3	33.666666666666664	6.0
cloacimonas acidaminovorans				40.5			1	40.5	0.0
clostridiisalibacter paucivorans	42.5	20.0	40.0		42.25	BacDive;ThermoBase	3	41.583333333333336	2.5
clostridioides difficile				35.1			1	35.1	0.0
clostridium aceticum			32.0		30.0	Lyubetsky et al., 2020	2	31.0	2.0
clostridium acetireducens	41.0	30.0			41.0	ThermoBase	2	41.0	0.0
clostridium acetobutylicum			34.0				1	34.0	0.0
clostridium acidisoli	27.5	5.0					1	27.5	0.0
clostridium aciditolerans	35.0	20.0			35.0	BacDive	2	35.0	0.0
clostridium aestuarii					30.0	BacDive	1	30.0	0.0
clostridium akagii	22.5	5.0	20.0				2	21.25	2.5
clostridium algidicarnis			22.0				1	22.0	0.0
clostridium algifaecis	33.5	20.0					1	33.5	0.0
clostridium algoriphilum	5.0	-5.0	5.0				2	5.0	0.0
clostridium aminobutyricum			35.0				1	35.0	0.0
clostridium amylolyticum					37.0	BacDive	1	37.0	0.0
clostridium arbusti			35.0				1	35.0	0.0
clostridium argentinense					36.0	Lyubetsky et al., 2020	1	36.0	0.0
clostridium baratii					37.5	Lyubetsky et al., 2020	1	37.5	0.0
clostridium beijerinckii				36.5555555555556	37.0	Lyubetsky et al., 2020	2	36.7777777777778	0.44444444444440023
clostridium beijerinckii_d				33.25			1	33.25	0.0
clostridium bornimense	35.0	20.0	35.0				2	35.0	0.0
clostridium botulinum					33.5	Lyubetsky et al., 2020	1	33.5	0.0
clostridium bowmanii			12.3				1	12.3	0.0
clostridium butyricum	33.5	10.0	36.0	34.407333333333334	33.5	Lyubetsky et al., 2020	4	34.35183333333333	2.5
clostridium cadaveris	33.5	25.0					1	33.5	0.0
clostridium carboxidivorans			36.0		38.0	BacDive;Lyubetsky et al., 2020	2	37.0	2.0
clostridium cavendishii	41.5	15.0	35.0		41.5	BacDive;ThermoBase	3	39.333333333333336	6.5
clostridium cellulovorans					37.0	BacDive;Lyubetsky et al., 2020	1	37.0	0.0
clostridium chauvoei					37.0	Lyubetsky et al., 2020	1	37.0	0.0
clostridium colicanis	38.5	30.0					1	38.5	0.0
clostridium diolis			35.0				1	35.0	0.0
clostridium disporicum	25.5	22.0		25.5			2	25.5	0.0
clostridium estertheticum			8.4		7.0	Lyubetsky et al., 2020	2	7.7	1.4000000000000004
clostridium filamentosum			45.0				1	45.0	0.0
clostridium formicaceticum					37.0	Lyubetsky et al., 2020	1	37.0	0.0
clostridium frigidicarnis	34.25	4.0					1	34.25	0.0
clostridium frigoris			5.2				1	5.2	0.0
clostridium ganghwense	35.0	15.0	35.0		35.0	BacDive	3	35.0	0.0
clostridium gasigenes	21.0	2.0	21.0				2	21.0	0.0
clostridium homopropionicum			36.0				1	36.0	0.0
clostridium huakuii	35.0	25.0					1	35.0	0.0
clostridium hydrogeniformans	35.0	15.0	35.0		35.0	BacDive	3	35.0	0.0
clostridium intestinale			34.0				1	34.0	0.0
clostridium isatidis	50.5	30.0	50.8	50.5	50.5	ThermoBase	4	50.575	0.29999999999999716
clostridium kluyveri	35.0	19.0			35.0	Lyubetsky et al., 2020	2	35.0	0.0
clostridium lacusfryxellense			10.25				1	10.25	0.0
clostridium ljungdahlii					37.0	Lyubetsky et al., 2020	1	37.0	0.0
clostridium lundense					37.0	BacDive	1	37.0	0.0
clostridium magnum	31.0	15.0	31.5				2	31.25	0.5
clostridium nitrophenolicum					30.0	BacDive	1	30.0	0.0
clostridium novyi					45.0	Lyubetsky et al., 2020	1	45.0	0.0
clostridium pascui	38.5	10.0					1	38.5	0.0
clostridium pasteurianum			36.0		37.0	Lyubetsky et al., 2020	2	36.5	1.0
clostridium perfringens	41.0	20.0	42.0		43.0	Lyubetsky et al., 2020;ThermoBase	3	42.0	2.0
clostridium psychrophilum			4.25				1	4.25	0.0
clostridium quinii	42.5	15.0			42.5	ThermoBase	2	42.5	0.0
clostridium ragsdalei			35.0				1	35.0	0.0
clostridium saccharobutylicum			33.0	33.5	32.0	Lyubetsky et al., 2020	3	32.833333333333336	1.5
clostridium saccharoperbutylacetonicum			31.0	32.5	30.0	Lyubetsky et al., 2020	3	31.166666666666668	2.5
clostridium sartagoforme	33.5	25.0					1	33.5	0.0
clostridium scatologenes			27.5		33.5	Lyubetsky et al., 2020	2	30.5	6.0
clostridium schirmacherense	7.5	5.0	20.0				2	13.75	12.5
clostridium sordelli	33.5	25.0					1	33.5	0.0
clostridium sp.			35.85				1	35.85	0.0
clostridium sp002760435				50.0			1	50.0	0.0
clostridium sporogenes	35.0	25.0			35.0	Lyubetsky et al., 2020	2	35.0	0.0
clostridium sulfidigenes	34.0	18.0	36.0		34.0	BacDive	3	34.666666666666664	2.0
clostridium swellfunianum			35.0				1	35.0	0.0
clostridium tagluense	17.5	4.0	15.05		17.5	BacDive	3	16.683333333333334	2.4499999999999993
clostridium tepidiprofundi	50.0	22.0	50.0		50.0	BacDive;ThermoBase	3	50.0	0.0
clostridium tepidum	47.5	30.0			47.5	ThermoBase	2	47.5	0.0
clostridium tetani					37.0	Lyubetsky et al., 2020	1	37.0	0.0
clostridium thermoamylolyticum			55.0				1	55.0	0.0
clostridium thermobutyricum	55.0	26.0	55.25	51.333333333333336	55.0	ThermoBase	4	54.145833333333336	3.9166666666666643
clostridium thermopalmarium			55.0				1	55.0	0.0
clostridium tyrobutyricum	33.5	25.0			33.5	Lyubetsky et al., 2020	2	33.5	0.0
clostridium uliginosum	22.5	10.0	20.0	21.666666666666668			3	21.38888888888889	2.5
clostridium uzonii			60.0				1	60.0	0.0
clostridium vincentii	12.0	2.0	12.1	12.0			3	12.033333333333333	0.09999999999999964
clostridium_ab cylindrosporum				42.5			1	42.5	0.0
clostridium_ac tepidiprofundi				50.0			1	50.0	0.0
clostridium_ag cavendishii				37.833			1	37.833	0.0
clostridium_c acetireducens				41.0			1	41.0	0.0
clostridium_f sporogenes				36.6			1	36.6	0.0
clostridium_h haemolyticum				37.637			1	37.637	0.0
clostridium_h thermopalmarium				55.0			1	55.0	0.0
clostridium_i acidisoli				27.5			1	27.5	0.0
clostridium_i akagii				22.5			1	22.5	0.0
clostridium_i pasteurianum				30.8			1	30.8	0.0
clostridium_j sulfidigenes				34.0			1	34.0	0.0
clostridium_n fimetarium				22.5			1	22.5	0.0
clostridium_s acetobutylicum				37.5			1	37.5	0.0
clostridium_y paradoxum				56.0			1	56.0	0.0
cnuibacter physcomitrellae	29.0	15.0		29.0			2	29.0	0.0
cobetia litoralis	36.0	4.0					1	36.0	0.0
cobetia marina			26.5	26.0			2	26.25	0.5
cobetia pacifica	36.5	4.0					1	36.5	0.0
cocleimonas flava	26.5	4.0		26.5			2	26.5	0.0
cohaesibacter gelatinilyticus	27.5	15.0		27.0835			2	27.29175	0.4164999999999992
cohaesibacter marisflavi	27.5	10.0		27.5			2	27.5	0.0
cohnella algarum	38.5	20.0		38.5			2	38.5	0.0
cohnella fontinalis	40.0	25.0	40.0				2	40.0	0.0
cohnella formosensis	33.5	20.0					1	33.5	0.0
cohnella hongkongensis			32.0				1	32.0	0.0
cohnella laeviribosi	45.0	30.0	40.0		45.0	ThermoBase	3	43.333333333333336	5.0
cohnella thailandensis			35.0	35.0			2	35.0	0.0
cohnella thermotolerans			32.0				1	32.0	0.0
coleofasciculus chthonoplastes			22.0	32.5			2	27.25	10.5
collimonas arenae_a				20.0			1	20.0	0.0
collimonas fungivorans			27.0				1	27.0	0.0
collimonas fungivorans_a				22.5			1	22.5	0.0
collimonas pratensis				20.0			1	20.0	0.0
collinsella stercoris				34.75			1	34.75	0.0
collinsella tanakaei					37.0	BacDive	1	37.0	0.0
colwellia aestuarii	27.5	4.0					1	27.5	0.0
colwellia agarivorans	29.0	4.0					1	29.0	0.0
colwellia arctica	19.0	4.0	20.0				2	19.5	1.0
colwellia asteriadis	15.0	4.0					1	15.0	0.0
colwellia beringensis	11.5	0.0					1	11.5	0.0
colwellia chukchiensis	24.0	0.0			24.0	BacDive	2	24.0	0.0
colwellia demingiae			13.0				1	13.0	0.0
colwellia echini	20.0	5.0					1	20.0	0.0
colwellia hornerae			10.3				1	10.3	0.0
colwellia marinimaniae				2.0			1	2.0	0.0
colwellia maris			13.0				1	13.0	0.0
colwellia mytili	20.0	4.0					1	20.0	0.0
colwellia piezophila			10.0				1	10.0	0.0
colwellia polaris	20.5	4.0					1	20.5	0.0
colwellia psychrerythraea			10.0		9.5	Lyubetsky et al., 2020	2	9.75	0.5
colwellia sp.			15.0				1	15.0	0.0
comamonas aquatica			29.0				1	29.0	0.0
comamonas badia	28.5	20.0	29.0				2	28.75	0.5
comamonas denitrificans					30.0	BacDive	1	30.0	0.0
comamonas humi	27.5	15.0					1	27.5	0.0
comamonas kerstersii	37.5	30.0	33.0	37.5			3	36.0	4.5
comamonas sediminis	32.5	12.0					1	32.5	0.0
comamonas sp.			29.0				1	29.0	0.0
comamonas terrigena			32.0				1	32.0	0.0
comamonas testosteroni			29.0	29.8666666666667			2	29.43333333333335	0.8666666666666991
comamonas zonglianii			29.0				1	29.0	0.0
comamonas_c badia				28.5			1	28.5	0.0
commensalibacter intestini	27.5	18.0		27.5			2	27.5	0.0
companilactobacillus nantensis					30.0	BacDive	1	30.0	0.0
companilactobacillus nodensis					26.0	BacDive	1	26.0	0.0
compostibacillus humi	50.0	30.0			50.0	ThermoBase	2	50.0	0.0
compostimonas suwonensis					28.0	BacDive	1	28.0	0.0
conexibacter woesei			29.0	30.25	32.5	Lyubetsky et al., 2020	3	30.583333333333332	3.5
conexivisphaera calida					65.0	ThermoBase	1	65.0	0.0
conexivisphaera calidus	65.0	60.0					1	65.0	0.0
confluentibacter lentus	32.5	15.0		32.5			2	32.5	0.0
conyzicola nivalis	14.0	0.0		14.0			2	14.0	0.0
coprobacter fastidiosus				35.25			1	35.25	0.0
coprococcus catus	41.0	25.0			41.0	ThermoBase	2	41.0	0.0
coprococcus comes	41.0	25.0			41.0	ThermoBase	2	41.0	0.0
coprococcus eutactus	41.0	25.0			41.0	ThermoBase	2	41.0	0.0
coprothermobacter platensis	55.0	35.0	55.0	55.0	55.0	ThermoBase	4	55.0	0.0
coprothermobacter proteolyticus	63.0	35.0	60.0	62.0	65.25	Lyubetsky et al., 2020;ThermoBase	4	62.5625	5.25
coraliomargarita akajimensis					25.0	Lyubetsky et al., 2020	1	25.0	0.0
corallibacterium pacifica	35.0	15.0					1	35.0	0.0
corallincola platygyrae	20.0	20.0					1	20.0	0.0
corallococcus coralloides				28.0076923076923			1	28.0076923076923	0.0
corallococcus exiguus				28.0287769784173			1	28.0287769784173	0.0
coralloluteibacterium thermophilus	45.0	15.0			45.0	ThermoBase	2	45.0	0.0
corallomonas stylophorae	27.5	15.0					1	27.5	0.0
coriobacterium glomerans				31.25	27.5	Lyubetsky et al., 2020	2	29.375	3.75
corticibacterium populi	29.0	10.0		29.0			2	29.0	0.0
corticicoccus populi	29.0	10.0					1	29.0	0.0
corynebacterium accolens					37.0	BacDive	1	37.0	0.0
corynebacterium acetoacidophilum			32.0				1	32.0	0.0
corynebacterium afermentans					28.0	BacDive	1	28.0	0.0
corynebacterium alkanolyticum			26.0				1	26.0	0.0
corynebacterium ammoniagenes					29.0	BacDive;Lyubetsky et al., 2020	1	29.0	0.0
corynebacterium amycolatum			36.0	35.8333333333333	28.0	BacDive	3	33.277777777777764	8.0
corynebacterium appendicis					37.0	BacDive	1	37.0	0.0
corynebacterium aquilae					37.0	Lyubetsky et al., 2020	1	37.0	0.0
corynebacterium argentoratense			29.0		28.0	BacDive	2	28.5	1.0
corynebacterium atypicum					37.0	Lyubetsky et al., 2020	1	37.0	0.0
corynebacterium aurimucosum			36.0		37.0	BacDive	2	36.5	1.0
corynebacterium auris					37.0	BacDive	1	37.0	0.0
corynebacterium bovis			36.0	30.5	37.0	BacDive	3	34.5	6.5
corynebacterium callunae					28.0	BacDive	1	28.0	0.0
corynebacterium canis					35.0	BacDive	1	35.0	0.0
corynebacterium caspium				34.5	37.0	BacDive	2	35.75	2.5
corynebacterium confusum					37.0	BacDive	1	37.0	0.0
corynebacterium coyleae					37.0	BacDive	1	37.0	0.0
corynebacterium cystitidis					37.0	BacDive	1	37.0	0.0
corynebacterium diphtheriae				35.2	35.25	BacDive;Lyubetsky et al., 2020	2	35.225	0.04999999999999716
corynebacterium efficiens					36.0	BacDive;Lyubetsky et al., 2020	1	36.0	0.0
corynebacterium falsenii					37.0	BacDive	1	37.0	0.0
corynebacterium felinum					37.0	BacDive	1	37.0	0.0
corynebacterium flavescens			31.0		28.0	BacDive	2	29.5	3.0
corynebacterium frankenforstense			29.0				1	29.0	0.0
corynebacterium freneyi			36.0		37.0	BacDive	2	36.5	1.0
corynebacterium glaucum			33.0		28.0	BacDive	2	30.5	5.0
corynebacterium glucuronolyticum					37.0	BacDive	1	37.0	0.0
corynebacterium glutamicum			31.0	31.46707142857145	29.5	BacDive;Lyubetsky et al., 2020	3	30.655690476190482	1.967071428571451
corynebacterium glyciniphilum			38.0				1	38.0	0.0
corynebacterium guangdongense	27.5	10.0					1	27.5	0.0
corynebacterium hadale	35.0	22.0					1	35.0	0.0
corynebacterium halotolerans					28.0	BacDive;Lyubetsky et al., 2020	1	28.0	0.0
corynebacterium hansenii					24.0	BacDive	1	24.0	0.0
corynebacterium humireducens					37.0	BacDive	1	37.0	0.0
corynebacterium ilicis			26.0				1	26.0	0.0
corynebacterium imitans			36.0		37.0	BacDive	2	36.5	1.0
corynebacterium jeikeium					36.0	Lyubetsky et al., 2020	1	36.0	0.0
corynebacterium kroppenstedtii					37.0	BacDive	1	37.0	0.0
corynebacterium kutscheri					28.0	BacDive	1	28.0	0.0
corynebacterium lactis			29.0				1	29.0	0.0
corynebacterium lipophiloflavum					37.0	BacDive	1	37.0	0.0
corynebacterium lubricantis			29.0		27.75	BacDive	2	28.375	1.25
corynebacterium macginleyi					37.0	BacDive	1	37.0	0.0
corynebacterium marinum	31.0	4.0	29.0	30.6	31.0	Lyubetsky et al., 2020	4	30.4	2.0
corynebacterium maris				35.625	29.25	BacDive;Lyubetsky et al., 2020	2	32.4375	6.375
corynebacterium mastitidis					37.0	BacDive	1	37.0	0.0
corynebacterium matruchotii			35.0		37.0	BacDive	2	36.0	2.0
corynebacterium minutissimum			35.0	36.5	37.0	BacDive	3	36.166666666666664	2.0
corynebacterium mucifaciens					37.0	BacDive	1	37.0	0.0
corynebacterium mycetoides			34.0	33.5	37.0	BacDive	3	34.833333333333336	3.5
corynebacterium otitidis					37.0	BacDive	1	37.0	0.0
corynebacterium pelargi			34.0				1	34.0	0.0
corynebacterium phocae					37.0	Lyubetsky et al., 2020	1	37.0	0.0
corynebacterium pilosum					37.0	BacDive	1	37.0	0.0
corynebacterium propinquum					37.0	BacDive	1	37.0	0.0
corynebacterium pseudodiphtheriticum			35.0		37.0	BacDive	2	36.0	2.0
corynebacterium pseudotuberculosis					37.0	BacDive;Lyubetsky et al., 2020	1	37.0	0.0
corynebacterium pyruviciproducens				37.833	37.0	BacDive	2	37.4165	0.8329999999999984
corynebacterium renale			36.0	35.25	37.0	BacDive	3	36.083333333333336	1.75
corynebacterium resistens					37.0	Lyubetsky et al., 2020	1	37.0	0.0
corynebacterium riegelii					37.0	BacDive	1	37.0	0.0
corynebacterium simulans					37.0	BacDive;Lyubetsky et al., 2020	1	37.0	0.0
corynebacterium singulare					37.0	BacDive;Lyubetsky et al., 2020	1	37.0	0.0
corynebacterium sp.			33.0				1	33.0	0.0
corynebacterium sphenisci					37.0	Lyubetsky et al., 2020	1	37.0	0.0
corynebacterium sputi					37.0	BacDive	1	37.0	0.0
corynebacterium stationis			29.0	35.0	28.0	BacDive	3	30.666666666666668	7.0
corynebacterium striatum			34.0		37.0	BacDive;Lyubetsky et al., 2020	2	35.5	3.0
corynebacterium sundsvallense			36.0				1	36.0	0.0
corynebacterium suranareeae	33.5	9.0		33.5			2	33.5	0.0
corynebacterium terpenotabidum			35.0				1	35.0	0.0
corynebacterium thomssenii					37.0	BacDive	1	37.0	0.0
corynebacterium trachiae			34.0				1	34.0	0.0
corynebacterium ulcerans					37.0	BacDive	1	37.0	0.0
corynebacterium ulceribovis					28.0	BacDive	1	28.0	0.0
corynebacterium urealyticum					37.0	BacDive;Lyubetsky et al., 2020	1	37.0	0.0
corynebacterium ureicelerivorans					37.0	BacDive;Lyubetsky et al., 2020	1	37.0	0.0
corynebacterium variabile			27.0	27.5	27.75	BacDive;Lyubetsky et al., 2020	3	27.416666666666668	0.75
corynebacterium vitaeruminis					28.0	BacDive	1	28.0	0.0
corynebacterium xerosis			35.0	34.3333333333333	37.0	BacDive	3	35.444444444444436	2.6666666666667
cosenzaea myxofaciens			35.0				1	35.0	0.0
costertonia aggregata	29.0	10.0		29.0			2	29.0	0.0
couchioplanes caeruleus			27.0				1	27.0	0.0
coxiella burnetii			36.0				1	36.0	0.0
crenalkalicoccus roseus	45.0	20.0		45.0	45.0	ThermoBase	3	45.0	0.0
crenobacter luteus	45.0	10.0	40.0	45.0	45.0	ThermoBase	4	43.75	5.0
crenotalea thermophila	55.0	35.0	55.0				2	55.0	0.0
cribrihabitans marinus	32.5	15.0		32.5			2	32.5	0.0
crinalium epipsammum					25.0	Lyubetsky et al., 2020	1	25.0	0.0
crocebacterium ilecola			21.0				1	21.0	0.0
croceibacter atlanticus			26.0		21.5	Lyubetsky et al., 2020	2	23.75	4.5
croceicoccus mobilis	33.5	15.0		33.5			2	33.5	0.0
croceicoccus naphthovorans	32.0	15.0		32.0			2	32.0	0.0
croceicoccus pelagius	33.5	15.0		33.5			2	33.5	0.0
croceitalea dokdonensis	35.0	12.0		35.0			2	35.0	0.0
croceitalea eckloniae	29.0	10.0					1	29.0	0.0
croceitalea litorea	27.5	15.0					1	27.5	0.0
croceivirga radicis				36.0			1	36.0	0.0
crocinitomix catalasitica			27.0				1	27.0	0.0
cronobacter muytjensii			29.0				1	29.0	0.0
cronobacter sakazakii			33.0	36.0			2	34.5	3.0
cronobacter universalis				33.5			1	33.5	0.0
crossiella cryophila			29.0				1	29.0	0.0
crossiella equi			29.0				1	29.0	0.0
cruoricaptor ignavus	35.0	22.0		35.0			2	35.0	0.0
cryobacterium arcticum	20.0	-6.0	20.0	20.0			3	20.0	0.0
cryobacterium aureum	11.0	0.0		11.0			2	11.0	0.0
cryobacterium flavum			10.0				1	10.0	0.0
cryobacterium levicorallinum	11.0	0.0	10.0	11.0			3	10.666666666666666	1.0
cryobacterium luteum			10.0				1	10.0	0.0
cryobacterium psychrophilum			10.0	10.0			2	10.0	0.0
cryobacterium psychrotolerans	21.0	4.0	21.0	21.33333333333333			3	21.11111111111111	0.3333333333333286
cryobacterium roopkundense			15.0	15.75	16.5	BacDive	3	15.75	1.5
cryomorpha ignava	15.0	-2.0	10.0	15.0			3	13.333333333333334	5.0
cryptosporangium eucalypti	32.5	20.0					1	32.5	0.0
cryptosporangium minutisporangium			27.0				1	27.0	0.0
cucumibacter marinus	32.5	15.0		32.5			2	32.5	0.0
cuniculiplasma divulgatum	38.5	10.0		38.5	38.5	aciDB	3	38.5	0.0
cuniculiplasma sp.					22.0	aciDB	1	22.0	0.0
cupriavidus basilensis			29.0	28.6666666666667			2	28.83333333333335	0.3333333333333002
cupriavidus campinensis			34.0				1	34.0	0.0
cupriavidus gilardii			32.0				1	32.0	0.0
cupriavidus nantongensis	33.5	20.0		33.5			2	33.5	0.0
cupriavidus necator			29.0	29.325	27.0	Lyubetsky et al., 2020	3	28.441666666666666	2.3249999999999993
cupriavidus oxalaticus			29.0	32.5			2	30.75	3.5
cupriavidus pampae			29.0				1	29.0	0.0
cupriavidus pauculus			32.5				1	32.5	0.0
cupriavidus pinatubonensis			29.0	29.5			2	29.25	0.5
cupriavidus respiraculi			32.0				1	32.0	0.0
cupriavidus sp.			29.0				1	29.0	0.0
cupriavidus taiwanensis			31.0	28.9			2	29.95	2.1000000000000014
cupriavidus yeoncheonensis	27.5	15.0		27.5			2	27.5	0.0
curtobacterium albidum					28.0	BacDive	1	28.0	0.0
curtobacterium ammoniigenes			29.0	21.0	21.0	BacDive	3	23.666666666666668	8.0
curtobacterium citreum					28.0	BacDive	1	28.0	0.0
curtobacterium flaccumfaciens			27.5	29.3333333333333			2	28.41666666666665	1.8333333333333002
curtobacterium herbarum			29.0		28.0	BacDive	2	28.5	1.0
curtobacterium luteum			29.0	29.0	28.0	BacDive	3	28.666666666666668	1.0
curtobacterium pusillum					28.0	BacDive	1	28.0	0.0
curvibacter delicatus	31.0	9.0	26.0				2	28.5	5.0
curvibacter gracilis	27.5	9.0		27.5			2	27.5	0.0
curvibacter lanceolatus			26.0				1	26.0	0.0
curvularia protuberata					45.0	ThermoBase	1	45.0	0.0
cutibacterium acnes			35.0		36.5	Lyubetsky et al., 2020	2	35.75	1.5
cyanidioschyzon merolae					45.0	ThermoBase;aciDB	1	45.0	0.0
cyanidium caldarium					45.0	ThermoBase	1	45.0	0.0
cyanobium gracile				32.5			1	32.5	0.0
cyclobacterium amurskyense				26.0	27.5	Lyubetsky et al., 2020	2	26.75	1.5
cyclobacterium halophilum	27.5	4.0					1	27.5	0.0
cyclobacterium jeungdonense	27.5	15.0		27.5			2	27.5	0.0
cyclobacterium lianum	33.0	15.0					1	33.0	0.0
cyclobacterium marinum			23.0	24.0	27.5	Lyubetsky et al., 2020	3	24.833333333333332	4.5
cyclobacterium qasimii				22.0			1	22.0	0.0
cyclobacterium sediminis	27.5	25.0					1	27.5	0.0
cycloclasticus pugetii			20.0	20.0			2	20.0	0.0
cylindrospermopsis raciborskii			20.0				1	20.0	0.0
cylindrospermum licheniforme			24.0				1	24.0	0.0
cylindrospermum majus			22.0				1	22.0	0.0
cylindrospermum muscicola			20.0				1	20.0	0.0
cytobacillus horneckiae					30.0	BacDive	1	30.0	0.0
cytobacillus kochii					30.0	BacDive	1	30.0	0.0
cytobacillus oceanisediminis					37.0	BacDive	1	37.0	0.0
cytophaga allerginae			26.0				1	26.0	0.0
cytophaga aurantiaca			23.0	24.0			2	23.5	1.0
cytophaga hutchinsonii			29.0	28.667	30.0	Lyubetsky et al., 2020	3	29.222333333333335	1.3329999999999984
cytophaga sp.			26.0				1	26.0	0.0
dactylococcopsis salina					34.0	Lyubetsky et al., 2020	1	34.0	0.0
dactylosporangium aurantiacum			29.0				1	29.0	0.0
dactylosporangium darangshiense					37.0	BacDive	1	37.0	0.0
dactylosporangium fulvum			27.0		28.0	BacDive	2	27.5	1.0
dactylosporangium luridum					28.0	BacDive	1	28.0	0.0
dactylosporangium luteum					28.0	BacDive	1	28.0	0.0
dactylosporangium maewongense					27.5	BacDive	1	27.5	0.0
dactylosporangium matsuzakiense			27.0		28.0	BacDive	2	27.5	1.0
dactylosporangium roseum			27.0		28.0	BacDive	2	27.5	1.0
dactylosporangium salmoneum			27.0		28.0	BacDive	2	27.5	1.0
dactylosporangium solaniradicis	31.5	15.0					1	31.5	0.0
dactylosporangium sp.			26.0				1	26.0	0.0
dactylosporangium sucinum	31.0	20.0		31.0			2	31.0	0.0
dactylosporangium thailandense			29.0		28.0	BacDive	2	28.5	1.0
dactylosporangium vinaceum			27.0		28.0	BacDive	2	27.5	1.0
daeguia caeni	33.5	15.0					1	33.5	0.0
dasania marina			20.0	19.75			2	19.875	0.25
dechlorobacter hydrogenophilus			26.0				1	26.0	0.0
dechloromonas agitata			32.0				1	32.0	0.0
dechloromonas denitrificans	32.5	5.0					1	32.5	0.0
dechloromonas sp.			26.0				1	26.0	0.0
deefgea chitinilytica	27.5	15.0					1	27.5	0.0
deefgea rivuli	25.5	4.0	27.0				2	26.25	1.5
deferribacter abyssi	60.0	45.0	57.5		60.0	ThermoBase	3	59.166666666666664	2.5
deferribacter autotrophicus	60.0	25.0	60.0	60.0	60.0	BacDive;ThermoBase	4	60.0	0.0
deferribacter desulfuricans	62.5	40.0	62.0	61.708333333333336	61.25	Lyubetsky et al., 2020;ThermoBase	4	61.864583333333336	1.25
deferribacter thermophilus	60.0	50.0	59.95		60.0	ThermoBase	3	59.98333333333333	0.04999999999999716
deferrisoma camini	50.0	36.0	50.0	50.0	50.0	ThermoBase	4	50.0	0.0
deferrisoma palaeochoriense	60.0	30.0			60.0	ThermoBase	2	60.0	0.0
defluviimonas denitrificans	35.0	10.0	29.0				2	32.0	6.0
defluviimonas indica	26.5	20.0					1	26.5	0.0
defluviimonas nitratireducens	29.0	8.0					1	29.0	0.0
defluviitalea phaphyphila	57.5	45.0			57.5	ThermoBase	2	57.5	0.0
defluviitalea raffinosedens	52.5	40.0			52.5	ThermoBase	2	52.5	0.0
defluviitalea saccharophila	52.5	40.0	50.0		52.5	ThermoBase	3	51.666666666666664	2.5
defluviitoga tunisiensis	55.0	37.0	55.0		55.0	ThermoBase	3	55.0	0.0
dehalobacter restrictus				27.5	30.0	Lyubetsky et al., 2020	2	28.75	2.5
dehalococcoides mccartyi	27.5	15.0		27.5			2	27.5	0.0
dehalococcoides mccartyi_b				31.0			1	31.0	0.0
dehalococcoides sp.			27.0				1	27.0	0.0
dehalogenimonas alkenigignens	32.0	18.0		31.5			2	31.75	0.5
dehalogenimonas formicexedens	32.0	20.0		32.0			2	32.0	0.0
dehalogenimonas lykanthroporepellens	31.0	20.0		31.0			2	31.0	0.0
deinobacterium chartae	41.0	12.0		41.0	41.0	ThermoBase	3	41.0	0.0
deinococcus aerius			29.0		27.5	BacDive	2	28.25	1.5
deinococcus aerolatus			29.0		30.0	BacDive	2	29.5	1.0
deinococcus aerophilus			29.0		30.0	BacDive	2	29.5	1.0
deinococcus aetherius					27.5	BacDive	1	27.5	0.0
deinococcus alpinitundrae	10.0	5.0		10.0			2	10.0	0.0
deinococcus altitudinis	10.0	5.0					1	10.0	0.0
deinococcus aquaticus					30.0	BacDive	1	30.0	0.0
deinococcus aquatilis					30.0	BacDive	1	30.0	0.0
deinococcus caeni					30.0	BacDive	1	30.0	0.0
deinococcus cellulosilyticus			29.0		30.0	BacDive	2	29.5	1.0
deinococcus claudionis	10.0	5.0					1	10.0	0.0
deinococcus daejeonensis					30.0	BacDive	1	30.0	0.0
deinococcus deserti					30.0	BacDive	1	30.0	0.0
deinococcus ficus			29.0		37.0	BacDive	2	33.0	8.0
deinococcus frigens	13.5	1.0	15.0	14.0			3	14.166666666666666	1.5
deinococcus geothermalis	47.0	30.0	47.55		47.0	BacDive;Lyubetsky et al., 2020;ThermoBase	3	47.18333333333334	0.5499999999999972
deinococcus gobiensis					30.0	BacDive	1	30.0	0.0
deinococcus grandis			26.0				1	26.0	0.0
deinococcus hibisci	27.5	15.0					1	27.5	0.0
deinococcus indicus					30.0	BacDive	1	30.0	0.0
deinococcus irradiatisoli	29.0	18.0		29.0			2	29.0	0.0
deinococcus knuensis	27.5	10.0					1	27.5	0.0
deinococcus malanensis	33.5	10.0					1	33.5	0.0
deinococcus marmoris	12.5	4.0	15.0	13.333333333333334			3	13.611111111111112	2.5
deinococcus metallilatus	40.0	20.0		40.0	40.0	ThermoBase	3	40.0	0.0
deinococcus misasensis	42.5	20.0			42.5	ThermoBase	2	42.5	0.0
deinococcus murrayi			47.55		47.0	BacDive;ThermoBase	2	47.275	0.5499999999999972
deinococcus peraridilitoris					30.0	BacDive	1	30.0	0.0
deinococcus piscis					35.0	BacDive	1	35.0	0.0
deinococcus proteolyticus				32.5	30.0	Lyubetsky et al., 2020	2	31.25	2.5
deinococcus radiodurans			35.0		30.0	Lyubetsky et al., 2020	2	32.5	5.0
deinococcus radiomollis	10.0	5.0					1	10.0	0.0
deinococcus radiophilus			32.0				1	32.0	0.0
deinococcus radioresistens	27.5	10.0					1	27.5	0.0
deinococcus reticulitermitis					30.0	BacDive	1	30.0	0.0
deinococcus roseus	32.5	18.0			37.0	BacDive	2	34.75	4.5
deinococcus saxicola	9.0	4.0	15.0				2	12.0	6.0
deinococcus sp.			21.0				1	21.0	0.0
deinococcus taklimakanensis	29.0	10.0					1	29.0	0.0
deinococcus wulumuqiensis			30.0				1	30.0	0.0
deinococcus xinjiangensis					30.0	BacDive	1	30.0	0.0
deinococcus yunweiensis					30.0	BacDive	1	30.0	0.0
deinococcus_c misasensis				42.5			1	42.5	0.0
delftia acidovorans			29.0				1	29.0	0.0
delftia lacustris			29.0		25.0	BacDive	2	27.0	4.0
delftia sp.			27.0				1	27.0	0.0
delftia tsuruhatensis	35.0	10.0	31.0		35.0	BacDive	3	33.666666666666664	4.0
demequina activiva	35.0	10.0		35.0			2	35.0	0.0
demequina aestuarii	33.5	5.0		33.5			2	33.5	0.0
demequina aurantiaca	29.0	4.0		29.0			2	29.0	0.0
demequina lutea	27.5	4.0	18.0	22.75			3	22.75	9.5
demequina oxidasica	29.0	4.0		29.0			2	29.0	0.0
demetria terragena			29.0				1	29.0	0.0
dendrosporobacter quercicolus	27.5	20.0	33.0	27.5			3	29.333333333333332	5.5
denitrovibrio acetiphilus	36.0	4.0		36.0			2	36.0	0.0
dermabacter hominis			36.0		28.0	BacDive	2	32.0	8.0
dermabacter jinjuensis	35.0	20.0					1	35.0	0.0
dermacoccus abyssi			29.0		28.0	BacDive	2	28.5	1.0
dermacoccus barathri					28.0	BacDive	1	28.0	0.0
dermacoccus nishinomiyaensis			31.5	20.0	29.5	BacDive;Lyubetsky et al., 2020	3	27.0	11.5
dermacoccus profundi			29.0		28.0	BacDive	2	28.5	1.0
dermatophilus congolensis			35.0		37.0	BacDive	2	36.0	2.0
dermocarpa violacea			22.0				1	22.0	0.0
dermocarpella incrassata			22.0				1	22.0	0.0
derxia gummosa			29.0	28.6666666666667			2	28.83333333333335	0.3333333333333002
desemzia incerta			26.0				1	26.0	0.0
desertibacter roseus	38.5	12.0					1	38.5	0.0
desmonostoc muscorum			27.25				1	27.25	0.0
desmospora activa				40.0			1	40.0	0.0
desmospora profundinema	40.0	25.0			40.0	ThermoBase	2	40.0	0.0
desulfacinum hydrothermale	60.0	37.0	60.0	60.0	60.0	ThermoBase	4	60.0	0.0
desulfacinum infernum	60.0	40.0	60.0	60.0	60.0	ThermoBase	4	60.0	0.0
desulfacinum subterraneum			60.0				1	60.0	0.0
desulfallas thermosapovorans					50.0	ThermoBase	1	50.0	0.0
desulfarculus baarsii					37.0	Lyubetsky et al., 2020	1	37.0	0.0
desulfatibacillum aliphaticivorans				29.312			1	29.312	0.0
desulfatibacillum alkenivorans	29.0	22.0		29.0	29.0	BacDive	3	29.0	0.0
desulfatiferula berrensis	31.0	20.0					1	31.0	0.0
desulfatiferula olefinivorans	33.0	16.0			33.0	BacDive	2	33.0	0.0
desulfatiglans anilini			35.0	35.0			2	35.0	0.0
desulfatirhabdium butyrativorans	29.0	15.0		29.0	29.0	BacDive	3	29.0	0.0
desulfatitalea tepidiphila	38.0	13.0		38.0			2	38.0	0.0
desulfitibacter alkalitolerans	36.0	23.0		36.0			2	36.0	0.0
desulfitobacterium dehalogenans	38.0	13.0	36.55	36.8888888888889	37.5	Lyubetsky et al., 2020	4	37.234722222222224	1.4500000000000028
desulfitobacterium dichloroeliminans				27.5			1	27.5	0.0
desulfitobacterium hafniense			34.0	36.1875	37.0	Lyubetsky et al., 2020	3	35.729166666666664	3.0
desulfitobacterium metallireducens					30.0	Lyubetsky et al., 2020	1	30.0	0.0
desulfitobacterium sp.			35.0				1	35.0	0.0
desulfobacca acetoxidans					37.0	Lyubetsky et al., 2020	1	37.0	0.0
desulfobacter hydrogenophilus			30.5				1	30.5	0.0
desulfobacter latus			30.5				1	30.5	0.0
desulfobacter postgatei			31.0	30.6666666666667			2	30.83333333333335	0.3333333333333002
desulfobacter psychrotolerans			17.6				1	17.6	0.0
desulfobacter vibrioformis					33.0	BacDive	1	33.0	0.0
desulfobacterium autotrophicum			26.0				1	26.0	0.0
desulfobacterium indolicum			29.0				1	29.0	0.0
desulfobacterium zeppelinii			18.0				1	18.0	0.0
desulfobacterium_a vacuolatum				27.5			1	27.5	0.0
desulfobacterium_b autotrophicum				25.25			1	25.25	0.0
desulfobacula phenolica			29.0				1	29.0	0.0
desulfobacula toluolica					28.0	Lyubetsky et al., 2020	1	28.0	0.0
desulfobaculum bizertense					40.0	ThermoBase	1	40.0	0.0
desulfobaculum xiamenense	37.5	22.0	35.0	36.25	37.5	BacDive	4	36.5625	2.5
desulfobulbus aggregans	35.0	10.0					1	35.0	0.0
desulfobulbus elongatus			36.0	36.3333333333333			2	36.16666666666665	0.3333333333333002
desulfobulbus japonicus	35.0	15.0	35.0				2	35.0	0.0
desulfobulbus mediterraneus			20.0				1	20.0	0.0
desulfobulbus oligotrophicus	35.0	20.0		35.0			2	35.0	0.0
desulfobulbus propionicus			35.0	36.9			2	35.95	1.8999999999999986
desulfobulbus rhabdoformis	31.0	10.0		31.0			2	31.0	0.0
desulfocapsa sulfexigens					30.0	Lyubetsky et al., 2020	1	30.0	0.0
desulfocella halophila	34.0	14.0	32.0				2	33.0	2.0
desulfococcus multivorans			36.0	35.5	35.0	Lyubetsky et al., 2020	3	35.5	1.0
desulfoconvexum algidum	15.0	0.0	15.0				2	15.0	0.0
desulfocucumis palustris	34.5	18.0					1	34.5	0.0
desulfocurvibacter africanus					35.0	BacDive;Lyubetsky et al., 2020	1	35.0	0.0
desulfocurvus thunnarius	40.0	15.0			40.0	ThermoBase	2	40.0	0.0
desulfocurvus vexinensis					37.0	BacDive	1	37.0	0.0
desulfofaba fastidiosa					28.0	BacDive	1	28.0	0.0
desulfofaba gelida	7.0	-2.0	6.25		7.0	BacDive	3	6.75	0.75
desulfofalx alkaliphila					52.5	ThermoBase	1	52.5	0.0
desulfofarcimen acetoxidans					37.0	Lyubetsky et al., 2020	1	37.0	0.0
desulfofervidus auxilii				60.0			1	60.0	0.0
desulfofrigus fragile	18.0	-2.0	13.0		18.0	BacDive	3	16.333333333333332	5.0
desulfofrigus oceanense	10.0	-2.0	8.0		10.0	BacDive	3	9.333333333333334	2.0
desulfofundulus australicus					68.0	ThermoBase	1	68.0	0.0
desulfofundulus salinus					62.5	ThermoBase	1	62.5	0.0
desulfofundulus solfataricus					60.0	ThermoBase	1	60.0	0.0
desulfofundulus thermoacetoxidans					57.5	ThermoBase	1	57.5	0.0
desulfofundulus thermobenzoicus					55.0	ThermoBase	1	55.0	0.0
desulfofundulus thermocisternus					62.0	ThermoBase	1	62.0	0.0
desulfofundulus thermosubterraneus					63.5	ThermoBase	1	63.5	0.0
desulfofustis glycolicus			27.0	27.0			2	27.0	0.0
desulfoglaeba alkanexedens	34.0	17.0		34.0			2	34.0	0.0
desulfogranum japonicum					35.0	BacDive	1	35.0	0.0
desulfohalobium retbaense			35.0	36.1875	38.5	Lyubetsky et al., 2020	3	36.5625	3.5
desulfohalovibrio alkalitolerans				43.0			1	43.0	0.0
desulfolucanica intricata					43.5	ThermoBase	1	43.5	0.0
desulfoluna butyratoxydans					30.0	BacDive	1	30.0	0.0
desulfoluna spongiiphila					28.0	BacDive	1	28.0	0.0
desulfomicrobium aestuarii			35.0				1	35.0	0.0
desulfomicrobium baculatum				32.5	32.5	Lyubetsky et al., 2020	2	32.5	0.0
desulfomicrobium macestii			35.0	35.0			2	35.0	0.0
desulfomicrobium salsuginis	35.0	10.0	35.0				2	35.0	0.0
desulfomicrobium sp.			32.0				1	32.0	0.0
desulfomicrobium thermophilum	55.0	37.0	55.1				2	55.05	0.10000000000000142
desulfomonile tiedjei				33.0	37.0	Lyubetsky et al., 2020	2	35.0	4.0
desulfonatronovibrio hydrogenovorans			34.0	33.5	37.0	BacDive	3	34.833333333333336	3.5
desulfonatronum buryatense	34.0	20.0	35.0				2	34.5	1.0
desulfonatronum cooperativum	36.5	15.0	35.0				2	35.75	1.5
desulfonatronum lacustre			32.0				1	32.0	0.0
desulfonatronum parangueonense	35.0	15.0					1	35.0	0.0
desulfonatronum thiodismutans			36.0	35.0	37.0	BacDive	3	36.0	2.0
desulfonatronum zhilinae	36.0	10.0	35.0				2	35.5	1.0
desulfonauticus autotrophicus	58.0	40.0	55.0		58.0	ThermoBase	3	57.0	3.0
desulfonauticus submarinus	45.0	30.0	45.0	45.0	45.0	ThermoBase	4	45.0	0.0
desulfonema magnum	32.0	15.0					1	32.0	0.0
desulfopila aestuarii	35.0	10.0		35.0	35.0	BacDive	3	35.0	0.0
desulfopila inferna					28.0	BacDive	1	28.0	0.0
desulfoplanes formicivorans	43.5	13.0		43.5	43.5	ThermoBase	3	43.5	0.0
desulforadius tongensis					50.0	ThermoBase	1	50.0	0.0
desulforamulus aquiferis					42.0	ThermoBase	1	42.0	0.0
desulforamulus ferrireducens					50.0	ThermoBase	1	50.0	0.0
desulforamulus hydrothermalis					55.0	ThermoBase	1	55.0	0.0
desulforamulus profundi					45.0	ThermoBase	1	45.0	0.0
desulforamulus reducens					37.0	Lyubetsky et al., 2020	1	37.0	0.0
desulforamulus ruminis					37.0	Lyubetsky et al., 2020	1	37.0	0.0
desulforhopalus singaporensis	31.0	17.0		31.0			2	31.0	0.0
desulforhopalus vacuolatus			15.0	15.0			2	15.0	0.0
desulforudis audaxviator				60.0			1	60.0	0.0
desulfosalsimonas propionicica	40.0	15.0	35.0	37.5	40.0	BacDive;ThermoBase	4	38.125	5.0
desulfosarcina alkanivorans	32.0	18.0		32.0			2	32.0	0.0
desulfoscipio gibsoniae					36.0	Lyubetsky et al., 2020	1	36.0	0.0
desulfosoma caldarium	57.0	50.0	55.0	56.0	57.0	ThermoBase	4	56.25	2.0
desulfosoma profundi	55.0	40.0	55.0		55.0	ThermoBase	3	55.0	0.0
desulfospira joergensenii				27.5			1	27.5	0.0
desulfosporosinus auripigmenti			27.0				1	27.0	0.0
desulfosporosinus fructosivorans	20.0	10.0					1	20.0	0.0
desulfosporosinus infrequens					14.0	aciDB	1	14.0	0.0
desulfosporosinus meridiei			27.0	27.0	28.0	Lyubetsky et al., 2020	3	27.333333333333332	1.0
desulfosporosinus nitroreducens	27.5	4.0					1	27.5	0.0
desulfosporosinus orientis					37.0	Lyubetsky et al., 2020	1	37.0	0.0
desulfosporosinus sp.					21.72	aciDB	1	21.72	0.0
desulfosporosinus youngiae			35.0	34.625			2	34.8125	0.375
desulfotalea arctica	18.0	-2.0	13.1		18.0	BacDive	3	16.366666666666667	4.9
desulfotalea psychrophila	10.0	-2.0	9.9	8.666666666666666	10.0	BacDive;Lyubetsky et al., 2020	4	9.641666666666666	1.333333333333334
desulfothermobacter acidiphilus	55.0	42.0			55.0	ThermoBase	2	55.0	0.0
desulfothermus naphthae	62.5	50.0	55.0		62.5	ThermoBase	3	60.0	7.5
desulfothermus okinawensis	50.0	35.0	50.0		50.0	BacDive;ThermoBase	3	50.0	0.0
desulfotignum balticum	29.0	10.0		29.0			2	29.0	0.0
desulfotignum toluenicum	34.0	16.0			34.0	BacDive	2	34.0	0.0
desulfotomaculum acetoxidans	36.0	20.0					1	36.0	0.0
desulfotomaculum alcoholivorax	45.0	33.0	45.0				2	45.0	0.0
desulfotomaculum alkaliphilum	52.5	30.0	50.0				2	51.25	2.5
desulfotomaculum aquiferis	42.0	30.0	42.0				2	42.0	0.0
desulfotomaculum arcticum	44.0	26.0					1	44.0	0.0
desulfotomaculum australicum	68.0	40.0	65.0				2	66.5	3.0
desulfotomaculum defluvii			35.0				1	35.0	0.0
desulfotomaculum ferrireducens	50.0	30.0		50.0			2	50.0	0.0
desulfotomaculum geothermicum			51.95				1	51.95	0.0
desulfotomaculum gibsoniae	36.0	20.0	35.0				2	35.5	1.0
desulfotomaculum halophilum	35.0	30.0					1	35.0	0.0
desulfotomaculum hydrothermale	55.0	40.0	46.0	55.0			3	52.0	9.0
desulfotomaculum intricatum	43.5	28.0	45.0				2	44.25	1.5
desulfotomaculum kuznetsovii	62.5	50.0	60.0				2	61.25	2.5
desulfotomaculum luciae			58.0				1	58.0	0.0
desulfotomaculum nigrificans	55.0	30.0	52.0	50.3939393939394	55.0	Lyubetsky et al., 2020;ThermoBase	4	53.09848484848485	4.606060606060602
desulfotomaculum peckii	57.5	50.0	60.0				2	58.75	2.5
desulfotomaculum profundi	45.0	30.0	45.0				2	45.0	0.0
desulfotomaculum putei			59.15				1	59.15	0.0
desulfotomaculum salinum	62.5	45.0					1	62.5	0.0
desulfotomaculum sapomandens	38.0	20.0	35.0				2	36.5	3.0
desulfotomaculum solfataricum	60.0	48.0	60.0				2	60.0	0.0
desulfotomaculum sp.			58.0				1	58.0	0.0
desulfotomaculum thermoacetoxidans	57.5	45.0	55.0				2	56.25	2.5
desulfotomaculum thermobenzoicum	55.0	45.0	58.0				2	56.5	3.0
desulfotomaculum thermocisternum	62.0	41.0	60.0				2	61.0	2.0
desulfotomaculum thermosapovorans	50.0	35.0	50.0				2	50.0	0.0
desulfotomaculum thermosubterraneum	63.5	50.0	60.0				2	61.75	3.5
desulfotomaculum tongense	50.0	37.0	50.0				2	50.0	0.0
desulfotomaculum varum	50.0	37.0			50.0	ThermoBase	2	50.0	0.0
desulfotruncus alcoholivorax					45.0	ThermoBase	1	45.0	0.0
desulfotruncus arcticus					44.0	ThermoBase	1	44.0	0.0
desulfovectis peckii					57.5	ThermoBase	1	57.5	0.0
desulfovibrio aerotolerans	29.0	3.0					1	29.0	0.0
desulfovibrio africanus			31.0				1	31.0	0.0
desulfovibrio alaskensis			32.0				1	32.0	0.0
desulfovibrio alcoholivorans			36.0				1	36.0	0.0
desulfovibrio alkalitolerans	43.0	16.0	40.0				2	41.5	3.0
desulfovibrio aminophilus	35.0	25.0					1	35.0	0.0
desulfovibrio arcticus	24.0	-2.0	24.0				2	24.0	0.0
desulfovibrio bastinii	38.5	20.0					1	38.5	0.0
desulfovibrio biadhensis			35.0				1	35.0	0.0
desulfovibrio bizertensis	40.0	15.0	40.0				2	40.0	0.0
desulfovibrio burkinensis			36.0				1	36.0	0.0
desulfovibrio butyratiphilus	35.0	25.0					1	35.0	0.0
desulfovibrio capillatus	40.0	20.0	39.2				2	39.6	0.7999999999999972
desulfovibrio cuneatus			27.9				1	27.9	0.0
desulfovibrio desulfuricans			31.0	31.9	33.0	Lyubetsky et al., 2020	3	31.96666666666667	2.0
desulfovibrio ferrireducens	23.0	-2.0	20.0				2	21.5	3.0
desulfovibrio frigidus	21.5	-2.0	20.0				2	20.75	1.5
desulfovibrio giganteus			34.0				1	34.0	0.0
desulfovibrio gigas			34.0				1	34.0	0.0
desulfovibrio halophilus			33.0				1	33.0	0.0
desulfovibrio hontreensis	35.5	20.0					1	35.5	0.0
desulfovibrio hydrothermalis	35.0	20.0	33.0				2	34.0	2.0
desulfovibrio lacusfryxellense			20.0				1	20.0	0.0
desulfovibrio legallii	35.0	22.0	35.0	35.0			3	35.0	0.0
desulfovibrio litoralis			27.9				1	27.9	0.0
desulfovibrio longus	35.0	10.0	35.0				2	35.0	0.0
desulfovibrio piger					37.0	Lyubetsky et al., 2020	1	37.0	0.0
desulfovibrio psychrotolerans	29.0	10.0					1	29.0	0.0
desulfovibrio salexigens			32.0				1	32.0	0.0
desulfovibrio salinus	40.0	15.0					1	40.0	0.0
desulfovibrio senegalensis	40.0	15.0					1	40.0	0.0
desulfovibrio sp.			33.0				1	33.0	0.0
desulfovibrio sulfodismutans			36.0				1	36.0	0.0
desulfovibrio termitidis			33.0				1	33.0	0.0
desulfovibrio tunisiensis			35.0				1	35.0	0.0
desulfovibrio vulgaris			33.0				1	33.0	0.0
desulfovirgula thermocuniculi	70.5	61.0	70.0	70.33333333333333	70.5	ThermoBase	4	70.33333333333333	0.5
desulfurella acetivorans	54.5	42.0	55.0	55.27766666666667	54.0	Lyubetsky et al., 2020;ThermoBase	4	54.69441666666667	1.2776666666666685
desulfurella amilsii	50.0	20.0	50.0		50.0	ThermoBase	3	50.0	0.0
desulfurella kamchatkensis	54.0	40.0	50.0		54.0	ThermoBase	3	52.666666666666664	4.0
desulfurella multipotens	59.0	42.0	55.0		59.0	ThermoBase	3	57.666666666666664	4.0
desulfurella propionica	55.0	33.0	52.5		55.0	ThermoBase	3	54.166666666666664	2.5
desulfuribacillus stibiiarsenatis	34.0	10.0					1	34.0	0.0
desulfurispirillum indicum					28.0	BacDive	1	28.0	0.0
desulfurispora thermophila	60.0	40.0	50.0		60.0	ThermoBase	3	56.666666666666664	10.0
desulfurivibrio alkaliphilus				35.0			1	35.0	0.0
desulfurobacterium atlanticum	72.5	50.0	70.0		72.5	ThermoBase	3	71.66666666666667	2.5
desulfurobacterium crinifex			60.1		62.5	ThermoBase	2	61.3	2.3999999999999986
desulfurobacterium indicum	65.0	40.0			65.0	ThermoBase	2	65.0	0.0
desulfurobacterium pacificum	75.0	55.0	75.0		75.0	ThermoBase	3	75.0	0.0
desulfurobacterium thermolithotrophum	70.0	40.0	69.75	70.0	70.0	Lyubetsky et al., 2020;ThermoBase	4	69.9375	0.25
desulfurococcus amylolyticus	91.0	68.0	81.0	87.2855	85.0	BacDive;Lyubetsky et al., 2020;ThermoBase	4	86.071375	10.0
desulfurococcus mucosus			87.0	85.75	85.0	BacDive;Lyubetsky et al., 2020;ThermoBase	3	85.91666666666667	2.0
desulfurococcus saccharovorans					85.0	ThermoBase	1	85.0	0.0
desulfuromonas acetexigens			29.0				1	29.0	0.0
desulfuromonas carbonis	31.0	10.0	26.0				2	28.5	5.0
desulfuromonas palmitatis			34.0				1	34.0	0.0
desulfuromonas svalbardensis	14.0	-2.0	15.0		14.0	BacDive	3	14.333333333333334	1.0
desulfuromusa bakii	27.5	8.0					1	27.5	0.0
desulfuromusa ferrireducens	15.5	-2.0	15.0				2	15.25	0.5
desulfuromusa kysingii	32.0	4.0		32.0			2	32.0	0.0
desulfuromusa succinoxidans	32.0	4.0					1	32.0	0.0
dethiosulfatarculus sandiegensis	33.5	15.0		33.5			2	33.5	0.0
dethiosulfatibacter aminovorans				29.0			1	29.0	0.0
dethiosulfovibrio peptidovorans	42.0	20.0	42.05	42.0	42.0	ThermoBase	4	42.0125	0.04999999999999716
dethiosulfovibrio russensis			29.0				1	29.0	0.0
devosia elaeis	32.5	10.0					1	32.5	0.0
devosia epidermidihirudinis	27.5	4.0	27.0				2	27.25	0.5
devosia geojensis	32.5	15.0		32.5	32.5	BacDive	3	32.5	0.0
devosia glacialis			20.0				1	20.0	0.0
devosia insulae					25.0	BacDive	1	25.0	0.0
devosia limi			29.0		28.0	BacDive	2	28.5	1.0
devosia nitrariae	38.5	4.0					1	38.5	0.0
devosia pacifica	27.5	15.0		27.5			2	27.5	0.0
devosia psychrophila			12.0	10.0			2	11.0	2.0
devosia riboflavina			29.0				1	29.0	0.0
devosia subaequoris					31.0	BacDive	1	31.0	0.0
devosia submarina	29.0	5.0					1	29.0	0.0
devriesea agamarum				27.5			1	27.5	0.0
dialister invisus			36.0	35.0			2	35.5	1.0
dialister pneumosintes					33.5	Lyubetsky et al., 2020	1	33.5	0.0
diaphorobacter oryzae					30.0	BacDive	1	30.0	0.0
dichotomicrobium thermohalophilum	63.0	13.0	45.0	54.4	63.0	ThermoBase	4	56.35	18.0
dickeya chrysanthemi			27.0				1	27.0	0.0
dickeya dadantii			29.0		37.5	BacDive	2	33.25	8.5
dickeya dianthicola				36.0	36.0	BacDive	2	36.0	0.0
dickeya paradisiaca			29.0				1	29.0	0.0
dickeya sp.			26.0				1	26.0	0.0
dickeya zeae				31.167	37.5	BacDive	2	34.3335	6.332999999999998
dictyobacter aurantiacus	27.5	20.0					1	27.5	0.0
dictyoglomus sp.			67.8				1	67.8	0.0
dictyoglomus thermophilum	78.0	50.0	74.15	75.33333333333333	75.5	Lyubetsky et al., 2020;ThermoBase	4	75.74583333333334	3.8499999999999943
dictyoglomus turgidum			75.0	75.0	72.0	BacDive;Lyubetsky et al., 2020;ThermoBase	3	74.0	3.0
dietzia alimentaria				29.0			1	29.0	0.0
dietzia cercidiphylli					28.0	BacDive	1	28.0	0.0
dietzia cinnamea					28.0	BacDive	1	28.0	0.0
dietzia cinnamea_a				35.167			1	35.167	0.0
dietzia kunjamensis					28.0	BacDive	1	28.0	0.0
dietzia papillomatosis					28.0	BacDive	1	28.0	0.0
dietzia psychralcaliphila			29.0				1	29.0	0.0
dinghuibacter silviterrae	29.0	16.0		29.0			2	29.0	0.0
dinoroseobacter shibae			33.0	33.0			2	33.0	0.0
dissulfuribacter thermophilus	61.0	28.0	60.0	61.0	61.0	ThermoBase	4	60.75	1.0
dissulfurimicrobium hydrothermale	51.0	30.0			51.0	ThermoBase	2	51.0	0.0
dissulfurirhabdus thermomarina	50.0	25.0	50.0	50.0	50.0	ThermoBase	4	50.0	0.0
dokdonia donghaensis					30.0	BacDive;Lyubetsky et al., 2020	1	30.0	0.0
dokdonia eikasta			22.0				1	22.0	0.0
dokdonia lutea	27.5	15.0					1	27.5	0.0
dokdonia sp000212355				20.0			1	20.0	0.0
dolichospermum affine			22.0				1	22.0	0.0
dolichospermum akankoense			20.0				1	20.0	0.0
dolichospermum circinale			20.0				1	20.0	0.0
dolichospermum compactum			20.0				1	20.0	0.0
dolichospermum crassum			20.0				1	20.0	0.0
dolichospermum flos-aquae			20.0				1	20.0	0.0
dolichospermum heterosporum			20.0				1	20.0	0.0
dolichospermum lemmermannii			20.0				1	20.0	0.0
dolichospermum minisporum			20.0				1	20.0	0.0
dolichospermum mucosum			20.0				1	20.0	0.0
dolichospermum planctonicum			20.0				1	20.0	0.0
dolichospermum pseudocompactum			21.0				1	21.0	0.0
dolichospermum smithii			20.0				1	20.0	0.0
dolichospermum spiroides			22.0				1	22.0	0.0
dolichospermum ucrainicum			23.5				1	23.5	0.0
dolichospermum viguieri			20.0				1	20.0	0.0
domibacillus enclensis	29.0	25.0		29.0			2	29.0	0.0
domibacillus epiphyticus	37.5	20.0		37.5			2	37.5	0.0
domibacillus indicus	29.0	10.0					1	29.0	0.0
domibacillus iocasae	35.0	10.0		35.0			2	35.0	0.0
donghicola eburneus			32.0	26.0			2	29.0	6.0
dongia mobilis	32.5	20.0		32.5			2	32.5	0.0
dongia rigui	27.5	15.0					1	27.5	0.0
draconibacterium sediminis	32.5	15.0		32.5			2	32.5	0.0
dtu018 sp001513155				55.0			1	55.0	0.0
dtu052 sp001512495				55.0			1	55.0	0.0
dtu053 sp001512765				55.0			1	55.0	0.0
duganella phyllosphaerae	29.0	15.0		29.0			2	29.0	0.0
duganella zoogloeoides			29.0				1	29.0	0.0
dyadobacter alkalitolerans	21.5	4.0			21.5	BacDive	2	21.5	0.0
dyadobacter arcticus	18.0	4.0	20.0	18.0			3	18.666666666666668	2.0
dyadobacter beijingensis			29.0				1	29.0	0.0
dyadobacter crusticola			27.0		25.0	BacDive	2	26.0	2.0
dyadobacter fermentans					28.0	Lyubetsky et al., 2020	1	28.0	0.0
dyadobacter ginsengisoli					30.0	BacDive	1	30.0	0.0
dyadobacter hamtensis	22.0	10.0					1	22.0	0.0
dyadobacter koreensis					25.0	BacDive	1	25.0	0.0
dyadobacter psychrophilus	12.5	1.0					1	12.5	0.0
dyadobacter terricola	26.0	15.0					1	26.0	0.0
dyella caseinilytica	26.5	10.0					1	26.5	0.0
dyella humi	26.5	10.0					1	26.5	0.0
dyella japonica	27.5	10.0					1	27.5	0.0
dyella japonica_c				27.5			1	27.5	0.0
dyella marensis	33.5	20.0		33.5			2	33.5	0.0
dyella mobilis	26.5	10.0					1	26.5	0.0
dyella soli	29.0	10.0					1	29.0	0.0
dyella terrae	29.0	10.0		29.0			2	29.0	0.0
dyella_a ginsengisoli				28.5			1	28.5	0.0
dysgonomonas alginatilytica	35.0	20.0		35.0			2	35.0	0.0
dysgonomonas macrotermitis	36.0	20.0		36.0			2	36.0	0.0
dysgonomonas mossii				32.5			1	32.5	0.0
echinicola jeungdonensis	20.0	15.0					1	20.0	0.0
echinicola pacifica	26.5	6.0					1	26.5	0.0
echinicola shivajiensis	33.5	5.0		33.5			2	33.5	0.0
echinicola vietnamensis	31.0	6.0	29.0	31.5	31.0	Lyubetsky et al., 2020	4	30.625	2.5
ectothiorhodospira haloalkaliphila				45.0			1	45.0	0.0
ectothiorhodospira magna	32.5	20.0		32.5			2	32.5	0.0
ectothiorhodospira mobilis			31.0	27.625			2	29.3125	3.375
ectothiorhodospira shaposhnikovii			26.0	27.0			2	26.5	1.0
ectothiorhodospira variabilis	32.5	20.0			32.5	BacDive	2	32.5	0.0
edaphobacter aggregans			23.0	20.0	30.0	BacDive	3	24.333333333333332	10.0
edaphobacter dinghuensis	30.5	10.0		30.5			2	30.5	0.0
edaphobacter modestus			23.0		30.0	BacDive	2	26.5	7.0
edaphocola aurantiacus	27.5	10.0					1	27.5	0.0
edwardsiella anguillarum	29.0	18.0		29.0			2	29.0	0.0
edwardsiella hoshinae			29.0		37.0	Lyubetsky et al., 2020	2	33.0	8.0
edwardsiella ictaluri			27.0		27.5	Lyubetsky et al., 2020	2	27.25	0.5
edwardsiella piscicida	29.0	25.0					1	29.0	0.0
edwardsiella tarda			36.0	32.5	37.0	Lyubetsky et al., 2020	3	35.166666666666664	4.5
effusibacillus lacus	51.0	28.0	45.0		51.0	ThermoBase	3	49.0	6.0
effusibacillus pohliae	55.0	42.0	55.0		55.0	BacDive;ThermoBase	3	55.0	0.0
eggerthella lenta					37.5	Lyubetsky et al., 2020	1	37.5	0.0
egibacter rhizosphaerae	32.5	25.0		32.5			2	32.5	0.0
eikenella corrodens				36.0			1	36.0	0.0
eionea nigra			29.0				1	29.0	0.0
eisenbergiella tayi	38.0	15.0					1	38.0	0.0
ekhidna lutea			29.0		30.0	BacDive	2	29.5	1.0
elioraea tepidiphila			50.0	48.75			2	49.375	1.25
elizabethkingia anophelis			29.0				1	29.0	0.0
elizabethkingia endophytica			29.0				1	29.0	0.0
elizabethkingia meningoseptica			34.0	32.5	29.5	Lyubetsky et al., 2020	3	32.0	4.5
elizabethkingia miricola			31.0	33.5	29.5	Lyubetsky et al., 2020	3	31.333333333333332	4.0
elstera litoralis	22.5	10.0					1	22.5	0.0
elusimicrobium minutum			26.0				1	26.0	0.0
empedobacter brevis			31.0				1	31.0	0.0
emticicia oligotrophica					37.0	BacDive	1	37.0	0.0
endozoicomonas ascidiicola	24.0	5.0		24.0			2	24.0	0.0
endozoicomonas elysicola				25.5			1	25.5	0.0
endozoicomonas euniceicola	26.0	15.0					1	26.0	0.0
endozoicomonas gorgoniicola	26.0	15.0					1	26.0	0.0
enhydrobacter aerosaccus	38.0	20.0					1	38.0	0.0
enhygromyxa salina	29.0	5.0					1	29.0	0.0
ensifer adhaerens					27.0	Lyubetsky et al., 2020	1	27.0	0.0
enteractinococcus coprophilus					28.0	BacDive	1	28.0	0.0
enteractinococcus fodinae					30.0	BacDive	1	30.0	0.0
enterobacter asburiae			32.0		30.0	Lyubetsky et al., 2020	2	31.0	2.0
enterobacter cancerogenus			32.0				1	32.0	0.0
enterobacter cloacae			34.0	30.1111111111111	30.0	Lyubetsky et al., 2020	3	31.370370370370367	4.0
enterobacter hormaechei			32.0				1	32.0	0.0
enterobacter kobei			35.0		30.0	Lyubetsky et al., 2020	2	32.5	5.0
enterobacter ludwigii			33.0				1	33.0	0.0
enterobacter mori					65.0	BacDive	1	65.0	0.0
enterobacter oligotrophica	20.0	10.0					1	20.0	0.0
enterobacter tabaci	31.0	4.0					1	31.0	0.0
enterobacter xiangfangensis			34.0				1	34.0	0.0
enterobacteriaceae bacterium			26.0				1	26.0	0.0
enterocloster lavalensis					36.0	BacDive	1	36.0	0.0
enterococcus aquimarinus					33.5	BacDive	1	33.5	0.0
enterococcus asini	40.0	10.0			40.0	ThermoBase	2	40.0	0.0
enterococcus avium			34.5				1	34.5	0.0
enterococcus caccae				45.0	45.0	BacDive	2	45.0	0.0
enterococcus canintestini			35.0		37.0	BacDive	2	36.0	2.0
enterococcus casseliflavus			36.0		36.0	Lyubetsky et al., 2020	2	36.0	0.0
enterococcus cecorum			35.0				1	35.0	0.0
enterococcus crotali	35.0	10.0		35.0			2	35.0	0.0
enterococcus devriesei					24.0	BacDive	1	24.0	0.0
enterococcus dispar			35.0				1	35.0	0.0
enterococcus durans			36.0		36.0	Lyubetsky et al., 2020	2	36.0	0.0
enterococcus faecalis			36.0	36.4115	36.0	Lyubetsky et al., 2020	3	36.137166666666666	0.41149999999999665
enterococcus faecium					36.0	Lyubetsky et al., 2020	1	36.0	0.0
enterococcus gallinarum					36.0	Lyubetsky et al., 2020	1	36.0	0.0
enterococcus hermanniensis					13.5	BacDive	1	13.5	0.0
enterococcus hirae			36.0		36.0	Lyubetsky et al., 2020	2	36.0	0.0
enterococcus italicus					37.0	BacDive	1	37.0	0.0
enterococcus mundtii					36.0	Lyubetsky et al., 2020	1	36.0	0.0
enterococcus rotai				26.0			1	26.0	0.0
enterococcus sp.			35.0				1	35.0	0.0
enterococcus termitis				37.5			1	37.5	0.0
enterococcus ureilyticus				26.0			1	26.0	0.0
enterococcus xinjiangensis	28.5	10.0					1	28.5	0.0
enterococcus_a avium				35.286			1	35.286	0.0
enterococcus_a devriesei				24.0			1	24.0	0.0
enterococcus_a hermanniensis				13.5			1	13.5	0.0
enterococcus_a pallens				45.0			1	45.0	0.0
enterococcus_b faecium				36.316			1	36.316	0.0
enterococcus_g italicus				39.5			1	39.5	0.0
enterovibrio norvegicus			29.0				1	29.0	0.0
entomoplasma luminosum	32.0	0.0					1	32.0	0.0
entomoplasma melaleucae	23.0	10.0	23.0				2	23.0	0.0
epibacterium mobile	33.5	5.0		33.5			2	33.5	0.0
epilithonimonas bovis					31.0	BacDive	1	31.0	0.0
epilithonimonas hominis					29.25	BacDive	1	29.25	0.0
epilithonimonas lactis					27.5	BacDive	1	27.5	0.0
epilithonimonas tenax				20.0	30.0	BacDive	2	25.0	10.0
erwinia amylovora			26.0	30.08333333333335	28.5	Lyubetsky et al., 2020	3	28.194444444444446	4.08333333333335
erwinia billingiae	29.0	4.0		29.0	28.5	Lyubetsky et al., 2020	3	28.833333333333332	0.5
erwinia carnegieana			26.0				1	26.0	0.0
erwinia mallotivora			26.0				1	26.0	0.0
erwinia papayae			29.0		28.0	BacDive	2	28.5	1.0
erwinia persicina			31.0				1	31.0	0.0
erwinia piriflorinigrans					25.0	BacDive	1	25.0	0.0
erwinia psidii			27.0				1	27.0	0.0
erwinia pyrifoliae			29.0	28.5	28.5	Lyubetsky et al., 2020	3	28.666666666666668	0.5
erwinia rhapontici			29.0				1	29.0	0.0
erwinia sp.			27.5				1	27.5	0.0
erwinia tasmaniensis				28.5			1	28.5	0.0
erwinia toletana			27.0	28.25			2	27.625	1.25
erwinia tracheiphila			27.0				1	27.0	0.0
erwinia typographi				29.0			1	29.0	0.0
erysipelothrix inopinata	27.5	20.0		27.5			2	27.5	0.0
erysipelothrix rhusiopathiae				33.5	33.5	Lyubetsky et al., 2020	2	33.5	0.0
erythrobacter citreus	27.5	4.0	22.0				2	24.75	5.5
erythrobacter cryptus					50.0	ThermoBase	1	50.0	0.0
erythrobacter donghaensis					33.5	BacDive	1	33.5	0.0
erythrobacter flavus	33.5	10.0					1	33.5	0.0
erythrobacter litoralis					27.5	Lyubetsky et al., 2020	1	27.5	0.0
erythrobacter neustonensis					29.0	Lyubetsky et al., 2020	1	29.0	0.0
erythrobacter odishensis	27.5	12.0					1	27.5	0.0
erythrobacter sp000152865				32.0			1	32.0	0.0
erythrobacter tepidarius					44.0	ThermoBase	1	44.0	0.0
erythrobacter vulgaris			29.0				1	29.0	0.0
erythrobacter xanthus	27.5	7.0					1	27.5	0.0
erythromicrobium ramosum			29.0				1	29.0	0.0
escherichia coli			38.5	35.8317307692308	37.0	BacDive;Lyubetsky et al., 2020	3	37.110576923076934	2.668269230769198
escherichia fergusonii			34.0	34.0	37.0	Lyubetsky et al., 2020	3	35.0	3.0
escherichia vulneris			34.0				1	34.0	0.0
ethanoligenens harbinense	35.0	20.0		34.5			2	34.75	0.5
eubacterium aggregans	35.0	20.0					1	35.0	0.0
eubacterium barkeri			36.0				1	36.0	0.0
eubacterium limosum					37.0	Lyubetsky et al., 2020	1	37.0	0.0
eubacterium oxidoreducens	40.0	30.0			40.0	ThermoBase	2	40.0	0.0
eudoraea adriatica					30.0	BacDive	1	30.0	0.0
euryhalocaulis caribicus	35.0	15.0		35.0			2	35.0	0.0
euzebya rosea	27.5	15.0		27.5			2	27.5	0.0
euzebya tangerina				24.0			1	24.0	0.0
euzebyella algicola	31.5	10.0					1	31.5	0.0
evansella cellulosilytica					37.0	BacDive	1	37.0	0.0
exiguobacterium aestuarii	33.5	10.0					1	33.5	0.0
exiguobacterium alkaliphilum	35.0	5.0					1	35.0	0.0
exiguobacterium artemiae			29.0				1	29.0	0.0
exiguobacterium chiriqhucha				20.0			1	20.0	0.0
exiguobacterium enclense			29.0				1	29.0	0.0
exiguobacterium marinum	33.5	10.0	29.0	33.5			3	32.0	4.5
exiguobacterium mexicanum			31.0				1	31.0	0.0
exiguobacterium oxidotolerans	34.0	4.0	27.0				2	30.5	7.0
exiguobacterium profundum	45.0	12.0			45.0	ThermoBase	2	45.0	0.0
exiguobacterium sibiricum	36.0	-3.0	29.0				2	32.5	7.0
exiguobacterium sp.			29.0				1	29.0	0.0
exiguobacterium undae			26.0				1	26.0	0.0
exiguobacterium_a indicum				22.0			1	22.0	0.0
exiguobacterium_a oxidotolerans				34.0			1	34.0	0.0
exilispira thermophila	50.0	37.0	50.0		50.0	ThermoBase	3	50.0	0.0
extensimonas vulgaris	48.0	15.0		48.0	48.0	ThermoBase	3	48.0	0.0
f0058 sp000163695				32.5			1	32.5	0.0
fabibacter halotolerans	29.0	12.0					1	29.0	0.0
fabibacter pacificus	35.0	15.0		35.75			2	35.375	0.75
faecalicatena contorta					37.0	BacDive	1	37.0	0.0
faecalicatena fissicatena					37.0	BacDive	1	37.0	0.0
faecalicatena orotica					37.0	BacDive	1	37.0	0.0
falcatimonas natans	36.0	15.0					1	36.0	0.0
falsibacillus pallidus	33.5	15.0	32.0	33.5			3	33.0	1.5
falsigemmobacter intermedius					41.0	ThermoBase	1	41.0	0.0
fangia hongkongensis	31.5	16.0		31.5	31.5	BacDive	3	31.5	0.0
feifantangia zhejiangensis	27.5	4.0					1	27.5	0.0
fermentibacillus polygoni	31.5	12.0					1	31.5	0.0
ferrigenium kumadai	27.5	12.0					1	27.5	0.0
ferrimicrobium acidiphilum			32.0	33.5	35.0	BacDive;aciDB	3	33.5	3.0
ferrimonas balearica				39.5			1	39.5	0.0
ferrimonas kyonanensis	26.5	15.0					1	26.5	0.0
ferrimonas marina	27.5	15.0			27.0	BacDive	2	27.25	0.5
ferrimonas sediminum	26.5	16.0	16.0	26.5			3	23.0	10.5
ferrimonas senticii					28.5	BacDive	1	28.5	0.0
ferriphaselus amnicola	27.5	8.0		27.5			2	27.5	0.0
ferrithrix thermotolerans			39.0	41.5	43.0	BacDive;aciDB	3	41.166666666666664	4.0
ferroacidibacillus organovorans					30.0	aciDB	1	30.0	0.0
ferroglobus placidus	85.0	65.0	85.05	85.0	85.0	Lyubetsky et al., 2020;ThermoBase	4	85.0125	0.04999999999999716
ferroplasma acidarmanus	42.0	23.0		40.625	42.0	ThermoBase;aciDB	3	41.541666666666664	1.375
ferroplasma acidiphilum	35.0	20.0	38.75	35.0	35.5	aciDB	4	36.0625	3.75
ferroplasma thermophilum	45.0	30.0			45.0	ThermoBase	2	45.0	0.0
ferrovibrio denitrificans	35.0	5.0					1	35.0	0.0
ferrovibrio xuzhouensis	29.0	10.0					1	29.0	0.0
ferrovum myxofaciens			26.0		20.0	aciDB	2	23.0	6.0
ferrovum sp.					28.0	aciDB	1	28.0	0.0
ferruginibacter profundus	27.5	8.0					1	27.5	0.0
ferruginivarius sediminum	38.5	20.0		38.5			2	38.5	0.0
fervidicella metallireducens	50.0	37.0	50.0	50.0	50.0	ThermoBase	4	50.0	0.0
fervidicoccus fontis	67.5	55.0	80.0	71.66666666666667	67.5	ThermoBase	4	71.66666666666667	12.5
fervidicola ferrireducens	70.0	55.0	70.0	70.0	70.0	ThermoBase	4	70.0	0.0
fervidobacterium changbaicum	77.5	55.0	75.0	76.66666666666667	77.5	ThermoBase	4	76.66666666666667	2.5
fervidobacterium gondwanense	66.5	45.0	65.0	66.0	66.5	ThermoBase	4	66.0	1.5
fervidobacterium islandicum	65.0	50.0	63.0		65.0	Lyubetsky et al., 2020;ThermoBase	3	64.33333333333333	2.0
fervidobacterium nodosum	70.0	41.0	68.75	69.72233333333334	68.75	Lyubetsky et al., 2020;ThermoBase	4	69.30558333333333	1.25
fervidobacterium pennivorans	80.0	50.0	67.45	70.0	70.0	Lyubetsky et al., 2020;ThermoBase	4	71.8625	12.549999999999997
fervidobacterium riparium	65.0	46.0	65.0		65.0	ThermoBase	3	65.0	0.0
fervidobacterium sp.			65.0				1	65.0	0.0
fervidobacterium thailandense	79.0	60.0			79.0	ThermoBase	2	79.0	0.0
fibrella aestuarina	27.5	10.0			27.5	BacDive	2	27.5	0.0
fibrobacter succinogenes					37.0	Lyubetsky et al., 2020	1	37.0	0.0
fictibacillus arsenicus					30.0	BacDive	1	30.0	0.0
fictibacillus barbaricus			26.0				1	26.0	0.0
fictibacillus gelatini			50.0		45.0	BacDive	2	47.5	5.0
fictibacillus macauensis					30.0	BacDive	1	30.0	0.0
fictibacillus nanhaiensis					30.0	BacDive	1	30.0	0.0
fictibacillus phosphorivorans	29.0	15.0					1	29.0	0.0
fictibacillus rigui	28.5	10.0					1	28.5	0.0
fictibacillus solisalsi	38.5	15.0			38.5	BacDive	2	38.5	0.0
filibacter limicola			20.0				1	20.0	0.0
filifactor alocis					37.0	Lyubetsky et al., 2020	1	37.0	0.0
filimonas lacunae	29.0	10.0		29.0			2	29.0	0.0
filimonas zeae	29.0	15.0		29.0			2	29.0	0.0
filomicrobium insigne	29.0	4.0		29.0			2	29.0	0.0
fimbriiglobus ruber	22.5	10.0					1	22.5	0.0
fischerella major			20.0				1	20.0	0.0
fischerella sp.			32.0				1	32.0	0.0
flagellimonas eckloniae	27.5	17.0					1	27.5	0.0
flagellimonas flava					30.0	BacDive	1	30.0	0.0
flagellimonas lutaonensis					41.0	ThermoBase	1	41.0	0.0
flagellimonas ruestringensis					30.0	Lyubetsky et al., 2020	1	30.0	0.0
flammeovirga aprica			25.0	22.0			2	23.5	3.0
flammeovirga pacifica	32.0	4.0		32.0			2	32.0	0.0
flammeovirga yaeyamensis			27.0				1	27.0	0.0
flaviaesturariibacter luteus	36.5	15.0					1	36.5	0.0
flavicella marina	26.5	4.0		26.5			2	26.5	0.0
flaviflexus huanghaiensis	29.0	20.0		29.0			2	29.0	0.0
flavimarina flava	22.5	4.0					1	22.5	0.0
flavimobilis marinus				27.5			1	27.5	0.0
flavipsychrobacter stenotrophus	19.0	10.0		19.0			2	19.0	0.0
flaviramulus basaltis	20.15	-2.0	21.0	20.075			3	20.40833333333333	0.9250000000000007
flavisolibacter ginsenosidimutans	27.5	18.0		27.5			2	27.5	0.0
flavitalea antarctica	20.0	4.0					1	20.0	0.0
flavivirga aquimarina	27.5	10.0					1	27.5	0.0
flavivirga eckloniae	27.5	10.0		27.5			2	27.5	0.0
flavobacterium acidurans			26.0				1	26.0	0.0
flavobacterium ahnfeltiae	26.5	4.0					1	26.5	0.0
flavobacterium akiainvivens			27.0				1	27.0	0.0
flavobacterium algicola	20.0	5.0					1	20.0	0.0
flavobacterium alvei	20.0	5.0		20.0			2	20.0	0.0
flavobacterium anhuiense	27.5	5.0	27.0	26.6665	27.5	BacDive	4	27.166625	0.8335000000000008
flavobacterium antarcticum	21.2	-15.0	18.45	19.133333333333333	21.2	BacDive	4	19.995833333333334	2.75
flavobacterium aquidurense	23.5	13.0		23.5	23.5	BacDive	3	23.5	0.0
flavobacterium aquidurense_b				23.5			1	23.5	0.0
flavobacterium aquimarinum	29.0	4.0					1	29.0	0.0
flavobacterium araucananum	27.5	4.0		27.5	27.5	BacDive	3	27.5	0.0
flavobacterium ardleyense	10.0	4.0					1	10.0	0.0
flavobacterium arsenitoxidans	27.5	10.0					1	27.5	0.0
flavobacterium branchiarum	20.0	15.0					1	20.0	0.0
flavobacterium branchiicola	20.0	15.0		20.0			2	20.0	0.0
flavobacterium branchiophilum	21.5	5.0	20.0	20.125	21.5	Lyubetsky et al., 2020	4	20.78125	1.5
flavobacterium brevivitae	20.0	15.0					1	20.0	0.0
flavobacterium caeni	22.5	10.0		22.5			2	22.5	0.0
flavobacterium ceti	35.0	22.0					1	35.0	0.0
flavobacterium cheniae					28.0	BacDive	1	28.0	0.0
flavobacterium chilense	26.5	4.0		26.75	26.5	BacDive	3	26.583333333333332	0.25
flavobacterium cloacae	32.5	15.0					1	32.5	0.0
flavobacterium collinsense	19.0	4.0					1	19.0	0.0
flavobacterium collinsii	22.0	15.0		22.0			2	22.0	0.0
flavobacterium columnare	27.5	15.0	22.0	21.22233333333333	27.5	Lyubetsky et al., 2020	4	24.55558333333333	6.2776666666666685
flavobacterium cucumis					30.0	BacDive	1	30.0	0.0
flavobacterium cutihirudinis	26.5	10.0	27.0	26.5			3	26.666666666666668	0.5
flavobacterium daejeonense			29.0	32.5			2	30.75	3.5
flavobacterium daemonense	26.5	2.0		26.5			2	26.5	0.0
flavobacterium dankookense					25.0	BacDive	1	25.0	0.0
flavobacterium defluvii	27.5	10.0		27.5	27.5	BacDive	3	27.5	0.0
flavobacterium degerlachei	20.0	5.0	21.0	20.0	20.0	BacDive	4	20.25	1.0
flavobacterium denitrificans					25.0	BacDive	1	25.0	0.0
flavobacterium dispersum	22.5	15.0					1	22.5	0.0
flavobacterium eburneum	27.5	10.0					1	27.5	0.0
flavobacterium faecale	16.0	10.0		16.0			2	16.0	0.0
flavobacterium filum			27.0		30.0	BacDive	2	28.5	3.0
flavobacterium flevense	22.5	0.0	22.5	21.25	15.0	BacDive	4	20.3125	7.5
flavobacterium fluvii	27.5	15.0	27.0	27.5	27.5	BacDive	4	27.375	0.5
flavobacterium frigidarium			15.0				1	15.0	0.0
flavobacterium frigidimaris	18.0	2.0	22.0	19.0			3	19.666666666666668	4.0
flavobacterium frigoris			20.0	20.0	15.0	BacDive	3	18.333333333333332	5.0
flavobacterium frigoris_a				15.0			1	15.0	0.0
flavobacterium fryxellicola	20.0	5.0	20.0	20.0	20.0	BacDive	4	20.0	0.0
flavobacterium gelidilacus	20.0	5.0	20.0	20.0			3	20.0	0.0
flavobacterium gillisiae	20.0	0.0	20.0	20.0			3	20.0	0.0
flavobacterium ginsengisoli	27.5	4.0					1	27.5	0.0
flavobacterium ginsengiterrae	29.0	4.0					1	29.0	0.0
flavobacterium ginsenosidimutans	27.5	10.0		27.5			2	27.5	0.0
flavobacterium glaciei	21.0	4.0	21.0	21.0			3	21.0	0.0
flavobacterium granuli	27.5	15.0		27.83333333333333	27.5	BacDive	3	27.61111111111111	0.3333333333333286
flavobacterium haoranii			29.0		30.0	BacDive	2	29.5	1.0
flavobacterium hercynium	23.5	12.0		23.5	23.5	BacDive	3	23.5	0.0
flavobacterium hibernum	26.0	-7.0	22.95	23.0			3	23.983333333333334	3.0500000000000007
flavobacterium hibisci	27.5	15.0					1	27.5	0.0
flavobacterium hydatis	22.5	5.0	26.0	22.5			3	23.666666666666668	3.5
flavobacterium indicum			32.0		37.0	Lyubetsky et al., 2020	2	34.5	5.0
flavobacterium johnsoniae	27.5	10.0	26.5	27.5	27.5	Lyubetsky et al., 2020	4	27.25	1.0
flavobacterium lacicola	20.0	10.0					1	20.0	0.0
flavobacterium lacunae	22.5	20.0					1	22.5	0.0
flavobacterium lacus	17.5	4.0		17.5			2	17.5	0.0
flavobacterium limicola	17.5	0.0	17.45	16.25			3	17.066666666666666	1.25
flavobacterium lindanitolerans			29.0	29.4	37.0	BacDive	3	31.8	8.0
flavobacterium luteum	20.0	4.0		20.0			2	20.0	0.0
flavobacterium luticocti	31.0	15.0					1	31.0	0.0
flavobacterium marinum	35.0	15.0		35.0			2	35.0	0.0
flavobacterium maris	29.0	5.0					1	29.0	0.0
flavobacterium micromati			15.0	15.0	15.0	BacDive	3	15.0	0.0
flavobacterium myungsuense	20.0	4.0					1	20.0	0.0
flavobacterium noncentrifugens	15.0	0.0		15.0			2	15.0	0.0
flavobacterium olei	17.5	0.0					1	17.5	0.0
flavobacterium omnivorum			11.0				1	11.0	0.0
flavobacterium ovatum	20.0	0.0					1	20.0	0.0
flavobacterium pectinovorum			26.0				1	26.0	0.0
flavobacterium phocarum	20.0	4.0					1	20.0	0.0
flavobacterium phragmitis			29.0				1	29.0	0.0
flavobacterium psychrolimnae	20.0	5.0	20.0		20.0	BacDive	3	20.0	0.0
flavobacterium psychrophilum	17.5	5.0	18.5		17.5	Lyubetsky et al., 2020	3	17.833333333333332	1.0
flavobacterium psychroterrae	20.0	1.0		20.0			2	20.0	0.0
flavobacterium qiangtangense	20.0	4.0					1	20.0	0.0
flavobacterium reichenbachii	23.0	6.0		23.666666666666668			2	23.333333333333336	0.6666666666666679
flavobacterium rivuli	20.0	4.0	23.0	20.0			3	21.0	3.0
flavobacterium saccharophilum			24.0		25.0	BacDive	2	24.5	1.0
flavobacterium saliperosum			27.0	27.25	28.0	BacDive	3	27.416666666666668	1.0
flavobacterium sasangense			29.0		30.0	BacDive	2	29.5	1.0
flavobacterium segetis	14.3	5.0	12.45	15.300000000000002			3	14.016666666666667	2.850000000000003
flavobacterium silvisoli	31.5	15.0		31.5			2	31.5	0.0
flavobacterium sinopsychrotolerans	21.5	4.0	20.0	21.5			3	21.0	1.5
flavobacterium soli			27.0		25.0	BacDive	2	26.0	2.0
flavobacterium soyangense	15.0	4.0		15.0			2	15.0	0.0
flavobacterium sp.			29.0				1	29.0	0.0
flavobacterium sp000169355				32.5			1	32.5	0.0
flavobacterium sp000264055				10.0			1	10.0	0.0
flavobacterium suaedae	31.5	15.0		31.5			2	31.5	0.0
flavobacterium subsaxonicum	26.0	2.0	24.0	25.33333333333333			3	25.11111111111111	2.0
flavobacterium succinicans			24.0				1	24.0	0.0
flavobacterium suncheonense			29.0	33.5			2	31.25	4.5
flavobacterium swingsii			24.0	24.0			2	24.0	0.0
flavobacterium tegetincola	20.0	0.0	20.0	20.0			3	20.0	0.0
flavobacterium terrae					30.0	BacDive	1	30.0	0.0
flavobacterium terrigena			27.0		25.0	BacDive	2	26.0	2.0
flavobacterium tiangeerense	22.5	4.0	18.0				2	20.25	4.5
flavobacterium tilapiae	22.5	10.0					1	22.5	0.0
flavobacterium tistrianum	27.5	15.0					1	27.5	0.0
flavobacterium tyrosinilyticum	26.0	4.0					1	26.0	0.0
flavobacterium urumqiense	14.5	2.0		14.5			2	14.5	0.0
flavobacterium weaverense	15.3	5.0	15.3	15.15			3	15.25	0.15000000000000036
flavobacterium xanthum			17.0	15.0			2	16.0	2.0
flavobacterium xinjiangense			11.0	11.0			2	11.0	0.0
flavobacterium xueshanense	14.0	2.0					1	14.0	0.0
flavobacterium yonginense	20.0	15.0					1	20.0	0.0
flectobacillus lacus	27.5	10.0					1	27.5	0.0
flectobacillus major			27.0				1	27.0	0.0
flectobacillus pallidus	20.0	15.0					1	20.0	0.0
flexibacter flexilis			29.0				1	29.0	0.0
flexibacter sp.			26.0				1	26.0	0.0
flexistipes sinusarabici	47.5	30.0	47.5	46.66666666666666	47.5	Lyubetsky et al., 2020;ThermoBase	4	47.291666666666664	0.8333333333333428
flexithrix dorotheae			29.0				1	29.0	0.0
flexivirga endophytica	31.5	20.0					1	31.5	0.0
flindersiella endophytica	32.0	15.0					1	32.0	0.0
floricoccus penangensis	33.5	15.0		33.5			2	33.5	0.0
floricoccus tropicus	33.5	15.0		33.5			2	33.5	0.0
fluviibacterium aquatile	27.5	10.0		27.5			2	27.5	0.0
fluviicola kyonggii	27.5	15.0					1	27.5	0.0
fluviicola taffensis				20.0	20.0	BacDive;Lyubetsky et al., 2020	2	20.0	0.0
fodinibacter luteus					28.0	BacDive	1	28.0	0.0
fodinicola feengrottensis	24.0	10.0					1	24.0	0.0
fontibacillus panacisegetis			27.0				1	27.0	0.0
fonticella tunisiensis	55.0	45.0	55.0	55.0	55.0	ThermoBase	4	55.0	0.0
fontimonas thermophila	47.5	37.0	50.0	47.5	47.5	ThermoBase	4	48.125	2.5
formosa agariphila	22.0	4.0	21.0	21.666666666666668			3	21.555555555555557	1.0
formosa algae				23.0			1	23.0	0.0
formosimonas limnophila	20.0	10.0		20.0			2	20.0	0.0
francisella halioticida	20.0	8.0	20.0	20.0			3	20.0	0.0
francisella noatunensis			23.0	23.3333333333333			2	23.16666666666665	0.3333333333333002
francisella philomiragia			33.0				1	33.0	0.0
francisella tularensis				36.5	37.0	Lyubetsky et al., 2020	2	36.75	0.5
franconibacter daqui	32.5	10.0					1	32.5	0.0
franconibacter helveticus			34.0	27.0	27.0	BacDive	3	29.333333333333332	7.0
frateuria aurantia			26.5		27.5	Lyubetsky et al., 2020	2	27.0	1.0
frateuria terrea	33.0	19.0					1	33.0	0.0
frateuria_a terrea				33.0			1	33.0	0.0
friedmanniella aerolata	29.0	10.0					1	29.0	0.0
friedmanniella antarctica	22.0	9.0	20.0				2	21.0	2.0
friedmanniella capsulata			27.0				1	27.0	0.0
friedmanniella endophytica	29.0	20.0					1	29.0	0.0
friedmanniella flava	26.5	9.0		26.5			2	26.5	0.0
friedmanniella lacustris	26.0	3.0	22.0				2	24.0	4.0
friedmanniella luteola	26.0	18.0	26.0	26.0			3	26.0	0.0
friedmanniella sagamiharensis	26.5	18.0	27.0	26.5			3	26.666666666666668	0.5
friedmanniella spumicola			27.0				1	27.0	0.0
frigidibacter albus	19.0	4.0		19.0			2	19.0	0.0
frigoribacterium endophyticum	27.5	10.0		27.5			2	27.5	0.0
frigoribacterium faeni	7.0	2.0	23.0	7.0	20.0	BacDive	4	14.25	16.0
frischella perrara			35.0				1	35.0	0.0
frondihabitans australicus			27.0		26.5	BacDive	2	26.75	0.5
frondihabitans cladoniiphilus	24.0	1.0	20.0				2	22.0	4.0
fructilactobacillus florum					15.0	BacDive	1	15.0	0.0
fructilactobacillus lindneri					23.5	Lyubetsky et al., 2020	1	23.5	0.0
fructobacillus durionis					20.0	BacDive	1	20.0	0.0
fructobacillus fructosus			33.0				1	33.0	0.0
fructobacillus pseudoficulneus					30.0	BacDive	1	30.0	0.0
fructobacillus tropaeoli				27.5	27.5	BacDive	2	27.5	0.0
fuchsiella alkaliacetigena	40.0	25.0			40.0	BacDive;ThermoBase	2	40.0	0.0
fuchsiella ferrireducens	33.5	25.0					1	33.5	0.0
fulvibacter tottoriensis	27.5	10.0					1	27.5	0.0
fulvimarina pelagi			29.0		30.0	BacDive	2	29.5	1.0
fulvimonas yonginensis	29.0	15.0					1	29.0	0.0
fulvitalea axinellae			26.0				1	26.0	0.0
fulvivirga imtechensis	32.5	20.0					1	32.5	0.0
fulvivirga kasyanovii	36.0	14.0		36.0			2	36.0	0.0
fundidesulfovibrio butyratiphilus					35.0	BacDive	1	35.0	0.0
fundidesulfovibrio putealis					30.0	BacDive	1	30.0	0.0
fusobacterium nucleatum			35.0		36.0	Lyubetsky et al., 2020	2	35.5	1.0
fusobacterium pseudoperiodonticum	36.0	30.0		36.0			2	36.0	0.0
fusobacterium_c necrophorum				36.375			1	36.375	0.0
gaetbulibacter saemankumensis			29.0	27.25	27.0	BacDive	3	27.75	2.0
gaiella occulta	36.0	15.0		36.0			2	36.0	0.0
galbibacter mesophilus	27.5	10.0					1	27.5	0.0
galbibacter orientalis					30.0	BacDive	1	30.0	0.0
galbitalea soli	29.0	10.0		29.0			2	29.0	0.0
galdieria sulphuraria					37.0	aciDB	1	37.0	0.0
galenea microaerophila	35.0	20.0	35.0				2	35.0	0.0
gallaecimonas xiamenensis	27.5	10.0		27.5			2	27.5	0.0
gallionella acididurans					6.5	aciDB	1	6.5	0.0
gallionella ferruginea	20.0	5.0					1	20.0	0.0
galliscardovia ingluviei	39.0	15.0					1	39.0	0.0
gangjinia marincola	27.5	20.0					1	27.5	0.0
garciella nitratireducens	55.0	25.0	55.0	55.0	55.0	ThermoBase	4	55.0	0.0
gardnerella vaginalis					36.0	Lyubetsky et al., 2020	1	36.0	0.0
garritya polymorpha	32.0	22.0					1	32.0	0.0
gayadomonas joobiniege	37.5	20.0					1	37.5	0.0
gelatiniphilus marinus	31.5	15.0					1	31.5	0.0
gelidibacter algens			10.0	10.0			2	10.0	0.0
gelidibacter gilvus	20.0	-2.0	22.0	20.0			3	20.666666666666668	2.0
gelidibacter mesophilus			22.0	21.0			2	21.5	1.0
gelidibacter salicanalis			22.0				1	22.0	0.0
gelidibacter sp.			24.3				1	24.3	0.0
gellertiella hungarica	28.5	15.0		28.5			2	28.5	0.0
gelria glutamica	52.5	37.0	53.75		52.5	ThermoBase	3	52.916666666666664	1.25
geminicoccus roseus	32.5	15.0	32.5	32.5			3	32.5	0.0
geminocystis herdmanii			22.0				1	22.0	0.0
gemmatimonas aurantiaca					30.0	Lyubetsky et al., 2020	1	30.0	0.0
gemmatimonas phototrophica	27.5	16.0		27.5			2	27.5	0.0
gemmobacter aquaticus	27.5	10.0		27.5			2	27.5	0.0
gemmobacter aquatilis	31.0	17.0		31.0			2	31.0	0.0
gemmobacter caeni	27.5	17.0		30.0			2	28.75	2.5
gemmobacter intermedius	41.0	15.0					1	41.0	0.0
gemmobacter lanyuensis	27.5	15.0		27.5			2	27.5	0.0
gemmobacter megaterium	26.5	18.0					1	26.5	0.0
gemmobacter tilapiae	22.5	10.0					1	22.5	0.0
geoalkalibacter ferrihydriticus			35.0	35.0			2	35.0	0.0
geoalkalibacter subterraneus	40.0	30.0			40.0	ThermoBase	2	40.0	0.0
geoalkalibacter_a subterraneus				40.0			1	40.0	0.0
geobacillus galactosidasius	70.0	50.0	63.0				2	66.5	7.0
geobacillus icigianus	62.5	50.0	55.0	62.25	62.5	ThermoBase	4	60.5625	7.5
geobacillus jurassicus	59.0	45.0	55.0	58.833333333333336	59.0	ThermoBase	4	57.958333333333336	4.0
geobacillus kaustophilus	62.5	37.0	55.0		62.5	Lyubetsky et al., 2020;ThermoBase	3	60.0	7.5
geobacillus lituanicus	57.5	55.0	55.0	56.66666666666666	57.5	Lyubetsky et al., 2020;ThermoBase	4	56.666666666666664	2.5
geobacillus sp.			62.05		65.0	ThermoBase	2	63.525	2.950000000000003
geobacillus sp002809955				60.667			1	60.667	0.0
geobacillus stearothermophilus			61.2	53.8636363636364	50.0	ThermoBase	3	55.02121212121214	11.200000000000003
geobacillus subterraneus			56.0	55.0	48.25	Lyubetsky et al., 2020;ThermoBase	3	53.083333333333336	7.75
geobacillus thermocatenulatus	70.0	35.0	58.0	61.66666666666666	62.5	BacDive;Lyubetsky et al., 2020;ThermoBase	4	63.041666666666664	12.0
geobacillus thermodenitrificans	57.5	45.0	57.5	60.11363636363637	57.5	Lyubetsky et al., 2020;ThermoBase	4	58.15340909090909	2.613636363636367
geobacillus thermoleovorans	60.0	45.0	62.5	60.4047619047619	60.0	BacDive;Lyubetsky et al., 2020;ThermoBase	4	60.726190476190474	2.5
geobacillus uzenensis			55.0		55.0	ThermoBase	2	55.0	0.0
geobacillus vulcani	60.0	37.0	51.0	55.0	60.0	BacDive;ThermoBase	4	56.5	9.0
geobacillus zalihae			55.0	63.75	65.0	ThermoBase	3	61.25	10.0
geobacter anodireducens	32.5	15.0		32.5			2	32.5	0.0
geobacter lovleyi			26.0				1	26.0	0.0
geobacter luticola	33.5	20.0					1	33.5	0.0
geobacter psychrophilus	23.5	4.0					1	23.5	0.0
geobacter sp.			31.0				1	31.0	0.0
geobacter sulfurreducens				30.49983333333335			1	30.49983333333335	0.0
geobacter thiogenes			26.0				1	26.0	0.0
geobacter toluenoxydans	28.5	16.0					1	28.5	0.0
geodermatophilus arenarius	34.0	15.0					1	34.0	0.0
geodermatophilus chilensis	35.0	10.0		35.0			2	35.0	0.0
geodermatophilus daqingensis	35.0	15.0					1	35.0	0.0
geodermatophilus normandii	32.5	15.0		32.5			2	32.5	0.0
geodermatophilus obscurus			27.0	26.0	28.0	BacDive;Lyubetsky et al., 2020	3	27.0	2.0
geodermatophilus poikilotrophus	27.5	15.0					1	27.5	0.0
geodermatophilus ruber	26.0	10.0		26.0	26.0	BacDive	3	26.0	0.0
geodermatophilus sabuli	37.5	25.0		37.5			2	37.5	0.0
geodermatophilus sp.			27.0				1	27.0	0.0
geodermatophilus telluris	27.5	15.0		27.5			2	27.5	0.0
geofilum rhodophaeum	33.0	4.0		33.0			2	33.0	0.0
geofilum rubicundum	33.0	10.0		33.0			2	33.0	0.0
geogemma barossii					106.0	ThermoBase	1	106.0	0.0
geoglobus acetivorans	81.0	50.0	80.0	80.5	81.0	ThermoBase	4	80.625	1.0
geoglobus ahangari	88.0	65.0	86.3	88.0	88.0	ThermoBase	4	87.575	1.7000000000000028
geomonas edaphica	31.5	10.0		31.5			2	31.5	0.0
geomonas ferrireducens	31.5	13.0		31.5			2	31.5	0.0
geomonas oryzae	31.5	13.0		31.5			2	31.5	0.0
geomonas terrae	31.5	10.0					1	31.5	0.0
geopsychrobacter electrodiphilus	22.0	4.0	22.0	22.0			3	22.0	0.0
georgenia daeguensis	27.5	10.0					1	27.5	0.0
georgenia deserti	32.5	4.0					1	32.5	0.0
georgenia halophila					37.0	BacDive	1	37.0	0.0
georgenia muralis					30.0	BacDive	1	30.0	0.0
georgenia ruanii	29.0	10.0			28.0	BacDive	2	28.5	1.0
georgenia satyanarayanai	35.0	4.0					1	35.0	0.0
georgenia sediminis	50.0	24.0	45.0		50.0	ThermoBase	3	48.333333333333336	5.0
georgenia soli				27.5			1	27.5	0.0
georgenia subflava	32.5	4.0					1	32.5	0.0
georgenia thermotolerans					28.0	BacDive	1	28.0	0.0
georgfuchsia toluolica	27.5	21.0					1	27.5	0.0
geosporobacter ferrireducens	40.0	25.0			40.0	ThermoBase	2	40.0	0.0
geosporobacter subterraneus	42.0	30.0	41.0	41.333333333333336	42.0	BacDive;ThermoBase	4	41.583333333333336	1.0
geotalea daltonii					30.0	BacDive	1	30.0	0.0
geotalea toluenoxydans					28.5	BacDive	1	28.5	0.0
geothermobacter ehrlichii	55.0	35.0	50.0	52.5	55.0	ThermoBase	4	53.125	5.0
geothermobacterium ferrireducens			90.0				1	90.0	0.0
geothermomicrobium terrae	52.5	30.0			52.5	ThermoBase	2	52.5	0.0
geothrix fermentans			33.0	33.75			2	33.375	0.75
geotoga petraea	50.0	30.0	50.0		50.0	ThermoBase	3	50.0	0.0
geotoga subterranea	45.0	30.0	45.0		45.0	ThermoBase	3	45.0	0.0
geovibrio thiophilus	38.5	4.0	34.0	36.0			3	36.166666666666664	4.5
gibbsiella quercinecans				20.0			1	20.0	0.0
giesbergeria giesbergeri			26.5				1	26.5	0.0
giesbergeria kuznetsovii					28.0	BacDive	1	28.0	0.0
giesbergeria voronezhensis					30.0	BacDive	1	30.0	0.0
gillisia hiemivivida	13.0	-2.0	22.0	13.0			3	16.0	9.0
gillisia illustrilutea	10.5	-2.0	22.0				2	16.25	11.5
gillisia limnaea	20.0	5.0	20.0	20.0	20.0	BacDive	4	20.0	0.0
gillisia myxillae	16.0	4.0					1	16.0	0.0
gillisia sandarakina	10.5	-2.0	20.0				2	15.25	9.5
gilvibacter sediminis	27.5	15.0					1	27.5	0.0
gilvimarinus agarilyticus	27.5	10.0		27.5			2	27.5	0.0
gilvimarinus chinensis	29.0	4.0		29.0			2	29.0	0.0
gilvimarinus japonicus	29.0	10.0					1	29.0	0.0
glaciecola nitratireducens				9.5			1	9.5	0.0
glaciecola pallidula	12.5	-2.0	7.0	10.25			3	9.916666666666666	5.5
glaciecola punicea	15.0	-2.0	11.85	13.333333333333334			3	13.394444444444446	3.1500000000000004
glaciecola sp.			20.0				1	20.0	0.0
glaciibacter superstes	20.0	-5.0	15.0	18.33333333333333	24.0	BacDive	4	19.333333333333332	9.0
glaciihabitans arcticus	17.5	4.0					1	17.5	0.0
glaciihabitans tibetensis	17.5	0.0		17.5			2	17.5	0.0
glaciimonas alpina			15.0				1	15.0	0.0
glaciimonas frigoris	3.0	-5.0					1	3.0	0.0
glaciimonas immobilis			11.0	10.0			2	10.5	1.0
glaesserella parasuis				36.625	36.0	Lyubetsky et al., 2020	2	36.3125	0.625
gleimia hominis					35.0	BacDive	1	35.0	0.0
gloeobacter violaceus			26.0				1	26.0	0.0
gloeocapsa alpicola			22.0				1	22.0	0.0
gloeothece sp.			23.0				1	23.0	0.0
gloeotrichia sp.			22.0				1	22.0	0.0
glucerabacter canisensis	38.0	30.0					1	38.0	0.0
gluconacetobacter diazotrophicus			29.0	29.0	30.0	Lyubetsky et al., 2020	3	29.333333333333332	1.0
gluconacetobacter entanii					30.0	aciDB	1	30.0	0.0
gluconacetobacter liquefaciens			27.0				1	27.0	0.0
gluconacetobacter sacchari			29.0				1	29.0	0.0
gluconobacter cerinus			27.0				1	27.0	0.0
gluconobacter morbifer	27.5	13.0					1	27.5	0.0
gluconobacter oxydans			26.5	27.0	27.5	Lyubetsky et al., 2020	3	27.0	1.0
gluconobacter roseus			26.0				1	26.0	0.0
gluconobacter sp.			26.0				1	26.0	0.0
glutamicibacter bergerei					28.0	BacDive	1	28.0	0.0
glutamicibacter halophytocola	26.5	4.0		26.5			2	26.5	0.0
glutamicibacter mysorens			29.0		28.0	BacDive	2	28.5	1.0
glutamicibacter nicotianae			29.0		28.0	BacDive	2	28.5	1.0
glutamicibacter uratoxydans			24.0		28.0	BacDive	2	26.0	4.0
glycocaulis albus	31.0	15.0		31.0			2	31.0	0.0
glycocaulis alkaliphilus	33.5	20.0		33.5			2	33.5	0.0
glycomyces algeriensis					27.0	BacDive	1	27.0	0.0
glycomyces arizonensis				28.5	28.25	BacDive	2	28.375	0.25
glycomyces buryatensis	29.0	15.0					1	29.0	0.0
glycomyces endophyticus					28.0	BacDive	1	28.0	0.0
glycomyces harbinensis			29.0		28.0	BacDive	2	28.5	1.0
glycomyces lacisalsi	32.5	20.0					1	32.5	0.0
glycomyces lechevalierae					27.0	BacDive	1	27.0	0.0
glycomyces mayteni					28.0	BacDive	1	28.0	0.0
glycomyces paridis	29.0	15.0					1	29.0	0.0
glycomyces rutgersensis			29.0				1	29.0	0.0
glycomyces sambucus				28.5	28.5	BacDive	2	28.5	0.0
glycomyces scopariae					28.0	BacDive	1	28.0	0.0
goodfellowiella coeruleoviolacea			31.0				1	31.0	0.0
gordonia aichiensis			31.5				1	31.5	0.0
gordonia alkanivorans			29.0	29.5			2	29.25	0.5
gordonia amarae			30.0	31.0			2	30.5	1.0
gordonia amicalis			29.0	27.5			2	28.25	1.5
gordonia bronchialis			29.0				1	29.0	0.0
gordonia cholesterolivorans			29.0				1	29.0	0.0
gordonia desulfuricans			29.0				1	29.0	0.0
gordonia effusa			29.0				1	29.0	0.0
gordonia hirsuta			29.0				1	29.0	0.0
gordonia humi			29.0				1	29.0	0.0
gordonia hydrophobica			29.0				1	29.0	0.0
gordonia kroppenstedtii	27.5	10.0	29.0				2	28.25	1.5
gordonia malaquae			27.0	29.5			2	28.25	2.5
gordonia paraffinivorans	33.5	20.0	31.0	33.5			3	32.666666666666664	2.5
gordonia phosphorivorans			29.0				1	29.0	0.0
gordonia rhizosphera			29.0				1	29.0	0.0
gordonia rubripertincta			31.5	31.0			2	31.25	0.5
gordonia shandongensis			29.0	28.5			2	28.75	0.5
gordonia sihwensis			29.0				1	29.0	0.0
gordonia soli			29.0	31.5			2	30.25	2.5
gordonia sp.			29.0				1	29.0	0.0
gordonia sputi			31.5	30.5714285714286			2	31.0357142857143	0.9285714285713986
gordonia terrae			31.5	31.2727272727273			2	31.386363636363647	0.22727272727270176
gordonia westfalica			29.0				1	29.0	0.0
gordonibacter pamelaeae					37.0	BacDive	1	37.0	0.0
gottfriedia luciferensis					30.0	BacDive	1	30.0	0.0
gottschalkia acidurici					28.0	Lyubetsky et al., 2020	1	28.0	0.0
gottschalkia purinilytica					36.0	BacDive	1	36.0	0.0
gottschalkia purinilyticum			36.0				1	36.0	0.0
gracilibacillus alcaliphilus	39.0	13.0	35.0				2	37.0	4.0
gracilibacillus bigeumensis					37.0	BacDive	1	37.0	0.0
gracilibacillus boraciitolerans	26.5	16.0		26.5			2	26.5	0.0
gracilibacillus halophilus	47.5	28.0	44.0	48.125	47.5	ThermoBase	4	46.78125	4.125
gracilibacillus halotolerans	47.0	6.0	35.0	47.0	47.0	BacDive;ThermoBase	4	44.0	12.0
gracilibacillus kekensis	40.0	4.0			40.0	BacDive;ThermoBase	2	40.0	0.0
gracilibacillus lacisalsi	40.0	15.0			40.0	BacDive;ThermoBase	2	40.0	0.0
gracilibacillus saliphilus	32.5	4.0					1	32.5	0.0
gracilibacillus thailandensis					37.0	BacDive	1	37.0	0.0
gracilibacillus ureilyticus	36.0	10.0					1	36.0	0.0
gracilibacter thermotolerans	44.5	25.0	43.0		44.5	ThermoBase	3	44.0	1.5
gracilimonas halophila	38.5	20.0					1	38.5	0.0
gracilimonas rosea	35.0	15.0					1	35.0	0.0
gracilimonas tropica	35.0	20.0		34.375			2	34.6875	0.625
gramella aestuariivivens	32.5	4.0					1	32.5	0.0
gramella antarctica	27.5	4.0					1	27.5	0.0
gramella echinicola	24.0	4.0		24.0			2	24.0	0.0
gramella forsetii	23.5	2.0	24.0	28.0			3	25.166666666666668	4.5
gramella gaetbulicola	33.5	4.0		33.5			2	33.5	0.0
gramella marina	29.0	4.0					1	29.0	0.0
gramella oceani	33.5	20.0					1	33.5	0.0
gramella planctonica	33.5	20.0					1	33.5	0.0
gramella portivictoriae	29.0	4.0		29.0			2	29.0	0.0
granulibacter bethesdensis			36.0	35.8335			2	35.91675	0.1664999999999992
granulicella aggregans	20.0	2.0	20.0				2	20.0	0.0
granulicella arctica	22.5	4.0	20.0				2	21.25	2.5
granulicella mallensis	25.5	4.0	20.0		25.5	aciDB	3	23.666666666666668	5.5
granulicella paludicola	20.0	2.0	20.0				2	20.0	0.0
granulicella pectinivorans	20.0	2.0	20.0		20.0	aciDB	3	20.0	0.0
granulicella rosea	20.0	2.0	20.0		20.0	aciDB	3	20.0	0.0
granulicella sapmiensis	22.5	4.0	20.0				2	21.25	2.5
granulicella tundricola	22.5	4.0	20.0		22.5	aciDB	3	21.666666666666668	2.5
granulicella_a mallensis				25.5			1	25.5	0.0
granulosicoccus antarcticus	20.0	3.0	20.0				2	20.0	0.0
granulosicoccus marinus	20.0	4.0					1	20.0	0.0
granulosicoccus undariae	29.0	4.0					1	29.0	0.0
grimontia hollisae			33.0				1	33.0	0.0
grimontia indica	27.5	10.0					1	27.5	0.0
gryllotalpicola daejeonensis	27.5	25.0					1	27.5	0.0
gryllotalpicola ginsengisoli				33.5			1	33.5	0.0
gryllotalpicola koreensis	27.5	15.0					1	27.5	0.0
gryllotalpicola kribbensis	27.5	15.0					1	27.5	0.0
gryllotalpicola soli	29.0	10.0					1	29.0	0.0
gulbenkiania indica	33.5	15.0					1	33.5	0.0
gulosibacter bifidus					30.0	BacDive	1	30.0	0.0
gulosibacter chungangensis					37.0	BacDive	1	37.0	0.0
gulosibacter molinativorax	36.0	10.0			32.0	BacDive	2	34.0	4.0
guyparkeria hydrothermalis	37.5	11.0	35.5				2	36.5	2.0
haematobacter missouriensis			35.0				1	35.0	0.0
haematomicrobium sanguinis			35.0				1	35.0	0.0
haemophilus influenzae				36.684	36.0	Lyubetsky et al., 2020	2	36.342	0.6839999999999975
haemophilus parainfluenzae					36.0	Lyubetsky et al., 2020	1	36.0	0.0
haemophilus pittmaniae			36.0				1	36.0	0.0
haemophilus_b ducreyi				36.0			1	36.0	0.0
hafnia alvei			32.0		30.0	Lyubetsky et al., 2020	2	31.0	2.0
hafnia paralvei			32.0	31.25			2	31.625	0.75
hafnia psychrotolerans	15.0	0.0					1	15.0	0.0
hahella ganghwensis	35.0	15.0	27.0	35.0	35.0	BacDive	4	33.0	8.0
haladaptatus cibarius					37.0	BacDive	1	37.0	0.0
haladaptatus litoreus	38.5	25.0		38.5			2	38.5	0.0
haladaptatus pallidirubidus	39.5	25.0					1	39.5	0.0
haladaptatus paucihalophilus	40.0	25.0		36.5835	40.0	ThermoBase	3	38.86116666666667	3.416499999999999
halalkalibacillus halophilus	33.5	20.0	32.0		33.5	BacDive	3	33.0	1.5
halalkalibacter akibai					37.0	BacDive	1	37.0	0.0
halalkalibacter hemicellulosilyticus					37.0	BacDive	1	37.0	0.0
halalkalibacter okhensis					37.0	BacDive	1	37.0	0.0
halalkalibacter wakoensis					37.0	BacDive	1	37.0	0.0
halalkalibacterium halodurans					47.5	ThermoBase	1	47.5	0.0
halalkalicoccus jeotgali	41.0	21.0		38.25	41.0	ThermoBase	3	40.083333333333336	2.75
halalkalicoccus tibetensis	40.0	23.0			40.0	ThermoBase	2	40.0	0.0
halanaerobacter chitinivorans	40.0	23.0	45.1		40.0	ThermoBase	3	41.699999999999996	5.100000000000001
halanaerobacter jeridensis	45.0	20.0	40.0	45.0	45.0	BacDive;ThermoBase	4	43.75	5.0
halanaerobacter lacunarum	37.5	5.0					1	37.5	0.0
halanaerobacter salinarius	45.0	10.0			45.0	ThermoBase	2	45.0	0.0
halanaerobaculum tunisiense	42.0	30.0	42.0		42.0	ThermoBase	3	42.0	0.0
halanaerobium acetethylicum	34.0	15.0	33.5				2	33.75	0.5
halanaerobium alcaliphilum	38.5	25.0	36.4				2	37.45	2.1000000000000014
halanaerobium congolense	42.0	20.0	42.0	42.0	42.0	ThermoBase	4	42.0	0.0
halanaerobium fermentans	35.0	15.0					1	35.0	0.0
halanaerobium hydrogeniformans				35.5			1	35.5	0.0
halanaerobium kushneri	37.5	20.0					1	37.5	0.0
halanaerobium lacusrosei	40.0	20.0	40.0		40.0	ThermoBase	3	40.0	0.0
halanaerobium praevalens			36.55	36.0	37.0	Lyubetsky et al., 2020	3	36.516666666666666	1.0
halanaerobium saccharolyticum	38.5	15.0		38.5			2	38.5	0.0
halanaerobium salsuginis	40.0	22.0					1	40.0	0.0
halanaerobium sehlinense	43.0	20.0	41.5		43.0	ThermoBase	3	42.5	1.5
halanaerocella petrolearia	42.5	25.0			42.5	ThermoBase	2	42.5	0.0
halarchaeum acidiphilum					37.0	BacDive	1	37.0	0.0
halarchaeum grantii	45.0	35.0		45.0	45.0	ThermoBase	3	45.0	0.0
halarchaeum nitratireducens	45.0	18.0			45.0	ThermoBase	2	45.0	0.0
halarchaeum rubridurum	42.5	20.0		42.5	42.5	ThermoBase	3	42.5	0.0
halarchaeum salinum	42.0	15.0		42.0	42.0	ThermoBase	3	42.0	0.0
halarchaeum solikamskense	42.5	25.0	42.0		42.5	ThermoBase	3	42.333333333333336	0.5
halarsenatibacter silvermanii	44.0	28.0	41.0	44.0	44.0	ThermoBase	4	43.25	3.0
haliangium ochraceum	32.0	20.0		32.0			2	32.0	0.0
haliangium tepidum	38.5	27.0					1	38.5	0.0
haliea atlantica	35.0	4.0					1	35.0	0.0
haliea salexigens	27.5	10.0	29.45	27.5	27.5	BacDive	4	27.9875	1.9499999999999993
halioglobus japonicus	22.5	15.0		22.5			2	22.5	0.0
halioglobus lutimaris				22.5			1	22.5	0.0
halioglobus pacificus	22.5	15.0					1	22.5	0.0
haliscomenobacter hydrossis	26.0	8.0	26.0	26.0	26.5	Lyubetsky et al., 2020	4	26.125	0.5
haloactinopolyspora alba	32.5	15.0		32.5			2	32.5	0.0
haloarchaeobius baliensis	43.0	20.0			43.0	ThermoBase	2	43.0	0.0
haloarchaeobius iranensis	40.0	25.0		40.0			2	40.0	0.0
haloarcula amylolytica	41.0	20.0		41.0	41.0	ThermoBase	3	41.0	0.0
haloarcula argentinensis	45.0	20.0	38.0	45.0	45.0	ThermoBase	4	43.25	7.0
haloarcula hispanica	40.0	25.0		40.375	37.5	Lyubetsky et al., 2020;ThermoBase	3	39.291666666666664	2.875
haloarcula japonica	45.0	24.0		45.0	45.0	ThermoBase	3	45.0	0.0
haloarcula marismortui				44.545	45.0	Lyubetsky et al., 2020	2	44.7725	0.4549999999999983
haloarcula quadrata	53.0	30.0	36.0		53.0	ThermoBase	3	47.333333333333336	17.0
haloarcula vallismortis	40.0	20.0	47.0	41.25	40.0	ThermoBase	4	42.0625	7.0
halobacillus aidingensis	32.0	15.0	32.0		32.0	BacDive	3	32.0	0.0
halobacillus alkaliphilus			32.0		37.0	BacDive	2	34.5	5.0
halobacillus andaensis			32.0				1	32.0	0.0
halobacillus dabanensis	35.0	15.0			35.0	BacDive	2	35.0	0.0
halobacillus hunanensis	27.5	10.0					1	27.5	0.0
halobacillus karajensis			38.0				1	38.0	0.0
halobacillus kuroshimensis					25.0	BacDive	1	25.0	0.0
halobacillus litoralis	35.0	10.0	33.0	35.0	35.0	BacDive	4	34.5	2.0
halobacillus locisalis	35.0	10.0		35.0			2	35.0	0.0
halobacillus mangrovi	34.0	10.0	34.5	34.333333333333336			3	34.27777777777778	0.5
halobacillus marinus	35.0	15.0					1	35.0	0.0
halobacillus profundi					25.0	BacDive	1	25.0	0.0
halobacillus salinus	33.5	10.0		33.5			2	33.5	0.0
halobacillus salsuginis					30.0	BacDive	1	30.0	0.0
halobacillus seohaensis					37.0	BacDive	1	37.0	0.0
halobacillus sp001592845				33.5			1	33.5	0.0
halobacillus trueperi			33.0		35.0	BacDive	2	34.0	2.0
halobacillus yeomjeoni					37.0	BacDive	1	37.0	0.0
halobacteriovorax litoralis	22.5	15.0					1	22.5	0.0
halobacterium hubeiense	45.0	22.0		45.0	45.0	ThermoBase	3	45.0	0.0
halobacterium jilantaiense	40.0	22.0		40.0	45.0	ThermoBase	3	41.666666666666664	5.0
halobacterium litoreum	35.0	20.0					1	35.0	0.0
halobacterium noricense	45.0	28.0			50.0	ThermoBase	2	47.5	5.0
halobacterium rubrum	36.0	20.0					1	36.0	0.0
halobacterium salinarum	50.0	20.0	49.1	43.90685714285714	50.0	Lyubetsky et al., 2020;ThermoBase	4	48.251714285714286	6.093142857142858
halobacterium sp000230955				42.0			1	42.0	0.0
halobacteroides halobius			36.9	31.5	40.0	Lyubetsky et al., 2020	3	36.13333333333333	8.5
halobaculum gomorrense			40.5	36.3333333333333			2	38.41666666666665	4.1666666666667
halobaculum magnesiiphilum	45.0	25.0			45.0	ThermoBase	2	45.0	0.0
halobaculum roseum	40.0	25.0			40.0	ThermoBase	2	40.0	0.0
halobellus limi	45.0	25.0		45.0	45.0	ThermoBase	3	45.0	0.0
halobiforma haloterrestris			42.0	42.0			2	42.0	0.0
halobiforma lacisalsi	43.5	24.0		43.5	43.5	ThermoBase	3	43.5	0.0
halobiforma nitratireducens	38.5	26.0					1	38.5	0.0
halobium palmae	39.5	20.0					1	39.5	0.0
halocalculus aciditolerans	40.0	20.0					1	40.0	0.0
halochromatium glycolicum			26.0	25.5			2	25.75	0.5
halochromatium roseum	27.0	20.0			27.0	BacDive	2	27.0	0.0
halococcus agarilyticus	42.0	22.0		42.0	42.0	ThermoBase	3	42.0	0.0
halococcus dombrowskii	38.5	28.0					1	38.5	0.0
halococcus morrhuae			51.0				1	51.0	0.0
halococcus qingdaonensis	37.5	26.0					1	37.5	0.0
halococcus saccharolyticus				35.5			1	35.5	0.0
halococcus salifodinae	40.0	28.0		37.5	40.0	ThermoBase	3	39.166666666666664	2.5
halococcus salsus	39.0	20.0		39.0			2	39.0	0.0
halococcus sediminicola	37.5	25.0		37.5			2	37.5	0.0
halocynthiibacter arcticus	21.0	10.0					1	21.0	0.0
halocynthiibacter_b arcticus				21.0			1	21.0	0.0
halodesulfovibrio aestuarii	32.5	15.0					1	32.5	0.0
halodesulfovibrio marinisediminis					37.0	BacDive	1	37.0	0.0
halodesulfovibrio oceani			20.0		20.0	BacDive	2	20.0	0.0
halodesulfovibrio spirochaetisodalis	32.5	15.0		32.5			2	32.5	0.0
haloferax chudinovii	42.5	23.0	40.0		42.5	ThermoBase	3	41.666666666666664	2.5
haloferax denitrificans	50.0	30.0		50.0	50.0	ThermoBase	3	50.0	0.0
haloferax elongans	53.0	30.0	40.0	53.0	53.0	ThermoBase	4	49.75	13.0
haloferax gibbonsii	40.0	25.0		40.0	37.5	Lyubetsky et al., 2020	3	39.166666666666664	2.5
haloferax larsenii	43.5	25.0		43.5	43.5	ThermoBase	3	43.5	0.0
haloferax mediterranei	50.5	20.0	36.0	40.5	48.5	Lyubetsky et al., 2020	4	43.875	14.5
haloferax mucosum	47.5	23.0	40.0	47.5	47.75	ThermoBase	4	45.6875	7.75
haloferax prahovense	43.0	23.0		43.0	43.0	ThermoBase	3	43.0	0.0
haloferax sulfurifontis	34.5	18.0		34.5			2	34.5	0.0
haloferax volcanii	45.0	20.0	36.0	39.05566666666667	45.0	Lyubetsky et al., 2020;ThermoBase	4	41.26391666666667	9.0
haloferula harenae	27.5	20.0					1	27.5	0.0
haloferula helveola	27.5	20.0					1	27.5	0.0
haloferula luteola	26.5	4.0		26.5			2	26.5	0.0
haloferula phyci	27.5	20.0					1	27.5	0.0
haloferula rosea	27.5	20.0		27.5			2	27.5	0.0
halofilum ochraceum	35.0	20.0		35.0			2	35.0	0.0
halogeometricum borinquense	40.0	22.0	49.0	40.0	40.0	Lyubetsky et al., 2020;ThermoBase	4	42.25	9.0
halogeometricum rufum	41.0	25.0			41.0	ThermoBase	2	41.0	0.0
haloglycomyces albus					37.0	BacDive	1	37.0	0.0
halohasta litorea	40.0	25.0			40.0	ThermoBase	2	40.0	0.0
haloimpatiens lingqiaonensis	43.0	25.0		43.0	43.0	ThermoBase	3	43.0	0.0
halolactibacillus halophilus	33.5	5.0		33.5			2	33.5	0.0
halolactibacillus miurensis	38.5	5.0		38.5			2	38.5	0.0
halolamina salifodinae	39.5	20.0		39.5			2	39.5	0.0
halolamina salina	39.5	20.0					1	39.5	0.0
halolamina sediminis	38.5	25.0		38.5			2	38.5	0.0
halomicroarcula pellucida	40.0	25.0		40.0			2	40.0	0.0
halomicrobium katesii	38.5	35.0	40.0	39.0			3	39.166666666666664	1.5
halomicrobium mukohataei				45.0			1	45.0	0.0
halomicrobium urmianum					45.0	ThermoBase	1	45.0	0.0
halomicrobium zhouii	42.0	20.0		42.0	42.0	ThermoBase	3	42.0	0.0
halomicronema excentricum			40.0				1	40.0	0.0
halomonas aidingensis	32.5	4.0					1	32.5	0.0
halomonas alkalicola	29.0	15.0					1	29.0	0.0
halomonas alkalitolerans	35.0	10.0					1	35.0	0.0
halomonas almeriensis			29.0		26.0	BacDive	2	27.5	3.0
halomonas andesensis	32.5	4.0		32.5			2	32.5	0.0
halomonas anticariensis	35.0	20.0					1	35.0	0.0
halomonas aquamarina			26.5				1	26.5	0.0
halomonas arcis			29.0				1	29.0	0.0
halomonas axialensis			29.0		30.0	BacDive	2	29.5	1.0
halomonas beimenensis	40.0	15.0		40.0			2	40.0	0.0
halomonas boliviensis	27.5	0.0	29.0				2	28.25	1.5
halomonas borealis	23.5	15.0		23.5			2	23.5	0.0
halomonas campaniensis			35.0				1	35.0	0.0
halomonas campisalis			32.0				1	32.0	0.0
halomonas caseinilytica					30.0	BacDive	1	30.0	0.0
halomonas cerina	26.0	4.0		26.0	26.0	BacDive	3	26.0	0.0
halomonas cibimaris	27.5	15.0					1	27.5	0.0
halomonas cupida			28.0	26.0			2	27.0	2.0
halomonas daqiaonensis	29.0	5.0		29.0			2	29.0	0.0
halomonas denitrificans			29.0				1	29.0	0.0
halomonas desiderata			32.0				1	32.0	0.0
halomonas elongata	33.5	4.0	34.5	31.35			3	33.11666666666667	3.1499999999999986
halomonas endophytica	40.0	10.0					1	40.0	0.0
halomonas eurihalina			31.0	31.0			2	31.0	0.0
halomonas glaciei			22.0				1	22.0	0.0
halomonas gomseomensis	27.5	5.0	29.0				2	28.25	1.5
halomonas halmophila				25.5			1	25.5	0.0
halomonas halocynthiae	26.5	7.0		26.5			2	26.5	0.0
halomonas halodenitrificans	27.5	5.0	27.0				2	27.25	0.5
halomonas halophila	33.5	15.0	29.0	33.5			3	32.0	4.5
halomonas hamiltonii	32.5	10.0					1	32.5	0.0
halomonas heilongjiangensis	27.5	10.0					1	27.5	0.0
halomonas hydrothermalis			29.0		30.0	BacDive	2	29.5	1.0
halomonas janggokensis	27.5	5.0	27.0				2	27.25	0.5
halomonas johnsoniae	32.5	10.0			32.5	BacDive	2	32.5	0.0
halomonas kenyensis	38.0	10.0	38.45	37.0			3	37.81666666666667	1.4500000000000028
halomonas koreensis	35.0	10.0			35.0	BacDive	2	35.0	0.0
halomonas korlensis					30.0	BacDive	1	30.0	0.0
halomonas kribbensis	33.5	10.0	33.0		33.5	BacDive	3	33.333333333333336	0.5
halomonas lutescens	31.5	2.0		31.5			2	31.5	0.0
halomonas maura	32.0	10.0	29.0				2	30.5	3.0
halomonas mongoliensis	38.0	15.0	38.25				2	38.125	0.25
halomonas muralis			29.0				1	29.0	0.0
halomonas nanhaiensis			5.0				1	5.0	0.0
halomonas neptunia			29.0				1	29.0	0.0
halomonas niordiana	23.5	4.0					1	23.5	0.0
halomonas nitroreducens	26.0	4.0		26.0	26.0	BacDive	3	26.0	0.0
halomonas olivaria	35.0	4.0					1	35.0	0.0
halomonas organivorans					37.0	BacDive	1	37.0	0.0
halomonas pacifica			26.5				1	26.5	0.0
halomonas qiaohouensis	31.0	10.0					1	31.0	0.0
halomonas ramblicola	34.5	4.0					1	34.5	0.0
halomonas rifensis	32.0	25.0					1	32.0	0.0
halomonas sabkhae	38.5	30.0	40.0		38.5	BacDive	3	39.0	1.5
halomonas saccharevitans			29.0		30.0	BacDive	2	29.5	1.0
halomonas sediminis	27.5	4.0					1	27.5	0.0
halomonas shengliensis					30.0	BacDive	1	30.0	0.0
halomonas sinaiensis	35.0	20.0	35.0				2	35.0	0.0
halomonas songnenensis	35.0	4.0	35.0				2	35.0	0.0
halomonas sp.			27.0				1	27.0	0.0
halomonas stenophila	26.0	15.0		26.0			2	26.0	0.0
halomonas stevensii	32.5	10.0		32.5			2	32.5	0.0
halomonas subglaciescola			26.0	27.0			2	26.5	1.0
halomonas subterranea			29.0				1	29.0	0.0
halomonas sulfidaeris	27.5	-1.0	29.0				2	28.25	1.5
halomonas taeanensis	35.0	10.0	36.0				2	35.5	1.0
halomonas titanicae	33.5	4.0		33.5			2	33.5	0.0
halomonas urumqiensis	39.0	4.0		39.0			2	39.0	0.0
halomonas ventosae			27.0		32.5	BacDive	2	29.75	5.5
halomonas ventosae_b				32.5			1	32.5	0.0
halomonas venusta			26.5				1	26.5	0.0
halomonas zhanjiangensis	27.5	4.0					1	27.5	0.0
halomonas zhaodongensis	35.0	4.0		35.0			2	35.0	0.0
halomonas zincidurans	35.0	4.0					1	35.0	0.0
halomonas_a anticariensis				32.5			1	32.5	0.0
halomonas_c zincidurans				35.0			1	35.0	0.0
halomonas_e taeanensis_a				35.0			1	35.0	0.0
halonatronum saccharophilum			43.4	40.0			2	41.7	3.3999999999999986
halonotius pteroides	45.0	25.0		45.0	45.0	BacDive;ThermoBase	3	45.0	0.0
haloparvum alkalitolerans	47.5	20.0			47.5	ThermoBase	2	47.5	0.0
haloparvum sedimenti	42.0	25.0		42.0	42.0	ThermoBase	3	42.0	0.0
halopelagius fulvigenes	39.5	20.0					1	39.5	0.0
halopelagius longus	48.0	20.0		48.0	48.0	ThermoBase	3	48.0	0.0
halopenitus malekzadehii	40.0	30.0		40.0	40.0	ThermoBase	3	40.0	0.0
halopenitus persicus	40.0	25.0		39.75	40.0	ThermoBase	3	39.916666666666664	0.25
halopenitus persicus_a				40.0			1	40.0	0.0
halopeptonella vilamensis	27.5	10.0					1	27.5	0.0
halopiger aswanensis					40.0	BacDive	1	40.0	0.0
halopiger djelfimassiliensis	40.0	37.0					1	40.0	0.0
halopiger goleimassiliensis	55.0	40.0			55.0	ThermoBase	2	55.0	0.0
halopiger salifodinae	41.0	25.0					1	41.0	0.0
halopiger thermotolerans	45.0	35.0			45.0	ThermoBase	2	45.0	0.0
haloplanus aerogenes	38.5	25.0		38.5			2	38.5	0.0
haloplanus natans	40.0	37.0		40.0	40.0	BacDive	3	40.0	0.0
haloplanus vescus	40.0	30.0		40.0	40.0	ThermoBase	3	40.0	0.0
haloplasma contractile	33.5	10.0	34.0				2	33.75	0.5
halopolyspora alba	45.0	20.0			45.0	ThermoBase	2	45.0	0.0
haloprofundus marisrubri	34.0	15.0		34.0			2	34.0	0.0
haloquadratum walsbyi	45.0	25.0		45.0	45.0	ThermoBase	3	45.0	0.0
halorhabdus rudnickae	40.0	20.0		40.0	40.0	ThermoBase	3	40.0	0.0
halorhabdus tiamatea	45.0	15.0	45.0	45.0	45.0	BacDive;ThermoBase	4	45.0	0.0
halorhabdus utahensis	50.0	17.0		50.0	50.0	ThermoBase	3	50.0	0.0
halorhodospira halochloris			31.0		48.5	ThermoBase	2	39.75	17.5
halorhodospira halophila				47.0	42.75	Lyubetsky et al., 2020;ThermoBase	2	44.875	4.25
halorientalis persicus	40.0	30.0		40.0	40.0	ThermoBase	3	40.0	0.0
halorubrum aethiopicum	41.0	30.0		41.0	41.0	ThermoBase	3	41.0	0.0
halorubrum aidingense	41.0	25.0		41.0	41.0	ThermoBase	3	41.0	0.0
halorubrum alkaliphilum	38.0	20.0		38.0			2	38.0	0.0
halorubrum amylolyticum	38.0	28.0		38.0			2	38.0	0.0
halorubrum aquaticum	37.5	25.0		37.5			2	37.5	0.0
halorubrum arcis	42.0	25.0			42.0	ThermoBase	2	42.0	0.0
halorubrum californiense					37.0	BacDive	1	37.0	0.0
halorubrum cibi	33.5	17.0		33.5			2	33.5	0.0
halorubrum coriense	50.0	30.0			50.0	ThermoBase	2	50.0	0.0
halorubrum depositum	38.0	25.0		38.0			2	38.0	0.0
halorubrum distributum	45.0	26.0	34.0	42.9165	45.0	ThermoBase	4	41.729124999999996	11.0
halorubrum ezzemoulense	38.5	22.0		38.5			2	38.5	0.0
halorubrum gandharaense	45.0	15.0			45.0	ThermoBase	2	45.0	0.0
halorubrum glutamatedens	42.0	20.0			42.0	ThermoBase	2	42.0	0.0
halorubrum halophilum	37.5	20.0		37.5			2	37.5	0.0
halorubrum lacusprofundi	36.0	4.0	34.8	34.0	33.5	Lyubetsky et al., 2020	4	34.575	2.5
halorubrum lipolyticum	46.5	25.0		46.5	46.5	ThermoBase	3	46.5	0.0
halorubrum litoreum	39.5	20.0					1	39.5	0.0
halorubrum luteum	35.0	17.0			35.0	BacDive	2	35.0	0.0
halorubrum orientale	40.0	25.0			40.0	ThermoBase	2	40.0	0.0
halorubrum pallidum	38.0	25.0					1	38.0	0.0
halorubrum saccharovorum	50.0	30.0	45.0	50.0	50.0	ThermoBase	4	48.75	5.0
halorubrum salsamenti	42.0	25.0		42.0	42.0	ThermoBase	3	42.0	0.0
halorubrum sodomense	40.0	20.0		40.0	40.0	ThermoBase	3	40.0	0.0
halorubrum tebenquichense	40.0	35.0	40.0	40.833333333333336	40.0	ThermoBase	4	40.208333333333336	0.8333333333333357
halorubrum terrestre	41.0	28.0			41.0	ThermoBase	2	41.0	0.0
halorubrum tibetense	38.5	22.0					1	38.5	0.0
halorubrum trueperi	43.5	25.0			43.5	ThermoBase	2	43.5	0.0
halorubrum vacuolatum	40.0	20.0		38.75	40.0	ThermoBase	3	39.583333333333336	1.25
halorubrum xinjiangense	40.0	10.0		40.0			2	40.0	0.0
halorubrum yunnanense	43.5	25.0			43.5	ThermoBase	2	43.5	0.0
halosiccatus urmianus	45.0	25.0					1	45.0	0.0
halosimplex carlsbadense	38.5	22.0	39.0	38.16666666666666			3	38.55555555555555	0.8333333333333428
halosimplex litoreum	40.0	25.0		40.0	40.0	ThermoBase	3	40.0	0.0
halosimplex pelagicum	42.0	25.0		42.0	42.0	ThermoBase	3	42.0	0.0
halosimplex rubrum	42.0	25.0		42.0	42.0	ThermoBase	3	42.0	0.0
halostagnicola kamekurae					30.0	BacDive	1	30.0	0.0
halostagnicola larsenii					37.0	BacDive	1	37.0	0.0
halostella salina	40.0	20.0		40.0	40.0	ThermoBase	3	40.0	0.0
halotalea alkalilenta	34.5	5.0	29.0				2	31.75	5.5
haloterrigena daqingensis	35.0	20.0					1	35.0	0.0
haloterrigena hispanica	50.0	37.0	40.0				2	45.0	10.0
haloterrigena jeotgali	41.0	17.0					1	41.0	0.0
haloterrigena limicola	47.5	30.0					1	47.5	0.0
haloterrigena longa	43.0	30.0					1	43.0	0.0
haloterrigena mahii	50.0	35.0					1	50.0	0.0
haloterrigena saccharevitans	43.5	24.0					1	43.5	0.0
haloterrigena salifodinae					42.0	ThermoBase	1	42.0	0.0
haloterrigena salina					37.0	BacDive	1	37.0	0.0
haloterrigena sp.			35.0				1	35.0	0.0
haloterrigena thermotolerans	50.0	25.0					1	50.0	0.0
haloterrigena turkmenica	51.0	29.0	51.0	51.0	48.0	Lyubetsky et al., 2020;ThermoBase	4	50.25	3.0
halothermothrix orenii	60.0	45.0		60.0	60.0	Lyubetsky et al., 2020;ThermoBase	3	60.0	0.0
halothiobacillus kellyi	39.5	4.0					1	39.5	0.0
halothiobacillus neapolitanus			29.0	32.14285714285715	30.0	Lyubetsky et al., 2020	3	30.380952380952383	3.142857142857153
halovarius luteus	45.0	25.0					1	45.0	0.0
halovenus aranensis	40.0	25.0		40.0	40.0	ThermoBase	3	40.0	0.0
halovenus rubra	42.0	25.0			42.0	ThermoBase	2	42.0	0.0
halovibrio variabilis			29.0				1	29.0	0.0
halovivax cerinus	40.0	30.0			40.0	ThermoBase	2	40.0	0.0
halovivax limisalsi	35.0	25.0					1	35.0	0.0
halovulum dunhuangense	33.5	10.0		33.5			2	33.5	0.0
halpernia humi					27.5	BacDive	1	27.5	0.0
hamadaea tsunoensis			27.0		28.0	BacDive	2	27.5	1.0
hansschlegelia plantiphila	29.0	12.0					1	29.0	0.0
hansschlegelia zhihuaiae					27.5	BacDive	1	27.5	0.0
hanstruepera crassostreae	33.0	4.0					1	33.0	0.0
hapalosiphon welwitschii			22.0				1	22.0	0.0
harryflintia acetispora	39.0	20.0		39.0			2	39.0	0.0
hathewaya histolytica					37.0	BacDive	1	37.0	0.0
hathewaya limosa					37.0	BacDive	1	37.0	0.0
hazenella coriacea	43.5	22.0		43.5	43.5	ThermoBase	3	43.5	0.0
helcobacillus massiliensis			31.0		32.5	BacDive	2	31.75	1.5
helcococcus kunzii			34.0				1	34.0	0.0
helicobacter bilis					37.0	Lyubetsky et al., 2020	1	37.0	0.0
helicobacter cinaedi					37.0	Lyubetsky et al., 2020	1	37.0	0.0
helicobacter felis					37.0	Lyubetsky et al., 2020	1	37.0	0.0
helicobacter heilmannii					37.0	BacDive	1	37.0	0.0
helicobacter hepaticus			46.0		37.0	Lyubetsky et al., 2020	2	41.5	9.0
helicobacter mustelae					37.0	Lyubetsky et al., 2020	1	37.0	0.0
helicobacter pylori					37.0	Lyubetsky et al., 2020	1	37.0	0.0
helicobacter typhlonius					37.0	Lyubetsky et al., 2020	1	37.0	0.0
helicobacter_e cynogastricus				33.5			1	33.5	0.0
heliobacillus mobilis			40.1				1	40.1	0.0
heliobacterium chlorum	38.5	20.0	35.0	38.5			3	37.333333333333336	3.5
heliobacterium modesticaldum	52.0	30.0	51.0				2	51.5	1.0
heliomicrobium modesticaldum					52.0	Lyubetsky et al., 2020;ThermoBase	1	52.0	0.0
heliorestis acidaminivorans	27.5	18.0		27.5			2	27.5	0.0
heliothrix oregonensis	47.5	35.0			47.5	ThermoBase	2	47.5	0.0
hellea balneolensis					30.0	BacDive	1	30.0	0.0
henriciella aquimarina				31.0			1	31.0	0.0
henriciella litoralis	27.5	15.0		27.5	27.5	BacDive	3	27.5	0.0
henriciella marina	20.0	10.0		20.0			2	20.0	0.0
herbaspirillum aquaticum	27.5	10.0	29.0				2	28.25	1.5
herbaspirillum autotrophicum			29.0				1	29.0	0.0
herbaspirillum chlorophenolicum			29.0				1	29.0	0.0
herbaspirillum frisingense			35.0		32.0	Lyubetsky et al., 2020	2	33.5	3.0
herbaspirillum huttiense			27.0				1	27.0	0.0
herbaspirillum lusitanum			29.0				1	29.0	0.0
herbaspirillum rhizosphaerae	27.5	4.0	27.0				2	27.25	0.5
herbaspirillum robiniae	27.5	4.0					1	27.5	0.0
herbaspirillum rubrisubalbicans					32.0	Lyubetsky et al., 2020	1	32.0	0.0
herbaspirillum seropedicae					32.0	Lyubetsky et al., 2020	1	32.0	0.0
herbiconiux flava					28.0	BacDive	1	28.0	0.0
herbiconiux ginsengi			29.0		28.0	BacDive	2	28.5	1.0
herbiconiux moechotypicola					25.0	BacDive	1	25.0	0.0
herbiconiux solani				25.5			1	25.5	0.0
herbidospora daliensis				29.0			1	29.0	0.0
herbidospora mongoliensis				27.75			1	27.75	0.0
herbinix hemicellulosilytica	55.0	45.0			55.0	ThermoBase	2	55.0	0.0
herbinix luporum	55.0	40.0	55.0		55.0	ThermoBase	3	55.0	0.0
herbivorax saccincola	60.0	45.0	55.0	57.5			3	57.5	5.0
herminiimonas arsenicoxydans			29.0				1	29.0	0.0
herminiimonas contaminans	27.5	15.0		27.5			2	27.5	0.0
herminiimonas glaciei			29.0				1	29.0	0.0
herminiimonas sp.			9.2				1	9.2	0.0
herpetosiphon aurantiacus			26.0				1	26.0	0.0
herpetosiphon geysericola			27.0				1	27.0	0.0
hespellia porcina					37.0	BacDive	1	37.0	0.0
hespellia stercorisuis					37.0	BacDive	1	37.0	0.0
heyndrickxia acidicola					30.0	BacDive	1	30.0	0.0
heyndrickxia coagulans					51.75	Lyubetsky et al., 2020;ThermoBase	1	51.75	0.0
heyndrickxia oleronia					37.0	BacDive	1	37.0	0.0
heyndrickxia shackletonii					37.0	BacDive	1	37.0	0.0
heyndrickxia sporothermodurans					37.0	BacDive	1	37.0	0.0
hippea alviniae	60.0	45.0	65.0	61.66666666666666	60.0	BacDive;ThermoBase	4	61.666666666666664	5.0
hippea jasoniae	62.5	40.0	65.0		62.5	BacDive;ThermoBase	3	63.333333333333336	2.5
hippea maritima	53.0	40.0	55.0	54.111	53.25	Lyubetsky et al., 2020;ThermoBase	4	53.84025	2.0
hippea_a jasoniae				62.5			1	62.5	0.0
hirschia baltica					25.0	Lyubetsky et al., 2020	1	25.0	0.0
hirschia maritima					30.0	BacDive	1	30.0	0.0
histophilus somni				36.0			1	36.0	0.0
hoeflea halophila	26.5	15.0		26.5			2	26.5	0.0
hoeflea marina			27.0				1	27.0	0.0
hoeflea phototrophica	31.0	15.0		31.0			2	31.0	0.0
homoserinibacter gongjuensis	29.0	15.0					1	29.0	0.0
hoyosella altamirensis			29.0				1	29.0	0.0
hoyosella rhizosphaerae	32.5	20.0		32.5			2	32.5	0.0
huanghella arctica	21.0	4.0					1	21.0	0.0
humibacillus xanthopallidus	29.5	7.0		29.5	27.0	BacDive	3	28.666666666666668	2.5
humibacter albus					29.0	BacDive	1	29.0	0.0
humidesulfovibrio arcticus					24.0	BacDive	1	24.0	0.0
humidesulfovibrio idahonensis					28.0	BacDive	1	28.0	0.0
hwanghaeicola aestuarii	27.5	15.0					1	27.5	0.0
hyalangium minutum				28.2857142857143			1	28.2857142857143	0.0
hydrocarboniphaga daqingensis	22.5	10.0		22.5			2	22.5	0.0
hydrocarboniphaga effusa			29.0				1	29.0	0.0
hydrococcus rivularis			20.0				1	20.0	0.0
hydrogenibacillus schlegelii			60.5		72.5	BacDive	2	66.5	12.0
hydrogenimonas thermophila	55.0	35.0	55.0		55.0	ThermoBase	3	55.0	0.0
hydrogenispora ethanolica	41.0	20.0			41.0	ThermoBase	2	41.0	0.0
hydrogenivirga caldilitoris	75.0	55.0	75.1	75.0	75.0	BacDive;ThermoBase	4	75.025	0.09999999999999432
hydrogenivirga okinawensis	72.5	65.0	72.0		72.5	BacDive;ThermoBase	3	72.33333333333333	0.5
hydrogenobacter halophilus	70.0	60.0			70.0	ThermoBase	2	70.0	0.0
hydrogenobacter hydrogenophilus	75.0	50.0	68.45	73.5			3	72.31666666666666	6.549999999999997
hydrogenobacter subterraneus	78.0	60.0	77.9		78.0	ThermoBase	3	77.96666666666667	0.09999999999999432
hydrogenobacter thermophilus	72.5	50.0	70.0	71.389	72.5	Lyubetsky et al., 2020;ThermoBase	4	71.59725	2.5
hydrogenobaculum acidophilum	65.0	45.0	64.9		65.0	ThermoBase	3	64.96666666666667	0.09999999999999432
hydrogenobaculum sp.					65.0	aciDB	1	65.0	0.0
hydrogenobaculum sp000020785				58.0			1	58.0	0.0
hydrogenobaculum sp000213785				58.0			1	58.0	0.0
hydrogenophaga atypica			29.0				1	29.0	0.0
hydrogenophaga bisanensis	33.5	15.0					1	33.5	0.0
hydrogenophaga caeni					30.0	BacDive	1	30.0	0.0
hydrogenophaga defluvii			29.0				1	29.0	0.0
hydrogenophaga intermedia			27.0				1	27.0	0.0
hydrogenophaga laconesensis	26.5	15.0		26.5			2	26.5	0.0
hydrogenophaga luteola	32.5	18.0					1	32.5	0.0
hydrogenophaga palleronii			29.0				1	29.0	0.0
hydrogenophaga pseudoflava			32.5	32.5			2	32.5	0.0
hydrogenophilus hirschii	63.0	50.0	61.25		63.0	ThermoBase	3	62.416666666666664	1.75
hydrogenophilus islandicus	55.0	35.0	50.0		55.0	BacDive;ThermoBase	3	53.333333333333336	5.0
hydrogenophilus thermoluteolus			50.0				1	50.0	0.0
hydrogenothermus marinus	65.0	45.0	65.0	65.0	65.0	ThermoBase	4	65.0	0.0
hydrogenovibrio crunogenus			24.0		30.0	Lyubetsky et al., 2020	2	27.0	6.0
hydrogenovibrio kuenenii	31.0	4.0		31.0			2	31.0	0.0
hydrogenovibrio thermophilus	37.5	15.0	40.0	37.5			3	38.333333333333336	2.5
hydrotalea sandarakina	45.0	25.0	45.0	45.0	45.0	ThermoBase	4	45.0	0.0
hylemonella gracilis			26.0				1	26.0	0.0
hymenobacter aquatilis	27.5	10.0					1	27.5	0.0
hymenobacter arcticus	21.0	4.0					1	21.0	0.0
hymenobacter cavernae	15.0	4.0					1	15.0	0.0
hymenobacter daecheongensis				17.0	17.0	BacDive	2	17.0	0.0
hymenobacter defluvii	14.0	10.0					1	14.0	0.0
hymenobacter frigidus	12.5	5.0					1	12.5	0.0
hymenobacter glacieicola	10.0	4.0					1	10.0	0.0
hymenobacter latericoloratus	27.5	5.0					1	27.5	0.0
hymenobacter luteus	27.5	5.0					1	27.5	0.0
hymenobacter nivis	15.0	0.0					1	15.0	0.0
hymenobacter paludis	20.0	10.0					1	20.0	0.0
hymenobacter psychrophilus	5.5	1.0	20.0				2	12.75	14.5
hymenobacter psychrotolerans	18.0	4.0	22.0	19.33333333333333	18.0	BacDive	4	19.333333333333332	4.0
hymenobacter rivuli	27.5	20.0					1	27.5	0.0
hymenobacter roseosalivarius			12.0	9.0			2	10.5	3.0
hymenobacter ruber	22.5	4.0					1	22.5	0.0
hymenobacter rubripertinctus	20.0	4.0					1	20.0	0.0
hymenobacter sp.			26.0				1	26.0	0.0
hymenobacter terrae	27.5	12.0					1	27.5	0.0
hypericibacter adhaerens	34.5	24.0		34.5			2	34.5	0.0
hyperthermus butylicus	100.5	72.0	103.0		107.25	Lyubetsky et al., 2020;ThermoBase	3	103.58333333333333	6.75
hyperthermus hephaesti	91.0	82.0			91.0	ThermoBase	2	91.0	0.0
hyphobacterium vulgare	35.0	10.0					1	35.0	0.0
hyphomicrobium denitrificans			29.0		30.0	Lyubetsky et al., 2020	2	29.5	1.0
hyphomicrobium methylovorum			29.0				1	29.0	0.0
hyphomicrobium nitrativorans	32.5	15.0		31.875			2	32.1875	0.625
hyphomicrobium sp.			29.0				1	29.0	0.0
hyphomicrobium vulgare			29.0				1	29.0	0.0
hyphomonas adhaerens			26.0				1	26.0	0.0
hyphomonas atlantica	31.0	10.0		31.0			2	31.0	0.0
hyphomonas beringensis	27.5	4.0		27.5			2	27.5	0.0
hyphomonas chukchiensis	27.5	10.0		27.5			2	27.5	0.0
hyphomonas johnsonii			26.0				1	26.0	0.0
hyphomonas neptunium			26.0	26.0	33.5	Lyubetsky et al., 2020	3	28.5	7.5
hyphomonas polymorpha			33.0	35.0			2	34.0	2.0
hyphomonas rosenbergii			27.0				1	27.0	0.0
hyphomonas sp.			26.0				1	26.0	0.0
hypnocyclicus thermotrophus	48.0	20.0			48.0	ThermoBase	2	48.0	0.0
hyunsoonleella jejuensis	32.5	15.0			32.5	BacDive	2	32.5	0.0
hyunsoonleella rubra	33.0	15.0					1	33.0	0.0
ichthyobacterium seriolicida	26.0	18.0		26.0			2	26.0	0.0
ideonella dechloratans			34.0				1	34.0	0.0
idiomarina abyssalis	21.0	4.0					1	21.0	0.0
idiomarina andamanensis	31.5	15.0					1	31.5	0.0
idiomarina baltica	32.0	8.0		33.5			2	32.75	1.5
idiomarina fontislapidosi	32.0	4.0		32.0	32.0	BacDive	3	32.0	0.0
idiomarina homiensis			29.0				1	29.0	0.0
idiomarina indica	36.0	12.0					1	36.0	0.0
idiomarina insulisalsae	38.5	10.0					1	38.5	0.0
idiomarina marina	32.5	10.0					1	32.5	0.0
idiomarina piscisalsi	33.5	25.0					1	33.5	0.0
idiomarina planktonica	32.5	4.0					1	32.5	0.0
idiomarina ramblicola	32.0	14.0		32.0	32.0	BacDive	3	32.0	0.0
idiomarina sediminum	35.0	13.0					1	35.0	0.0
idiomarina seosinensis	32.5	4.0	29.0	32.5			3	31.333333333333332	3.5
idiomarina tainanensis	32.5	10.0					1	32.5	0.0
idiomarina taiwanensis	32.5	15.0					1	32.5	0.0
idiomarina woesei	33.5	10.0					1	33.5	0.0
idiomarina zobellii	21.0	4.0					1	21.0	0.0
ignatzschineria larvae	32.5	4.0	33.0				2	32.75	0.5
ignavibacterium album	45.0	30.0	45.0	45.0	45.0	ThermoBase	4	45.0	0.0
ignicoccus hospitalis	90.0	73.0	90.0		90.0	BacDive;ThermoBase	3	90.0	0.0
ignicoccus islandicus	90.0	70.0	90.0		90.0	BacDive;Lyubetsky et al., 2020;ThermoBase	3	90.0	0.0
ignicoccus pacificus	90.0	75.0	90.0		90.0	BacDive;ThermoBase	3	90.0	0.0
ignisphaera aggregans	93.5	85.0	92.0	93.0	93.5	ThermoBase	4	93.0	1.5
ilyobacter delafieldii	40.0	10.0			40.0	ThermoBase	2	40.0	0.0
ilyobacter polytropus					30.0	Lyubetsky et al., 2020	1	30.0	0.0
ilyomonas limi	29.0	10.0		29.0			2	29.0	0.0
imcc26134_a sp000972765				20.0			1	20.0	0.0
imhoffiella bheemlica			27.0		27.5	BacDive	2	27.25	0.5
immundisolibacter cernigliae	29.0	20.0		29.0			2	29.0	0.0
imtechella halotolerans	33.5	20.0		33.5	33.5	BacDive	3	33.5	0.0
indibacter alkaliphilus	33.5	15.0		32.625			2	33.0625	0.875
inhella inkyongensis			27.0				1	27.0	0.0
inmirania thermothiophila	65.0	35.0	65.0	65.0	65.0	ThermoBase	4	65.0	0.0
inordinaticella fortuita			26.0				1	26.0	0.0
inquilinus limosus			32.0				1	32.0	0.0
insolitispirillum peregrinum			27.5	32.0			2	29.75	4.5
intrasporangium calvum				34.0	30.25	BacDive;Lyubetsky et al., 2020	2	32.125	3.75
intrasporangium chromatireducens					37.0	BacDive	1	37.0	0.0
intrasporangium mesophilum					28.0	BacDive	1	28.0	0.0
intrasporangium oryzae			32.0		24.0	BacDive	2	28.0	8.0
iodobacter arcticus	18.0	4.0	20.0				2	19.0	2.0
iodobacter fluviatilis			26.0				1	26.0	0.0
iodobacter limnosediminis	18.0	4.0	20.0				2	19.0	2.0
isoptericola dokdonensis					30.0	Lyubetsky et al., 2020	1	30.0	0.0
isoptericola hypogeus			29.0				1	29.0	0.0
isoptericola jiangsuensis			29.0				1	29.0	0.0
isoptericola variabilis			29.0				1	29.0	0.0
isosphaera pallida	41.0	34.0	42.8		43.0	Lyubetsky et al., 2020;ThermoBase	3	42.266666666666666	2.0
izhakiella australiensis	27.5	10.0		27.5			2	27.5	0.0
jahnella thaxteri			32.0				1	32.0	0.0
janibacter alkaliphilus	27.5	20.0		27.5			2	27.5	0.0
janibacter anophelis	35.0	20.0	29.0	35.0	35.0	BacDive	4	33.5	6.0
janibacter corallicola	29.5	16.0		29.5			2	29.5	0.0
janibacter indicus	29.0	15.0		29.0			2	29.0	0.0
janibacter limosus			29.0		28.0	BacDive	2	28.5	1.0
janibacter melonis					29.0	BacDive	1	29.0	0.0
janibacter sp.			24.0				1	24.0	0.0
janibacter terrae				28.58333333333335	28.0	BacDive	2	28.291666666666675	0.5833333333333499
jannaschia helgolandensis			29.0				1	29.0	0.0
jannaschia rubra				14.5			1	14.5	0.0
jannaschia seosinensis	32.5	5.0					1	32.5	0.0
janthinobacterium agaricidamnosum			26.0				1	26.0	0.0
janthinobacterium lividum			26.0				1	26.0	0.0
janthinobacterium lividum_d				20.0			1	20.0	0.0
jatrophihabitans huperziae	32.0	10.0					1	32.0	0.0
jatrophihabitans soli	29.0	15.0					1	29.0	0.0
jejuia pallidilutea	27.5	15.0		27.5	27.5	BacDive	3	27.5	0.0
jeongeupia chitinilytica	27.5	20.0		27.5			2	27.5	0.0
jeotgalibacillus alimentarius	32.5	10.0		32.5			2	32.5	0.0
jeotgalibacillus alkaliphilus	32.5	25.0					1	32.5	0.0
jeotgalibacillus campisalis					30.0	BacDive	1	30.0	0.0
jeotgalibacillus marinus			11.0				1	11.0	0.0
jeotgalibacillus salarius					30.0	BacDive	1	30.0	0.0
jeotgalibacillus soli				33.5			1	33.5	0.0
jeotgalicoccus halophilus	32.5	4.0					1	32.5	0.0
jeotgalicoccus halotolerans	32.5	4.0	29.0	32.5			3	31.333333333333332	3.5
jeotgalicoccus huakuii	32.5	5.0					1	32.5	0.0
jeotgalicoccus marinus	27.5	10.0					1	27.5	0.0
jeotgalicoccus nanhaiensis	32.5	4.0		32.5			2	32.5	0.0
jeotgalicoccus psychrophilus	22.5	4.0	29.0	22.5			3	24.666666666666668	6.5
jhaorihella thermophila	41.0	25.0		41.0	41.0	ThermoBase	3	41.0	0.0
jiangella gansuensis			29.0				1	29.0	0.0
jiangella muralis				27.75			1	27.75	0.0
jiella aquimaris	32.5	4.0					1	32.5	0.0
jiulongibacter sediminis	27.5	15.0		27.5			2	27.5	0.0
jonesia denitrificans			33.0	33.5	33.5	BacDive;Lyubetsky et al., 2020	3	33.333333333333336	0.5
jonesia luteola	32.5	5.0					1	32.5	0.0
jonesia quinghaiensis			29.0		26.5	BacDive	2	27.75	2.5
jongsikchunia kroppenstedtii				27.5			1	27.5	0.0
kaistella haifensis					32.0	BacDive	1	32.0	0.0
kaistella palustris					30.0	BacDive	1	30.0	0.0
kaistella treverensis					20.0	BacDive	1	20.0	0.0
kaistia adipata			31.0				1	31.0	0.0
kaistia granuli				24.0			1	24.0	0.0
kaistia hirudinis	27.5	15.0		27.5			2	27.5	0.0
kaistia soli	29.0	5.0		29.0			2	29.0	0.0
kallotenue papyrolyticum	55.0	45.0	55.0		55.0	ThermoBase	3	55.0	0.0
kamptonema animale			20.0				1	20.0	0.0
kamptonema laetevirens			20.0				1	20.0	0.0
kandeliimicrobium roseum	31.0	8.0					1	31.0	0.0
kandleria vitulina			32.0				1	32.0	0.0
kangiella aquimarina				33.5	33.5	BacDive	2	33.5	0.0
kangiella japonica	31.5	4.0					1	31.5	0.0
kangiella koreensis	33.5	4.0		33.5	33.5	BacDive	3	33.5	0.0
kangiella marina	27.5	15.0					1	27.5	0.0
kangiella profundi	39.5	10.0		39.5			2	39.5	0.0
kangiella sediminilitoris	33.5	10.0		32.625			2	33.0625	0.875
kangiella spongicola			29.0	29.5	29.5	BacDive	3	29.333333333333332	0.5
kangiella taiwanensis	27.5	15.0					1	27.5	0.0
keratinibaculum paraultunense	55.0	30.0	55.0	55.0			3	55.0	0.0
kerstersia gyiorum			35.0				1	35.0	0.0
ketogulonicigenium robustum					29.0	Lyubetsky et al., 2020	1	29.0	0.0
ketogulonicigenium vulgare					29.0	Lyubetsky et al., 2020	1	29.0	0.0
kibdelosporangium aridum				28.5			1	28.5	0.0
kiloniella laminariae			20.0				1	20.0	0.0
kineococcus aurantiacus			29.0				1	29.0	0.0
kineococcus glutinatus	32.5	12.0					1	32.5	0.0
kineococcus gynurae	26.5	14.0					1	26.5	0.0
kineococcus mangrovi	26.0	17.0					1	26.0	0.0
kineococcus radiotolerans				30.8			1	30.8	0.0
kineococcus rhizosphaerae					28.0	BacDive	1	28.0	0.0
kineococcus xinjiangensis			31.0		32.5	BacDive	2	31.75	1.5
kineosphaera limosa					28.0	BacDive	1	28.0	0.0
kineosporia aurantiaca			27.0		28.0	BacDive	2	27.5	1.0
kineosporia babensis					19.0	BacDive	1	19.0	0.0
kineosporia mikuniensis			29.0		28.0	BacDive	2	28.5	1.0
kineosporia rhamnosa			29.0		28.0	BacDive	2	28.5	1.0
kineosporia rhizophila			29.0		28.0	BacDive	2	28.5	1.0
kineosporia succinea			29.0		28.0	BacDive	2	28.5	1.0
kineothrix alysoides	37.5	15.0		37.5			2	37.5	0.0
kingella denitrificans			33.0				1	33.0	0.0
kingella kingae			33.0	35.0			2	34.0	2.0
kitasatospora aburaviensis			27.0				1	27.0	0.0
kitasatospora albolonga			27.0				1	27.0	0.0
kitasatospora atroaurantiaca	26.0	10.0		26.0			2	26.0	0.0
kitasatospora aureofaciens			27.0				1	27.0	0.0
kitasatospora azatica			27.0				1	27.0	0.0
kitasatospora cineracea			29.0				1	29.0	0.0
kitasatospora cinereorecta			27.0				1	27.0	0.0
kitasatospora gansuensis	26.5	6.0		26.5			2	26.5	0.0
kitasatospora herbaricolor			27.0				1	27.0	0.0
kitasatospora kifunensis			27.0				1	27.0	0.0
kitasatospora mediocidica			26.5				1	26.5	0.0
kitasatospora misakiensis			27.0				1	27.0	0.0
kitasatospora niigatensis			29.0				1	29.0	0.0
kitasatospora nipponensis	26.5	10.0					1	26.5	0.0
kitasatospora paranensis	26.5	10.0					1	26.5	0.0
kitasatospora psammotica			27.0				1	27.0	0.0
kitasatospora purpeofusca			27.0				1	27.0	0.0
kitasatospora putterlickiae			29.0				1	29.0	0.0
kitasatospora setae			27.0				1	27.0	0.0
kitasatospora tateyamensis				27.5			1	27.5	0.0
klebsiella aerogenes			33.0				1	33.0	0.0
klebsiella michiganensis	35.0	10.0	34.0	35.0			3	34.666666666666664	1.0
klebsiella oxytoca			34.0				1	34.0	0.0
klebsiella pneumoniae			36.0	35.693			2	35.8465	0.30700000000000216
klebsiella quasipneumoniae			34.0				1	34.0	0.0
klebsiella sp.			36.0				1	36.0	0.0
klebsiella variicola			29.0				1	29.0	0.0
klenkia marina	27.5	20.0		27.5			2	27.5	0.0
klugiella xanthotipulae					28.0	BacDive	1	28.0	0.0
kluyvera ascorbata			32.0				1	32.0	0.0
kluyvera cryocrescens			32.0	32.3333333333333			2	32.16666666666665	0.3333333333333002
kluyvera georgiana			29.0				1	29.0	0.0
kluyvera intermedia			31.0	29.0			2	30.0	2.0
knoellia aerolata					29.0	BacDive	1	29.0	0.0
knoellia flava					28.0	BacDive	1	28.0	0.0
knoellia sinensis			29.0				1	29.0	0.0
knoellia subterranea			29.0		28.0	BacDive	2	28.5	1.0
kocuria aegyptia			29.0		28.0	BacDive	2	28.5	1.0
kocuria arsenatis	32.5	20.0					1	32.5	0.0
kocuria atrinae	33.5	25.0			33.5	BacDive	2	33.5	0.0
kocuria dechangensis	35.0	4.0		35.0			2	35.0	0.0
kocuria gwangalliensis	27.0	10.0					1	27.0	0.0
kocuria halotolerans	32.5	10.0					1	32.5	0.0
kocuria himachalensis					30.0	BacDive	1	30.0	0.0
kocuria indica	29.0	10.0					1	29.0	0.0
kocuria koreensis			29.0				1	29.0	0.0
kocuria kristinae			32.5				1	32.5	0.0
kocuria marina				23.5	23.5	BacDive	2	23.5	0.0
kocuria oceani	26.5	4.0					1	26.5	0.0
kocuria palustris			29.0		28.0	BacDive	2	28.5	1.0
kocuria polaris	20.0	5.0	29.0		28.0	BacDive	3	25.666666666666668	9.0
kocuria rhizophila			31.0	31.0	28.0	BacDive	3	30.0	3.0
kocuria rosea			29.0	25.5	28.0	BacDive	3	27.5	3.5
kocuria salsicia	33.5	15.0		33.5	33.5	BacDive	3	33.5	0.0
kocuria varians			32.0		28.0	BacDive	2	30.0	4.0
kofleria flava			29.0				1	29.0	0.0
komagataeibacter hansenii			27.5	33.5			2	30.5	6.0
komagataeibacter rhaeticus			29.0				1	29.0	0.0
komagataeibacter sucrofermentans			29.0				1	29.0	0.0
komagataeibacter swingsii			29.0				1	29.0	0.0
komagataeibacter xylinus			27.0				1	27.0	0.0
kordia antarctica	20.0	4.0		20.0			2	20.0	0.0
kordia zhangzhouensis	31.5	15.0		31.5			2	31.5	0.0
kordia zosterae	27.5	10.0					1	27.5	0.0
kordiimonas aquimaris	20.0	11.0					1	20.0	0.0
kordiimonas gwangyangensis	38.5	17.0	36.0	37.333333333333336			3	37.27777777777778	2.5
kordiimonas lacus	33.5	10.0		33.5			2	33.5	0.0
kordiimonas sediminis	36.0	4.0		36.0			2	36.0	0.0
kosakonia arachidis			29.0		28.0	BacDive	2	28.5	1.0
kosakonia cowanii			35.0				1	35.0	0.0
kosakonia oryzae	32.5	10.0		32.5			2	32.5	0.0
kosakonia oryziphila	32.5	15.0					1	32.5	0.0
kosakonia radicincitans				29.0			1	29.0	0.0
kosakonia sacchari			29.0				1	29.0	0.0
kosakonia sp000410515				31.25			1	31.25	0.0
kosmotoga arenicorallina	60.0	50.0	57.55		60.0	ThermoBase	3	59.18333333333334	2.450000000000003
kosmotoga olearia	65.0	20.0	65.0	65.0	65.0	ThermoBase	4	65.0	0.0
kosmotoga pacifica	70.0	33.0	70.0		70.0	ThermoBase	3	70.0	0.0
kosmotoga shengliensis	65.0	45.0	65.0		65.0	ThermoBase	3	65.0	0.0
kosmotoga_b pacifica				70.0			1	70.0	0.0
kozakia baliensis					30.0	aciDB	1	30.0	0.0
krasilnikoviella muralis	27.5	4.0					1	27.5	0.0
kribbella aluminosa			29.0				1	29.0	0.0
kribbella antibiotica			29.0				1	29.0	0.0
kribbella flavida			29.0	28.25	29.0	Lyubetsky et al., 2020	3	28.75	0.75
kribbella jejuensis			29.0				1	29.0	0.0
kribbella karoonensis			29.0				1	29.0	0.0
kribbella koreensis			29.0				1	29.0	0.0
kribbella lupini			29.0				1	29.0	0.0
kribbella mirabilis	29.0	15.0					1	29.0	0.0
kribbella sandramycini	29.0	20.0	27.0	27.5			3	27.833333333333332	2.0
kribbella solani			29.0				1	29.0	0.0
kriegella aquimaris	26.5	4.0	27.0	26.5			3	26.666666666666668	0.5
kroppenstedtia eburnea	45.0	25.0	45.0	45.0	45.0	ThermoBase	4	45.0	0.0
kroppenstedtia guangzhouensis	50.0	30.0		50.0	50.0	ThermoBase	3	50.0	0.0
kroppenstedtia pulmonis			45.0				1	45.0	0.0
kroppenstedtia sanguinis			45.0				1	45.0	0.0
ktedonobacter racemifer	30.5	17.0					1	30.5	0.0
ktedonosporobacter rubrisoli	31.5	25.0					1	31.5	0.0
kurthia massiliensis				37.25			1	37.25	0.0
kurthia sibirica			27.0				1	27.0	0.0
kushneria aurantia					37.0	BacDive	1	37.0	0.0
kushneria avicenniae	32.5	12.0	29.0	32.5	32.5	BacDive	4	31.625	3.5
kushneria marisflavi	27.5	4.0		27.5			2	27.5	0.0
kushneria pakistanensis	31.5	10.0		31.5			2	31.5	0.0
kushneria sinocarnis					37.0	BacDive	1	37.0	0.0
kutzneria albida			27.0		37.0	Lyubetsky et al., 2020	2	32.0	10.0
kutzneria chonburiensis	27.5	20.0					1	27.5	0.0
kutzneria kofuensis			29.0				1	29.0	0.0
kutzneria viridogrisea			27.0				1	27.0	0.0
kyrpidia tusciae	55.0	47.0	52.5	51.111	55.0	ThermoBase;aciDB	4	53.40275	3.889000000000003
kytococcus schroeteri			32.0				1	32.0	0.0
kytococcus sedentarius					30.0	BacDive;Lyubetsky et al., 2020	1	30.0	0.0
labedaea rhizosphaerae	33.5	25.0		33.5			2	33.5	0.0
labedella endophytica	27.5	10.0		27.5			2	27.5	0.0
labedella gwakjiensis				27.5	27.5	BacDive	2	27.5	0.0
labedella phragmitis	29.0	10.0		29.0			2	29.0	0.0
labedella populi	31.0	10.0		31.0			2	31.0	0.0
labilibaculum filiforme	22.5	10.0		22.5			2	22.5	0.0
labrenzia aggregata			26.5				1	26.5	0.0
labrenzia alexandrii	26.0	15.0					1	26.0	0.0
labrenzia polysiphoniae	29.0	7.0					1	29.0	0.0
labrenzia suaedae	29.0	15.0					1	29.0	0.0
labrys methylaminiphilus	29.0	10.0	29.0				2	29.0	0.0
labrys miyagiensis			27.0				1	27.0	0.0
labrys monachus			29.0				1	29.0	0.0
labrys okinawensis	29.0	15.0	27.0	26.25			3	27.416666666666668	2.75
labrys wisconsinensis			27.0				1	27.0	0.0
laceyella putida	48.0	36.0	52.0		48.0	ThermoBase	3	49.333333333333336	4.0
laceyella sacchari			51.0				1	51.0	0.0
laceyella sediminis	55.0	28.0	55.0	55.0	55.0	ThermoBase	4	55.0	0.0
laceyella tengchongensis			55.0				1	55.0	0.0
laceyella thermophila	50.0	37.0			50.0	ThermoBase	2	50.0	0.0
lachnoclostridium phytofermentans					37.0	BacDive	1	37.0	0.0
lachnospira eligens					37.0	Lyubetsky et al., 2020	1	37.0	0.0
lachnospira multipara			38.0				1	38.0	0.0
lacibacter cauensis	32.5	20.0		32.5			2	32.5	0.0
lacimicrobium alkaliphilum	27.5	4.0					1	27.5	0.0
lacinutrix algicola	17.5	0.0					1	17.5	0.0
lacinutrix cladophorae	26.5	4.0					1	26.5	0.0
lacinutrix copepodicola	13.0	-2.0					1	13.0	0.0
lacinutrix himadriensis	18.0	4.0	20.0				2	19.0	2.0
lacinutrix jangbogonensis	10.0	4.0		10.0			2	10.0	0.0
lacinutrix mariniflava	17.5	0.0		17.5			2	17.5	0.0
lacinutrix sp000211855				17.5			1	17.5	0.0
lacrimispora saccharolytica					37.0	Lyubetsky et al., 2020	1	37.0	0.0
lacticaseibacillus nasuensis					40.0	ThermoBase	1	40.0	0.0
lacticigenium naphthae					30.0	BacDive	1	30.0	0.0
lactiplantibacillus fabifermentans					23.5	BacDive	1	23.5	0.0
lactobacillus acetotolerans				27.3333333333333			1	27.3333333333333	0.0
lactobacillus acidifarinae			34.0				1	34.0	0.0
lactobacillus acidipiscis			35.0				1	35.0	0.0
lactobacillus acidophilus			42.0	35.0			2	38.5	7.0
lactobacillus algidus			20.0				1	20.0	0.0
lactobacillus amylolyticus			43.0	45.0	46.5	Lyubetsky et al., 2020	3	44.833333333333336	3.5
lactobacillus amylophilus			31.0				1	31.0	0.0
lactobacillus amylotrophicus			32.0				1	32.0	0.0
lactobacillus amylovorus					37.0	BacDive	1	37.0	0.0
lactobacillus apinorum			35.0				1	35.0	0.0
lactobacillus apis			33.0				1	33.0	0.0
lactobacillus bifermentans			31.0				1	31.0	0.0
lactobacillus brevis			33.0				1	33.0	0.0
lactobacillus buchneri			35.0				1	35.0	0.0
lactobacillus casei			35.0				1	35.0	0.0
lactobacillus collinoides			26.5				1	26.5	0.0
lactobacillus composti			34.0				1	34.0	0.0
lactobacillus coryniformis			32.0				1	32.0	0.0
lactobacillus curvatus			31.0				1	31.0	0.0
lactobacillus delbrueckii			38.0				1	38.0	0.0
lactobacillus dextrinicus			29.0				1	29.0	0.0
lactobacillus diolivorans			34.0				1	34.0	0.0
lactobacillus equicursoris				35.0	35.0	BacDive	2	35.0	0.0
lactobacillus farciminis			32.0				1	32.0	0.0
lactobacillus farraginis			34.0				1	34.0	0.0
lactobacillus fermentum			35.0				1	35.0	0.0
lactobacillus frumenti			39.5				1	39.5	0.0
lactobacillus fuchuensis			20.0				1	20.0	0.0
lactobacillus gasseri				35.25			1	35.25	0.0
lactobacillus ghanensis			32.0				1	32.0	0.0
lactobacillus gigeriorum					37.0	BacDive	1	37.0	0.0
lactobacillus graminis			31.0				1	31.0	0.0
lactobacillus helsingborgensis			34.0				1	34.0	0.0
lactobacillus helveticus				44.125			1	44.125	0.0
lactobacillus hilgardii			33.0				1	33.0	0.0
lactobacillus hominis					37.0	BacDive	1	37.0	0.0
lactobacillus homohiochii			26.0				1	26.0	0.0
lactobacillus ingluviei			42.0				1	42.0	0.0
lactobacillus ixorae	33.5	1.0					1	33.5	0.0
lactobacillus johnsonii				32.333			1	32.333	0.0
lactobacillus kalixensis				35.0	35.0	BacDive	2	35.0	0.0
lactobacillus kefiranofaciens			31.0	28.6666666666667			2	29.83333333333335	2.3333333333333
lactobacillus kisonensis			34.0				1	34.0	0.0
lactobacillus koreensis	32.5	15.0					1	32.5	0.0
lactobacillus kosoi	27.0	18.0					1	27.0	0.0
lactobacillus kullabergensis			33.0				1	33.0	0.0
lactobacillus lindneri	23.5	15.0	27.0				2	25.25	3.5
lactobacillus malefermentans			29.0				1	29.0	0.0
lactobacillus mellifer			35.0				1	35.0	0.0
lactobacillus mellis			33.0				1	33.0	0.0
lactobacillus melliventris			34.0				1	34.0	0.0
lactobacillus micheneri	32.5	15.0					1	32.5	0.0
lactobacillus mindensis			32.0				1	32.0	0.0
lactobacillus modestisalitolerans	33.5	10.0					1	33.5	0.0
lactobacillus nantensis			32.0				1	32.0	0.0
lactobacillus nasuensis	40.0	10.0					1	40.0	0.0
lactobacillus nodensis			34.0				1	34.0	0.0
lactobacillus oeni			34.0				1	34.0	0.0
lactobacillus otakiensis			34.0				1	34.0	0.0
lactobacillus parabuchneri			29.0				1	29.0	0.0
lactobacillus paracasei			33.0				1	33.0	0.0
lactobacillus paracollinoides			26.0				1	26.0	0.0
lactobacillus parafarraginis			34.0				1	34.0	0.0
lactobacillus paralimentarius			30.0				1	30.0	0.0
lactobacillus paraplantarum			34.0				1	34.0	0.0
lactobacillus pasteurii				39.0	41.0	BacDive	2	40.0	2.0
lactobacillus pentosus			33.0				1	33.0	0.0
lactobacillus plajomi	32.5	15.0					1	32.5	0.0
lactobacillus plantarum			33.5				1	33.5	0.0
lactobacillus quenuiae	32.5	15.0					1	32.5	0.0
lactobacillus rapi			34.0				1	34.0	0.0
lactobacillus rennini			32.0				1	32.0	0.0
lactobacillus reuteri			36.0				1	36.0	0.0
lactobacillus rossiae			32.0				1	32.0	0.0
lactobacillus ruminis			35.0				1	35.0	0.0
lactobacillus sakei			32.0				1	32.0	0.0
lactobacillus sanfranciscensis			30.5				1	30.5	0.0
lactobacillus satsumensis			34.0				1	34.0	0.0
lactobacillus siliginis			34.0				1	34.0	0.0
lactobacillus similis			36.0				1	36.0	0.0
lactobacillus sp.			34.0				1	34.0	0.0
lactobacillus suebicus			31.0				1	31.0	0.0
lactobacillus sunkii			32.0				1	32.0	0.0
lactobacillus taiwanensis					37.0	BacDive	1	37.0	0.0
lactobacillus thermophilus			50.0				1	50.0	0.0
lactobacillus timberlakei	32.5	15.0					1	32.5	0.0
lactobacillus tucceti			32.0				1	32.0	0.0
lactobacillus ultunensis				33.5	33.5	BacDive	2	33.5	0.0
lactobacillus uvarum			35.0				1	35.0	0.0
lactobacillus vaccinostercus			31.0				1	31.0	0.0
lactobacillus wasatchensis	24.0	6.0					1	24.0	0.0
lactobacillus zymae			34.0				1	34.0	0.0
lactococcus chungangensis			34.0				1	34.0	0.0
lactococcus garvieae			32.0	32.95			2	32.475	0.9500000000000028
lactococcus lactis			32.0	30.1739130434783			2	31.08695652173915	1.8260869565216993
lactococcus sp.			26.0				1	26.0	0.0
lacunisphaera limnophila	32.0	13.0		32.0			2	32.0	0.0
lacunisphaera parvula	33.0	12.0					1	33.0	0.0
lamprocystis purpurea				24.0			1	24.0	0.0
lampropedia cohaerens			38.0				1	38.0	0.0
lampropedia hyalina				29.0			1	29.0	0.0
lancefieldella parvula				39.667	37.0	Lyubetsky et al., 2020	2	38.3335	2.6670000000000016
lapidilactobacillus concavus					33.5	BacDive	1	33.5	0.0
lapillicoccus jejuensis					29.0	BacDive	1	29.0	0.0
larsenimonas suaedae	35.0	5.0					1	35.0	0.0
lautropia mirabilis			35.0	35.0			2	35.0	0.0
lawsonia intracellularis					36.0	Lyubetsky et al., 2020	1	36.0	0.0
leadbettera azotonutricia					30.0	Lyubetsky et al., 2020	1	30.0	0.0
leadbetterella byssophila				30.667	30.0	BacDive	2	30.3335	0.6670000000000016
lebetimonas acidiphila	50.0	30.0	52.7		50.0	ThermoBase	3	50.9	2.700000000000003
lebetimonas natsushimae	55.0	35.0		55.0	55.0	ThermoBase	3	55.0	0.0
lebetimonas sp000523275				55.0			1	55.0	0.0
lechevalieria aerocolonigenes			26.5				1	26.5	0.0
lechevalieria flava			34.5				1	34.5	0.0
lechevalieria fradiae			29.0				1	29.0	0.0
lechevalieria nigeriaca	29.0	20.0					1	29.0	0.0
leclercia adecarboxylata			31.0				1	31.0	0.0
lederbergia ruris					35.0	BacDive	1	35.0	0.0
leeia oryzae	33.5	10.0	33.0				2	33.25	0.5
leeuwenhoekiella blandensis	29.0	10.0		29.75			2	29.375	0.75
leeuwenhoekiella marinoflava			23.5	22.0			2	22.75	1.5
leeuwenhoekiella palythoae				24.0			1	24.0	0.0
legionella adelaidensis			36.0				1	36.0	0.0
legionella anisa				38.5			1	38.5	0.0
legionella drancourtii				31.0			1	31.0	0.0
legionella dresdenensis			35.0		37.0	BacDive	2	36.0	2.0
legionella fairfieldensis			36.0				1	36.0	0.0
legionella geestiana			36.0				1	36.0	0.0
legionella massiliensis	32.0	25.0					1	32.0	0.0
legionella nautarum			36.0				1	36.0	0.0
legionella norrlandica	33.5	28.0		33.5			2	33.5	0.0
legionella pneumophila			35.0	35.7443181818182	31.25	BacDive;Lyubetsky et al., 2020	3	33.99810606060607	4.494318181818201
legionella santicrucis			34.0				1	34.0	0.0
legionella shakespearei			35.0				1	35.0	0.0
legionella steelei			35.0	35.0			2	35.0	0.0
legionella steigerwaltii			34.0				1	34.0	0.0
legionella waltersii			35.0				1	35.0	0.0
leifsonia aquatica			33.0		28.0	BacDive	2	30.5	5.0
leifsonia bigeumensis					28.0	BacDive	1	28.0	0.0
leifsonia naganoensis			29.0				1	29.0	0.0
leifsonia poae	26.0	4.0					1	26.0	0.0
leifsonia psychrotolerans	16.0	-6.0	16.0				2	16.0	0.0
leifsonia rubra	15.0	0.0	18.0				2	16.5	3.0
leifsonia shinshuensis			29.0				1	29.0	0.0
leifsonia soli					30.0	BacDive	1	30.0	0.0
leifsonia xyli			29.0		28.0	Lyubetsky et al., 2020	2	28.5	1.0
leisingera aquimarina			20.0	20.0			2	20.0	0.0
leisingera caerulea	24.0	4.0	20.0	23.0			3	22.333333333333332	4.0
leisingera methylohalidivorans			20.0	20.0			2	20.0	0.0
lelliottia amnigena			31.0				1	31.0	0.0
lelliottia nimipressuralis			29.0				1	29.0	0.0
leminorella grimontii			36.0				1	36.0	0.0
leminorella richardii			36.0				1	36.0	0.0
lentibacillus amyloliquefaciens	35.0	15.0		35.0			2	35.0	0.0
lentibacillus halodurans					30.0	BacDive	1	30.0	0.0
lentibacillus halophilus	33.5	15.0	32.0				2	32.75	1.5
lentibacillus jeotgali					37.0	BacDive	1	37.0	0.0
lentibacillus kapialis			32.0		37.0	BacDive	2	34.5	5.0
lentibacillus lacisalsi	31.0	15.0					1	31.0	0.0
lentibacillus persicus	32.5	15.0					1	32.5	0.0
lentibacillus salarius	32.5	15.0					1	32.5	0.0
lentibacillus salinarum	38.5	15.0	35.0				2	36.75	3.5
lentibacillus salis					37.0	BacDive	1	37.0	0.0
lentilactobacillus farraginis					30.0	BacDive	1	30.0	0.0
lentilactobacillus parafarraginis					28.5	BacDive	1	28.5	0.0
lentimicrobium saccharophilum	33.5	20.0		33.5			2	33.5	0.0
lentisphaera araneosa	18.0	4.0	23.0				2	20.5	5.0
lentisphaera marina	20.0	10.0					1	20.0	0.0
lentisphaera profundi	15.0	4.0					1	15.0	0.0
lentzea albida			29.0				1	29.0	0.0
lentzea albidocapillata			29.0				1	29.0	0.0
lentzea flaviverrucosa			29.0				1	29.0	0.0
lentzea guizhouensis	26.5	10.0		26.5			2	26.5	0.0
lentzea jiangxiensis	24.0	10.0		24.0			2	24.0	0.0
lentzea kentuckyensis			29.0	23.5			2	26.25	5.5
lentzea xinjiangensis				27.5			1	27.5	0.0
leptolinea tardivitalis					37.0	BacDive	1	37.0	0.0
leptolyngbya boryana			22.0				1	22.0	0.0
leptolyngbya ectocarpi			22.0				1	22.0	0.0
leptolyngbya foveolarum			20.0				1	20.0	0.0
leptolyngbya fragilis			22.0				1	22.0	0.0
leptolyngbya lurida			21.0				1	21.0	0.0
leptolyngbya ramosa			20.0				1	20.0	0.0
leptolyngbya sp.			32.0				1	32.0	0.0
leptolyngbya tenuis			20.0				1	20.0	0.0
leptonema illini			29.0	29.0			2	29.0	0.0
leptospira alexanderi			29.0				1	29.0	0.0
leptospira biflexa			29.0				1	29.0	0.0
leptospira borgpetersenii			29.0		30.0	Lyubetsky et al., 2020	2	29.5	1.0
leptospira fainei			32.0				1	32.0	0.0
leptospira inadai			29.0				1	29.0	0.0
leptospira interrogans			29.0	28.962	30.0	Lyubetsky et al., 2020	3	29.320666666666668	1.0380000000000003
leptospira kirschneri			29.0				1	29.0	0.0
leptospira meyeri			29.0				1	29.0	0.0
leptospira noguchii			29.0	29.0			2	29.0	0.0
leptospira santarosai			29.0	29.0	30.0	Lyubetsky et al., 2020	3	29.333333333333332	1.0
leptospira weilii			29.0				1	29.0	0.0
leptospira_b licerasiae				29.0			1	29.0	0.0
leptospirillum ferriphilum			39.6		40.0	aciDB	2	39.8	0.3999999999999986
leptospirillum ferrodiazotrophum					39.5	aciDB	1	39.5	0.0
leptospirillum ferrooxidans	33.5	10.0	33.0		31.75	Lyubetsky et al., 2020;aciDB	3	32.75	1.75
leptospirillum rubarum					41.0	aciDB	1	41.0	0.0
leptospirillum sp.			32.0		40.0	aciDB	2	36.0	8.0
leptothrix cholodnii			23.0				1	23.0	0.0
leptothrix discophora			24.0				1	24.0	0.0
leptotrichia buccalis					36.0	Lyubetsky et al., 2020	1	36.0	0.0
leptotrichia hofstadii				37.333			1	37.333	0.0
leptotrichia shahii				37.667			1	37.667	0.0
leucobacter aerolatus			29.0				1	29.0	0.0
leucobacter albus			29.0		30.0	BacDive	2	29.5	1.0
leucobacter alluvii			29.0		30.0	BacDive	2	29.5	1.0
leucobacter aridicollis			29.0		28.0	BacDive	2	28.5	1.0
leucobacter chironomi					29.0	BacDive	1	29.0	0.0
leucobacter chromiireducens					28.0	BacDive	1	28.0	0.0
leucobacter chromiiresistens				33.5			1	33.5	0.0
leucobacter iarius			29.0		29.0	BacDive	2	29.0	0.0
leucobacter komagatae					30.0	BacDive	1	30.0	0.0
leucobacter luti			29.0		25.0	BacDive	2	27.0	4.0
leucobacter margaritiformis	33.5	4.0					1	33.5	0.0
leucobacter ruminantium	38.5	25.0		38.5			2	38.5	0.0
leucobacter salsicius				28.125			1	28.125	0.0
leucobacter tardus					28.0	BacDive	1	28.0	0.0
leuconostoc carnosum			27.0				1	27.0	0.0
leuconostoc citreum			29.0	29.0	25.0	Lyubetsky et al., 2020	3	27.666666666666668	4.0
leuconostoc fallax			29.0				1	29.0	0.0
leuconostoc gelidum			24.0	17.25	25.0	Lyubetsky et al., 2020	3	22.083333333333332	7.75
leuconostoc holzapfelii					23.5	BacDive	1	23.5	0.0
leuconostoc inhae			27.0				1	27.0	0.0
leuconostoc kimchii				9.5			1	9.5	0.0
leuconostoc lactis			29.0		25.0	Lyubetsky et al., 2020	2	27.0	4.0
leuconostoc mesenteroides			29.0	28.7202777777778	25.0	Lyubetsky et al., 2020	3	27.573425925925932	4.0
leuconostoc miyukkimchii					30.0	BacDive	1	30.0	0.0
leuconostoc palmae					30.0	BacDive	1	30.0	0.0
leuconostoc pseudomesenteroides			32.0	23.75			2	27.875	8.25
leuconostoc sp.			31.0				1	31.0	0.0
leuconostoc suionicum					30.0	BacDive	1	30.0	0.0
leucothrix mucor				22.5			1	22.5	0.0
levilactobacillus hammesii					32.5	BacDive	1	32.5	0.0
levilactobacillus namurensis					15.0	BacDive	1	15.0	0.0
levilactobacillus paucivorans					30.0	BacDive	1	30.0	0.0
levilinea saccharolytica			38.5		37.0	BacDive	2	37.75	1.5
lewinella antarctica	20.0	3.0					1	20.0	0.0
lewinella cohaerens			27.0				1	27.0	0.0
lewinella marina	27.5	4.0					1	27.5	0.0
lewinella nigricans	27.5	15.0	29.0				2	28.25	1.5
lewinella persica			29.0				1	29.0	0.0
lewinella_a marina				27.5			1	27.5	0.0
liberibacter crescens				27.0			1	27.0	0.0
ligilactobacillus hayakitensis					37.0	BacDive	1	37.0	0.0
lihuaxuella thermophila	50.0	28.0	50.0	50.0	50.0	ThermoBase	4	50.0	0.0
limibacter armeniacum	28.5	17.0					1	28.5	0.0
limimaricola hongkongensis				27.0			1	27.0	0.0
limimaricola variabilis	36.0	10.0		36.0			2	36.0	0.0
limimonas halophila	40.0	30.0	40.0	40.0	40.0	ThermoBase	4	40.0	0.0
limisphaera ngatamarikiensis	62.5	45.0		62.5	62.5	ThermoBase	3	62.5	0.0
limnobacter humi	32.5	15.0					1	32.5	0.0
limnobacter litoralis	40.0	10.0			40.0	ThermoBase	2	40.0	0.0
limnochorda pilosa	47.5	30.0			47.5	ThermoBase	2	47.5	0.0
limnohabitans curvus				32.0			1	32.0	0.0
limnohabitans parvus			26.0				1	26.0	0.0
limnohabitans planktonicus			20.0				1	20.0	0.0
limnothrix redekei			21.0				1	21.0	0.0
limnothrix rosea			20.0				1	20.0	0.0
limnothrix sp001693275				38.0			1	38.0	0.0
limosilactobacillus antri					35.0	BacDive	1	35.0	0.0
limosilactobacillus gastricus					33.5	BacDive	1	33.5	0.0
limosilactobacillus mucosae					37.0	Lyubetsky et al., 2020	1	37.0	0.0
limosilactobacillus secaliphilus					40.0	BacDive	1	40.0	0.0
liquorilactobacillus aquaticus					30.0	BacDive	1	30.0	0.0
liquorilactobacillus cacaonum					23.5	BacDive	1	23.5	0.0
liquorilactobacillus capillatus					30.0	BacDive	1	30.0	0.0
liquorilactobacillus ghanensis					45.0	BacDive	1	45.0	0.0
liquorilactobacillus hordei					30.0	BacDive	1	30.0	0.0
liquorilactobacillus oeni					30.0	BacDive	1	30.0	0.0
liquorilactobacillus satsumensis					30.0	BacDive	1	30.0	0.0
liquorilactobacillus sucicola					30.0	BacDive	1	30.0	0.0
lishizhenia caseinilytica	28.5	4.0					1	28.5	0.0
listeria booriae	35.5	4.0					1	35.5	0.0
listeria costaricensis	33.5	22.0		33.5			2	33.5	0.0
listeria fleischmannii			35.0	33.5			2	34.25	1.5
listeria grayi			35.0				1	35.0	0.0
listeria innocua			35.0	34.375	33.5	Lyubetsky et al., 2020	3	34.291666666666664	1.5
listeria ivanovii			36.0	31.4	33.5	Lyubetsky et al., 2020	3	33.63333333333333	4.600000000000001
listeria marthii					33.5	BacDive	1	33.5	0.0
listeria monocytogenes			35.2	33.573	33.5	Lyubetsky et al., 2020	3	34.091	1.7000000000000028
listeria rocourtiae					30.0	BacDive	1	30.0	0.0
listeria seeligeri			36.0		33.5	Lyubetsky et al., 2020	2	34.75	2.5
listeria welshimeri			36.0		33.5	Lyubetsky et al., 2020	2	34.75	2.5
listeria_a weihenstephanensis				31.0			1	31.0	0.0
litchfieldella anticariensis					32.5	BacDive	1	32.5	0.0
litchfieldia alkalitelluris					30.0	BacDive	1	30.0	0.0
litoreibacter albidus	26.5	4.0		26.5			2	26.5	0.0
litoreibacter janthinus	26.5	4.0		26.5			2	26.5	0.0
litoribaculum gwangyangense	27.5	15.0					1	27.5	0.0
litorilinea aerophila	55.0	40.0	54.0		55.0	ThermoBase	3	54.666666666666664	1.0
litorimicrobium taeanense	27.5	15.0		27.5			2	27.5	0.0
litorimonas cladophorae	26.5	4.0		26.5			2	26.5	0.0
litorimonas taeanensis	27.5	15.0		27.5			2	27.5	0.0
litorisediminicola beolgyonensis	33.5	10.0					1	33.5	0.0
loktanella atrilutea				27.5			1	27.5	0.0
loktanella fryxellensis			22.0	20.0			2	21.0	2.0
loktanella salsilacus			22.0	20.0			2	21.0	2.0
loktanella vestfoldensis			22.0				1	22.0	0.0
longibacter salinarum	40.0	20.0		40.0	40.0	ThermoBase	3	40.0	0.0
longimicrobium terrae	26.5	10.0					1	26.5	0.0
longimonas halophila	39.5	20.0		39.5			2	39.5	0.0
longispora albida	27.0	12.0		27.0			2	27.0	0.0
longispora fulva	29.0	10.0		29.0			2	29.0	0.0
longivirga aurantiaca	32.5	4.0					1	32.5	0.0
lonsdalea populi				32.0			1	32.0	0.0
lonsdalea quercina			29.0				1	29.0	0.0
lutaonella thermophila	42.5	25.0			42.5	ThermoBase	2	42.5	0.0
luteibacter jiangsuensis	27.5	4.0		27.5			2	27.5	0.0
luteibacter pinisoli	29.0	10.0		29.0			2	29.0	0.0
luteibacter rhizovicinus			24.0	17.5			2	20.75	6.5
luteimicrobium xylanilyticum	27.5	15.0		27.5			2	27.5	0.0
luteimonas aestuarii	35.5	15.0		35.5			2	35.5	0.0
luteimonas composti			29.0				1	29.0	0.0
luteimonas terrae	27.5	4.0		27.5			2	27.5	0.0
luteimonas terricola	12.5	1.0		12.5			2	12.5	0.0
luteimonas vadosa	35.0	5.0					1	35.0	0.0
luteipulveratus halotolerans	24.0	15.0		24.0			2	24.0	0.0
luteipulveratus mongoliensis	24.0	10.0		24.0			2	24.0	0.0
luteococcus japonicus			29.0				1	29.0	0.0
luteolibacter arcticus	27.5	4.0					1	27.5	0.0
luteolibacter cuticulihirudinis			29.0				1	29.0	0.0
luteolibacter gellanilyticus	26.5	4.0					1	26.5	0.0
luteolibacter luojiensis	22.5	4.0					1	22.5	0.0
luteolibacter pohnpeiensis	33.5	20.0		33.5			2	33.5	0.0
lutibacter holmesii	24.0	4.0					1	24.0	0.0
lutibacter litoralis	27.5	5.0		27.5			2	27.5	0.0
lutibacter maritimus	27.5	4.0		27.5	27.5	BacDive	3	27.5	0.0
lutibacter oricola	26.5	8.0		26.5			2	26.5	0.0
lutibacter profundi	23.0	13.0		23.0			2	23.0	0.0
lutibaculum baratangense	33.5	25.0		33.5			2	33.5	0.0
lutimaribacter pacificus	27.5	10.0		27.5			2	27.5	0.0
lutimonas halocynthiae	22.5	4.0					1	22.5	0.0
lutispora thermophila	56.5	40.0	55.0	56.0	56.5	BacDive;ThermoBase	4	56.0	1.5
lyngbya aestuarii				28.75			1	28.75	0.0
lyngbya kuetzingii			24.0				1	24.0	0.0
lyngbya lagerheimii			22.0				1	22.0	0.0
lysinibacillus acetophenoni	35.0	25.0					1	35.0	0.0
lysinibacillus boronitolerans			32.0		37.0	BacDive	2	34.5	5.0
lysinibacillus cresolivorans	35.0	25.0					1	35.0	0.0
lysinibacillus halotolerans	35.0	15.0					1	35.0	0.0
lysinibacillus macroides			26.0		30.0	BacDive	2	28.0	4.0
lysinibacillus mangiferihumi	32.5	10.0					1	32.5	0.0
lysinibacillus massiliensis	33.5	25.0					1	33.5	0.0
lysinibacillus odysseyi	32.5	25.0					1	32.5	0.0
lysinibacillus parviboronicapiens					30.0	BacDive	1	30.0	0.0
lysinibacillus sp.			29.0				1	29.0	0.0
lysinibacillus sphaericus			33.0	36.7857142857143			2	34.89285714285715	3.785714285714299
lysinibacillus varians	35.0	15.0					1	35.0	0.0
lysinibacillus xylanilyticus					30.0	BacDive	1	30.0	0.0
lysinibacillus xyleni	36.0	25.0					1	36.0	0.0
lysinibacillus_b odysseyi				32.5			1	32.5	0.0
lysinibacter cavernae	20.0	4.0		20.0			2	20.0	0.0
lysinimicrobium aestuarii	32.5	5.0					1	32.5	0.0
lysobacter antibioticus	29.0	2.0		29.0			2	29.0	0.0
lysobacter brunescens	35.0	4.0					1	35.0	0.0
lysobacter caeni	29.0	15.0					1	29.0	0.0
lysobacter caseinilyticus	27.5	10.0					1	27.5	0.0
lysobacter chengduensis	29.0	10.0					1	29.0	0.0
lysobacter concretionis				27.5			1	27.5	0.0
lysobacter daejeonensis			29.0				1	29.0	0.0
lysobacter defluvii				29.5			1	29.5	0.0
lysobacter enzymogenes				29.3333333333333			1	29.3333333333333	0.0
lysobacter firmicutimachus	26.5	15.0					1	26.5	0.0
lysobacter fragariae	26.5	10.0					1	26.5	0.0
lysobacter gummosus	20.0	10.0		20.0			2	20.0	0.0
lysobacter koreensis			27.0				1	27.0	0.0
lysobacter mobilis	29.0	15.0					1	29.0	0.0
lysobacter niabensis			27.0				1	27.0	0.0
lysobacter niastensis			29.0				1	29.0	0.0
lysobacter oligotrophicus	23.0	5.0					1	23.0	0.0
lysobacter rhizophilus	27.5	10.0					1	27.5	0.0
lysobacter rhizosphaerae	26.5	18.0					1	26.5	0.0
lysobacter ruishenii	29.0	15.0		29.0			2	29.0	0.0
lysobacter solanacearum	29.0	10.0					1	29.0	0.0
lysobacter spongiicola	26.5	5.0		26.5			2	26.5	0.0
lysobacter terrae	29.0	4.0					1	29.0	0.0
lysobacter terricola	29.0	10.0					1	29.0	0.0
lysobacter ximonensis			29.0				1	29.0	0.0
lysobacter yangpyeongensis			29.0				1	29.0	0.0
lysobacterales bacterium					15.44	aciDB	1	15.44	0.0
macellibacteroides fermentans	37.5	20.0	35.0	37.5			3	36.666666666666664	2.5
macrococcoides caseolyticum					35.0	Lyubetsky et al., 2020	1	35.0	0.0
macrococcus bovicus			34.0				1	34.0	0.0
macrococcus brunensis			36.0	35.0			2	35.5	1.0
macrococcus carouselicus			36.0				1	36.0	0.0
macrococcus caseolyticus			31.0				1	31.0	0.0
macrococcus equipercicus			34.0				1	34.0	0.0
macrococcus hajekii			36.0	35.0			2	35.5	1.0
macrococcus lamae			36.0	35.0			2	35.5	1.0
magnetospirillum aberrantis	31.0	20.0		31.0			2	31.0	0.0
magnetospirillum bellicum					42.0	ThermoBase	1	42.0	0.0
magnetospirillum bellicus	42.0	10.0	39.9				2	40.95	2.1000000000000014
magnetospirillum gryphiswaldense					30.0	Lyubetsky et al., 2020	1	30.0	0.0
magnetovibrio blakemorei	27.0	4.0	27.0	27.0			3	27.0	0.0
mahella australiensis	50.0	30.0	50.0	50.0	50.0	Lyubetsky et al., 2020;ThermoBase	4	50.0	0.0
malaciobacter marinus					33.5	BacDive	1	33.5	0.0
malaciobacter mytili					30.0	BacDive	1	30.0	0.0
malacoplasma iowae				39.5			1	39.5	0.0
malacoplasma penetrans					37.0	Lyubetsky et al., 2020	1	37.0	0.0
malbranchea cinnamomea					57.0	ThermoBase	1	57.0	0.0
maledivibacter halophilus	41.0	18.0	38.0		41.0	ThermoBase	3	40.0	3.0
malikia granosa			29.0				1	29.0	0.0
malikia spinosa			27.0				1	27.0	0.0
mameliella alba				25.75			1	25.75	0.0
mameliella atlantica	29.0	10.0					1	29.0	0.0
mammaliicoccus sciuri					37.5	Lyubetsky et al., 2020	1	37.5	0.0
mancarchaeum acidiphilum					37.0	aciDB	1	37.0	0.0
mangrovibacter plantisponsor	29.0	15.0		29.0	29.0	BacDive	3	29.0	0.0
mangrovibacterium marinum	33.0	17.0		33.0			2	33.0	0.0
mangrovicoccus ximenensis	35.0	18.0					1	35.0	0.0
mangroviflexus xiamenensis	35.0	22.0					1	35.0	0.0
mangrovihabitans endophyticus	29.0	20.0					1	29.0	0.0
mangrovimonas yunxiaonensis	32.5	10.0		31.375			2	31.9375	1.125
maribacter antarcticus	10.0	4.0	10.0	10.0	10.0	BacDive	4	10.0	0.0
maribacter aquivivus	22.0	4.0	29.0	22.0	22.0	BacDive	4	23.75	7.0
maribacter arcticus	21.0	4.0	20.0	20.666666666666668	21.0	BacDive	4	20.666666666666668	1.0
maribacter dokdonensis					30.0	BacDive	1	30.0	0.0
maribacter forsetii			24.0	23.3333333333333	25.0	BacDive	3	24.1111111111111	1.6666666666666998
maribacter lutimaris	20.0	4.0					1	20.0	0.0
maribacter marinus	27.5	4.0					1	27.5	0.0
maribacter orientalis	22.0	4.0	29.0	22.0	22.0	BacDive	4	23.75	7.0
maribacter pelagius	27.5	10.0					1	27.5	0.0
maribacter polysiphoniae	31.0	4.0			31.0	BacDive	2	31.0	0.0
maribacter sedimenticola	23.0	4.0	27.0		23.0	BacDive	3	24.333333333333332	4.0
maribacter spongiicola	27.5	4.0		27.5			2	27.5	0.0
maribacter stanieri	25.5	4.0		25.5	25.5	BacDive	3	25.5	0.0
maribacter thermophilus	41.0	4.0		41.0	41.0	ThermoBase	3	41.0	0.0
maribacter ulvicola	22.0	4.0		22.0	22.0	BacDive	3	22.0	0.0
maribacter_a polysiphoniae				31.0			1	31.0	0.0
maribius pelagius	32.5	10.0					1	32.5	0.0
maribius salinus	32.5	10.0					1	32.5	0.0
maricaulis maris	22.5	15.0	26.0	23.666666666666668	22.5	Lyubetsky et al., 2020	4	23.666666666666668	3.5
maricaulis washingtonensis	35.0	4.0					1	35.0	0.0
marichromatium bheemlicum	32.5	20.0		32.5			2	32.5	0.0
marichromatium indicum	32.5	25.0			32.5	BacDive	2	32.5	0.0
marichromatium purpuratum			26.0		27.5	Lyubetsky et al., 2020	2	26.75	1.5
maricurvus nonylphenolicus	27.5	20.0					1	27.5	0.0
maridesulfovibrio ferrireducens					23.0	BacDive	1	23.0	0.0
maridesulfovibrio salexigens					33.0	Lyubetsky et al., 2020	1	33.0	0.0
maridesulfovibrio salinus					40.0	ThermoBase	1	40.0	0.0
marihabitans asiaticum					28.0	BacDive	1	28.0	0.0
marinibactrum halimedae	27.5	10.0					1	27.5	0.0
marinicauda algicola	40.0	15.0		40.0	40.0	ThermoBase	3	40.0	0.0
marinicella litoralis	26.5	5.0		26.5			2	26.5	0.0
marinicella sediminis	33.0	10.0					1	33.0	0.0
marinicrinis lubricantis	32.5	25.0					1	32.5	0.0
marinifilum albidiflavum	33.0	15.0					1	33.0	0.0
marinifilum breve	16.0	10.0		16.0			2	16.0	0.0
marinifilum fragile	33.0	20.0		33.4			2	33.2	0.3999999999999986
mariniflexile fucanivorans					25.0	BacDive	1	25.0	0.0
mariniflexile gromovii	24.0	4.0		24.0			2	24.0	0.0
mariniflexile jejuense	27.5	4.0					1	27.5	0.0
marinilabilia nitratireducens	33.5	25.0					1	33.5	0.0
marinilabilia salmonicolor			29.0	30.75			2	29.875	1.75
marinilactibacillus piezotolerans	38.5	4.0	36.25	38.5	38.5	BacDive	4	37.9375	2.25
marinilactibacillus psychrotolerans	38.5	-2.0	35.0				2	36.75	3.5
marinimicrobium agarilyticum	35.0	12.0		35.0	35.0	BacDive	3	35.0	0.0
marinimicrobium haloxylanilyticum	35.0	5.0					1	35.0	0.0
marinimicrobium koreense	37.5	10.0		37.5			2	37.5	0.0
mariniphaga anaerophila	36.0	20.0		36.0			2	36.0	0.0
mariniphaga sediminis	35.0	15.0		35.0			2	35.0	0.0
mariniradius saccharolyticus	33.5	25.0		33.5			2	33.5	0.0
marinitalea sucinacia	35.0	5.0					1	35.0	0.0
marinithermofilum abyssi	57.5	35.0		57.5	57.5	ThermoBase	3	57.5	0.0
marinithermus hydrothermalis	67.5	50.0	68.8	68.33333333333333	67.5	ThermoBase	4	68.03333333333333	1.2999999999999972
marinitoga arctica	65.0	45.0					1	65.0	0.0
marinitoga camini	55.0	25.0	55.0		55.0	ThermoBase	3	55.0	0.0
marinitoga hydrogenitolerans	60.0	35.0	60.0		60.0	ThermoBase	3	60.0	0.0
marinitoga lauensis	52.5	40.0					1	52.5	0.0
marinitoga litoralis	60.0	45.0	60.0	60.0	60.0	ThermoBase	4	60.0	0.0
marinitoga okinawensis	57.5	30.0	55.05		57.5	ThermoBase	3	56.68333333333334	2.450000000000003
marinitoga piezophila	65.0	45.0	64.95	65.55566666666667	65.0	ThermoBase	4	65.12641666666667	0.6056666666666644
marinobacter adhaerens	36.0	4.0	35.0	36.0			3	35.666666666666664	1.0
marinobacter algicola	27.5	5.0	29.0	29.0625			3	28.520833333333332	1.5625
marinobacter alkaliphilus			30.1				1	30.1	0.0
marinobacter bohaiensis	35.0	15.0					1	35.0	0.0
marinobacter daepoensis				33.5			1	33.5	0.0
marinobacter excellens	22.5	10.0		22.5			2	22.5	0.0
marinobacter flavimaris					37.0	BacDive	1	37.0	0.0
marinobacter goseongensis	27.5	10.0					1	27.5	0.0
marinobacter gudaonensis				27.5	27.5	BacDive	2	27.5	0.0
marinobacter hydrocarbonoclasticus			29.0	29.49983333333335			2	29.249916666666675	0.4998333333333491
marinobacter lacisalsi	32.5	20.0					1	32.5	0.0
marinobacter lipolyticus					37.0	BacDive	1	37.0	0.0
marinobacter litoralis	33.5	4.0		33.5			2	33.5	0.0
marinobacter lutaoensis	45.0	25.0	42.0	45.0			3	44.0	3.0
marinobacter maritimus	22.0	4.0	24.0	22.0	22.0	BacDive	4	22.5	2.0
marinobacter mobilis	32.5	15.0		32.5			2	32.5	0.0
marinobacter nauticus					32.0	BacDive;Lyubetsky et al., 2020	1	32.0	0.0
marinobacter nitratireducens	31.5	15.0		31.5			2	31.5	0.0
marinobacter oulmenensis	38.5	30.0	45.0	38.5			3	40.666666666666664	6.5
marinobacter pelagius	27.5	4.0					1	27.5	0.0
marinobacter persicus	35.0	25.0		35.0			2	35.0	0.0
marinobacter psychrophilus	17.0	0.0		17.0			2	17.0	0.0
marinobacter salarius	27.5	4.0		27.5			2	27.5	0.0
marinobacter salsuginis	36.0	10.0	29.0	36.0	36.0	BacDive	4	34.25	7.0
marinobacter santoriniensis				37.25			1	37.25	0.0
marinobacter segnicrescens	33.5	15.0					1	33.5	0.0
marinobacter shengliensis	35.0	10.0		35.0			2	35.0	0.0
marinobacter similis	27.5	4.0					1	27.5	0.0
marinobacter sp000169375				13.5			1	13.5	0.0
marinobacter szutsaonensis	37.5	10.0					1	37.5	0.0
marinobacter xestospongiae	32.0	15.0					1	32.0	0.0
marinobacter zhanjiangensis	27.5	4.0		27.5			2	27.5	0.0
marinobacter zhejiangensis	32.5	15.0		32.5			2	32.5	0.0
marinobacterium aestuarii	22.5	4.0					1	22.5	0.0
marinobacterium georgiense			26.0				1	26.0	0.0
marinobacterium iners					37.0	BacDive	1	37.0	0.0
marinobacterium jannaschii			27.0				1	27.0	0.0
marinobacterium litorale			20.0		30.0	BacDive	2	25.0	10.0
marinobacterium lutimaris	27.5	15.0		27.3335	27.5	BacDive	3	27.4445	0.1664999999999992
marinobacterium mangrovicola	32.5	4.0					1	32.5	0.0
marinobacterium maritimum	26.5	7.0					1	26.5	0.0
marinobacterium nitratireducens	35.0	15.0					1	35.0	0.0
marinobacterium profundum	27.5	4.0					1	27.5	0.0
marinobacterium rhizophilum					25.0	BacDive	1	25.0	0.0
marinobacterium sediminicola	35.0	15.0					1	35.0	0.0
marinobacterium stanieri			27.0	26.0			2	26.5	1.0
marinobacterium zhoushanense	38.5	15.0					1	38.5	0.0
marinococcus halophilus			32.0				1	32.0	0.0
marinococcus halotolerans					28.0	BacDive	1	28.0	0.0
marinococcus luteus					28.0	BacDive	1	28.0	0.0
marinococcus tarijensis	38.5	10.0					1	38.5	0.0
marinomonas arctica	26.0	0.0					1	26.0	0.0
marinomonas arenicola	26.5	4.0					1	26.5	0.0
marinomonas atlantica	24.0	4.0		24.0			2	24.0	0.0
marinomonas epiphytica	27.5	15.0					1	27.5	0.0
marinomonas gallaica	24.0	4.0		24.0			2	24.0	0.0
marinomonas mediterranea					25.0	Lyubetsky et al., 2020	1	25.0	0.0
marinomonas ostreistagni	35.0	16.0		35.0			2	35.0	0.0
marinomonas polaris			22.0	22.0			2	22.0	0.0
marinomonas pontica	22.5	4.0					1	22.5	0.0
marinomonas primoryensis			20.0				1	20.0	0.0
marinomonas profundimaris	26.5	4.0		26.5			2	26.5	0.0
marinomonas protea			10.0				1	10.0	0.0
marinomonas sp.			17.0				1	17.0	0.0
marinomonas ushuaiensis	20.0	4.0	26.0	20.0			3	22.0	6.0
marinomonas vaga			27.0				1	27.0	0.0
marinoscillum furvescens			27.0				1	27.0	0.0
marinoscillum pacificum	33.0	15.0					1	33.0	0.0
marinospirillum alkaliphilum	37.9	8.0					1	37.9	0.0
marinospirillum celere	40.0	13.0	35.0	38.333333333333336			3	37.77777777777778	5.0
marinospirillum insulare	27.5	4.0	27.0				2	27.25	0.5
marinospirillum megaterium	22.5	4.0	15.0				2	18.75	7.5
marinospirillum minutulum			26.5	27.3333333333333			2	26.91666666666665	0.8333333333333002
marinovum algicola	27.5	10.0	26.0	27.5			3	27.0	1.5
mariprofundus aestuarium	27.5	10.0		27.5			2	27.5	0.0
mariprofundus ferrinatatus	27.5	15.0		27.5			2	27.5	0.0
maripseudobacter aurantiacus	35.0	15.0					1	35.0	0.0
marisediminicola antarctica	20.5	0.0	20.0	20.25			3	20.25	0.5
marispirillum indicum	31.0	10.0					1	31.0	0.0
marispirochaeta aestuarii	32.5	15.0		32.5			2	32.5	0.0
maritalea mobilis	36.0	4.0		36.0			2	36.0	0.0
maritalea myrionectae	32.5	10.0		32.5	32.5	BacDive	3	32.5	0.0
marivirga sericea			27.0				1	27.0	0.0
marivirga tractuosa			29.0				1	29.0	0.0
marivita cryptomonadis				29.0			1	29.0	0.0
marivita roseacus			27.0				1	27.0	0.0
marivivens donghaensis	32.5	10.0		32.5			2	32.5	0.0
marixanthomonas ophiurae	26.5	5.0		26.5			2	26.5	0.0
marmoricola aequoreus			29.0	23.5			2	26.25	5.5
marmoricola aquaticus	29.0	10.0					1	29.0	0.0
marmoricola aurantiacus			27.0				1	27.0	0.0
marmoricola bigeumensis	29.0	20.0					1	29.0	0.0
marmoricola endophyticus	29.0	10.0		29.0			2	29.0	0.0
marmoricola solisilvae	29.0	10.0		29.0			2	29.0	0.0
marmoricola terrae	29.0	10.0					1	29.0	0.0
marsarchaeota g1					65.5	aciDB	1	65.5	0.0
marsarchaeota g2					66.0	aciDB	1	66.0	0.0
martelella endophytica	29.0	4.0		29.0			2	29.0	0.0
martelella limonii	27.5	4.0		27.5			2	27.5	0.0
martelella mediterranea			29.0		28.0	BacDive	2	28.5	1.0
martelella suaedae	27.5	10.0					1	27.5	0.0
massilia agilis	32.5	4.0					1	32.5	0.0
massilia albidiflava	29.0	10.0					1	29.0	0.0
massilia alkalitolerans	32.5	4.0	29.0				2	30.75	3.5
massilia arvi	31.0	10.0					1	31.0	0.0
massilia aurea			27.0				1	27.0	0.0
massilia brevitalea	15.0	4.0	15.0				2	15.0	0.0
massilia buxea	29.0	10.0					1	29.0	0.0
massilia dura	29.0	10.0					1	29.0	0.0
massilia eurypsychrophila	10.0	0.0					1	10.0	0.0
massilia flava	29.0	10.0					1	29.0	0.0
massilia glaciei	20.0	4.0					1	20.0	0.0
massilia haematophila	27.5	15.0					1	27.5	0.0
massilia humi	26.5	4.0					1	26.5	0.0
massilia kyonggiensis	31.0	10.0					1	31.0	0.0
massilia lurida	29.0	10.0					1	29.0	0.0
massilia lutea	29.0	10.0					1	29.0	0.0
massilia namucuonensis	29.0	4.0					1	29.0	0.0
massilia phosphatilytica	29.0	4.0					1	29.0	0.0
massilia pinisoli	34.5	10.0					1	34.5	0.0
massilia plicata	29.0	10.0					1	29.0	0.0
massilia psychrophila	15.0	10.0					1	15.0	0.0
massilia solisilvae	32.5	4.0					1	32.5	0.0
massilia sp.			29.0				1	29.0	0.0
massilia terrae	32.5	4.0					1	32.5	0.0
massilia timonae			34.0				1	34.0	0.0
massilia umbonata	29.0	4.0					1	29.0	0.0
massilia violaceinigra	20.0	4.0					1	20.0	0.0
megalodesulfovibrio paquesii					25.0	BacDive	1	25.0	0.0
megamonas funiformis				38.0			1	38.0	0.0
megasphaera elsdenii				37.4	38.5	Lyubetsky et al., 2020	2	37.95	1.1000000000000014
meinhardsimonia xiamenensis					54.0	ThermoBase	1	54.0	0.0
meiothermus cateniformans	57.5	30.0					1	57.5	0.0
meiothermus cerbereus	55.0	35.0	50.0	53.333333333333336	55.0	ThermoBase	4	53.333333333333336	5.0
meiothermus chliarophilus	50.0	40.0	50.25				2	50.125	0.25
meiothermus granaticius	47.5	30.0	45.0	46.25	47.5	ThermoBase	4	46.5625	2.5
meiothermus hypogaeus	50.0	35.0	50.0	50.0	50.0	ThermoBase	4	50.0	0.0
meiothermus luteus	60.0	50.0		60.0	60.0	ThermoBase	3	60.0	0.0
meiothermus rosaceus					55.0	ThermoBase	1	55.0	0.0
meiothermus roseus	50.0	37.0	50.0				2	50.0	0.0
meiothermus ruber	62.5	35.0	57.0	58.333333333333336	60.0	Lyubetsky et al., 2020;ThermoBase	4	59.458333333333336	5.5
meiothermus rufus	57.5	35.0	55.0	56.66666666666666	57.5	ThermoBase	4	56.666666666666664	2.5
meiothermus silvanus	55.0	40.0	52.75				2	53.875	2.25
meiothermus taiwanensis	55.0	40.0	55.0	55.833333333333336	56.25	ThermoBase	4	55.520833333333336	1.25
meiothermus terrae	50.0	35.0	50.0				2	50.0	0.0
meiothermus timidus			50.0				1	50.0	0.0
meiothermus_b silvanus				55.0			1	55.0	0.0
melaminivora alkalimesophila	42.5	15.0		42.5			2	42.5	0.0
melaminivora jejuensis	33.5	15.0					1	33.5	0.0
melanocarpus albomyces					57.0	ThermoBase	1	57.0	0.0
melghiribacillus thermohalophilus	52.5	35.0	55.0	52.5	52.5	ThermoBase	4	53.125	2.5
melghirimyces algeriensis	47.5	37.0	55.0	51.25	47.5	ThermoBase	4	50.3125	7.5
melghirimyces profundicolus	52.5	37.0	50.0	52.5	52.5	ThermoBase	4	51.875	2.5
melghirimyces thermohalophilus			55.0				1	55.0	0.0
melioribacter roseus	55.0	35.0	47.0	55.0	53.5	ThermoBase	4	52.625	8.0
melissococcus plutonius				30.667	35.0	Lyubetsky et al., 2020	2	32.8335	4.332999999999998
melittangium lichenicola	26.5	18.0					1	26.5	0.0
meridianimaribacter flavus	33.5	9.0		33.5			2	33.5	0.0
merismopedia tenuissima			20.0				1	20.0	0.0
mesoaciditoga lauensis	58.5	45.0	59.25	58.5	58.5	ThermoBase	4	58.6875	0.75
mesobacillus foraminis					40.0	BacDive	1	40.0	0.0
mesobacillus selenatarsenatis					32.5	BacDive	1	32.5	0.0
mesoflavibacter profundi	27.5	4.0		27.5			2	27.5	0.0
mesoflavibacter zeaxanthinifaciens	36.0	16.0		36.0			2	36.0	0.0
mesomycoplasma bovoculi					37.0	Lyubetsky et al., 2020	1	37.0	0.0
mesomycoplasma dispar					37.0	Lyubetsky et al., 2020	1	37.0	0.0
mesomycoplasma flocculare					37.0	Lyubetsky et al., 2020	1	37.0	0.0
mesomycoplasma hyopneumoniae					37.0	Lyubetsky et al., 2020	1	37.0	0.0
mesomycoplasma hyorhinis					37.0	Lyubetsky et al., 2020	1	37.0	0.0
mesonia algae	22.0	4.0		22.0			2	22.0	0.0
mesonia maritimus	27.5	10.0					1	27.5	0.0
mesonia mobilis	29.0	4.0		29.0			2	29.0	0.0
mesonia phycicola	27.5	10.0		27.5	27.5	BacDive	3	27.5	0.0
mesoplasma chauliocola	34.5	10.0		34.5			2	34.5	0.0
mesoplasma coleopterae	33.5	10.0		33.5			2	33.5	0.0
mesoplasma florum					29.0	Lyubetsky et al., 2020	1	29.0	0.0
mesoplasma syrphidae	23.0	10.0					1	23.0	0.0
mesorhizobium albiziae			17.0				1	17.0	0.0
mesorhizobium amorphae			29.0		27.5	Lyubetsky et al., 2020	2	28.25	1.5
mesorhizobium chacoense			29.0				1	29.0	0.0
mesorhizobium ciceri			27.0	26.0	27.5	Lyubetsky et al., 2020	3	26.833333333333332	1.5
mesorhizobium huakuii			29.0				1	29.0	0.0
mesorhizobium loti			26.5	26.0	27.5	Lyubetsky et al., 2020	3	26.666666666666668	1.5
mesorhizobium mediterraneum			29.0				1	29.0	0.0
mesorhizobium sediminum	27.5	10.0					1	27.5	0.0
mesorhizobium soli	29.0	15.0					1	29.0	0.0
mesorhizobium thiogangeticum			29.0				1	29.0	0.0
mesotoga infera	45.0	30.0	45.0		45.0	ThermoBase	3	45.0	0.0
mesotoga prima				41.75			1	41.75	0.0
metabacillus galliciensis					20.0	BacDive	1	20.0	0.0
metabacillus halosaccharovorans					40.0	ThermoBase	1	40.0	0.0
metabacillus herbersteinensis					16.0	BacDive	1	16.0	0.0
metabacillus indicus					33.5	BacDive	1	33.5	0.0
metabacillus litoralis					37.0	BacDive	1	37.0	0.0
metabacillus niabensis					30.0	BacDive	1	30.0	0.0
metallosphaera cuprina	65.0	55.0		65.0	65.0	Lyubetsky et al., 2020;ThermoBase;aciDB	3	65.0	0.0
metallosphaera hakonensis	70.0	50.0	68.0		70.0	ThermoBase;aciDB	3	69.33333333333333	2.0
metallosphaera prunae	75.0	55.0	74.95		75.0	ThermoBase;aciDB	3	74.98333333333333	0.04999999999999716
metallosphaera sedula	75.0	50.0	71.1		75.0	Lyubetsky et al., 2020;ThermoBase;aciDB	3	73.7	3.9000000000000057
metallosphaera tengchongensis	70.0	55.0		70.0	70.0	ThermoBase	3	70.0	0.0
metallosphaera yellowstonensis				65.0	66.25	ThermoBase;aciDB	2	65.625	1.25
metamycoplasma arthritidis					37.0	Lyubetsky et al., 2020	1	37.0	0.0
metamycoplasma canadense					37.0	Lyubetsky et al., 2020	1	37.0	0.0
metamycoplasma hominis					37.0	Lyubetsky et al., 2020	1	37.0	0.0
methanimicrococcus blatticola	39.0	20.0	37.55				2	38.275	1.4500000000000028
methanobacterium aarhusense	45.0	15.0	40.0		45.0	ThermoBase	3	43.333333333333336	5.0
methanobacterium aggregans	40.0	25.0	40.0		40.0	ThermoBase	3	40.0	0.0
methanobacterium arcticum					37.0	BacDive	1	37.0	0.0
methanobacterium bryantii	38.0	25.0					1	38.0	0.0
methanobacterium congolense	39.5	25.0	39.5				2	39.5	0.0
methanobacterium espanolae	35.0	15.0	35.15				2	35.075	0.14999999999999858
methanobacterium ferruginis	40.0	20.0	40.0		40.0	BacDive;ThermoBase	3	40.0	0.0
methanobacterium flexile	36.5	10.0	35.0				2	35.75	1.5
methanobacterium formicicum	41.0	37.0			37.5	Lyubetsky et al., 2020;ThermoBase	2	39.25	3.5
methanobacterium ivanovii	45.0	15.0			45.0	ThermoBase	2	45.0	0.0
methanobacterium kanagiense	40.0	15.0	39.95		40.0	ThermoBase	3	39.983333333333334	0.04999999999999716
methanobacterium lacus					30.0	BacDive	1	30.0	0.0
methanobacterium movens	36.5	10.0	35.0				2	35.75	1.5
methanobacterium movilense	33.0	0.0					1	33.0	0.0
methanobacterium oryzae	40.0	20.0			40.0	ThermoBase	2	40.0	0.0
methanobacterium paludis	34.5	16.0	34.5				2	34.5	0.0
methanobacterium palustre	35.0	20.0	37.1				2	36.05	2.1000000000000014
methanobacterium petrolearium	35.0	20.0	35.0	35.0	35.0	BacDive	4	35.0	0.0
methanobacterium sp.			41.0				1	41.0	0.0
methanobacterium subterraneum			40.0				1	40.0	0.0
methanobacterium thermaggregans	65.0	40.0	63.0		65.0	ThermoBase	3	64.33333333333333	2.0
methanobacterium uliginosum	40.0	15.0			40.0	ThermoBase	2	40.0	0.0
methanobacterium veterum			37.1		28.0	BacDive	2	32.55	9.100000000000001
methanobacterium_c congolense				39.5			1	39.5	0.0
methanobacterium_d bryantii				38.0			1	38.0	0.0
methanobrevibacter acididurans	35.0	25.0					1	35.0	0.0
methanobrevibacter arboriphilus	33.5	10.0					1	33.5	0.0
methanobrevibacter boviskoreani	38.5	35.0					1	38.5	0.0
methanobrevibacter millerae	39.0	33.0					1	39.0	0.0
methanobrevibacter olleyae	38.0	28.0		37.0			2	37.5	1.0
methanobrevibacter oralis	36.0	25.0	35.0				2	35.5	1.0
methanobrevibacter ruminantium				33.0	37.0	Lyubetsky et al., 2020	2	35.0	4.0
methanobrevibacter smithii					37.0	Lyubetsky et al., 2020	1	37.0	0.0
methanobrevibacter_b boviskoreani				38.5			1	38.5	0.0
methanocalculus halotolerans	38.0	25.0	36.9				2	37.45	1.1000000000000014
methanocalculus natronophilus	35.0	15.0	35.0				2	35.0	0.0
methanocalculus pumilus	35.0	25.0					1	35.0	0.0
methanocalculus taiwanensis			37.1				1	37.1	0.0
methanocaldococcus bathoardescens	82.0	58.0	80.0	82.0	83.5	Lyubetsky et al., 2020;ThermoBase	4	81.875	3.5
methanocaldococcus fervens	85.0	48.0	85.0	82.33333333333333	82.5	Lyubetsky et al., 2020;ThermoBase	4	83.70833333333333	2.6666666666666714
methanocaldococcus indicus	85.0	50.0	85.0		85.0	ThermoBase	3	85.0	0.0
methanocaldococcus infernus	85.0	49.0	84.95		85.0	Lyubetsky et al., 2020;ThermoBase	3	84.98333333333333	0.04999999999999716
methanocaldococcus jannaschii	85.0	50.0	85.0	83.8888888888889	85.0	Lyubetsky et al., 2020;ThermoBase	4	84.72222222222223	1.1111111111111
methanocaldococcus sp.					90.0	ThermoBase	1	90.0	0.0
methanocaldococcus sp000025525				90.0			1	90.0	0.0
methanocaldococcus villosus	80.0	55.0	80.0		80.0	ThermoBase	3	80.0	0.0
methanocaldococcus vulcanius	80.0	49.0	79.8	79.389	80.0	Lyubetsky et al., 2020;ThermoBase	4	79.79725	0.6110000000000042
methanocaldococcus_a infernus				82.0			1	82.0	0.0
methanocaldococcus_a villosus				80.0			1	80.0	0.0
methanocella arvoryzae	45.0	37.0	45.0		45.0	ThermoBase	3	45.0	0.0
methanocella conradii	55.0	37.0	50.0	53.125	55.0	ThermoBase	4	53.28125	5.0
methanocella paludicola	36.0	25.0	36.0	36.3			3	36.1	0.29999999999999716
methanocella_a arvoryzae				45.0			1	45.0	0.0
methanococcoides alaskense	23.6	-2.3	20.0				2	21.8	3.6000000000000014
methanococcoides burtonii	23.4	-2.5	22.5	22.566666666666663	23.5	Lyubetsky et al., 2020	4	22.991666666666667	1.0
methanococcoides methylutens	32.5	15.0	34.8	30.83333333333333	35.0	Lyubetsky et al., 2020	4	33.28333333333333	4.166666666666671
methanococcus aeolicus	46.0	20.0	41.35		41.25	Lyubetsky et al., 2020;ThermoBase	3	42.86666666666667	4.75
methanococcus maripaludis	38.0	18.0	36.9	36.839969696969696	37.5	Lyubetsky et al., 2020	4	37.309992424242424	1.1600303030303039
methanococcus vannielii	37.5	20.0	36.0	36.91666666666665	37.5	Lyubetsky et al., 2020	4	36.979166666666664	1.5
methanococcus voltae	37.5	20.0	36.6		37.5	Lyubetsky et al., 2020	3	37.199999999999996	0.8999999999999986
methanocorpusculum aggregans	35.0	25.0					1	35.0	0.0
methanocorpusculum bavaricum			37.3				1	37.3	0.0
methanocorpusculum labreanum			37.1		37.0	Lyubetsky et al., 2020	2	37.05	0.10000000000000142
methanocorpusculum parvum			36.0				1	36.0	0.0
methanoculleus bourgensis	40.0	37.0	45.0	39.25	37.0	Lyubetsky et al., 2020;ThermoBase	4	40.3125	8.0
methanoculleus chikugoensis	27.5	15.0	25.3				2	26.4	2.1999999999999993
methanoculleus horonobensis	39.5	25.0		39.5			2	39.5	0.0
methanoculleus marisnigri	22.5	15.0	37.4	28.625	22.5	Lyubetsky et al., 2020	4	27.75625	14.899999999999999
methanoculleus palmolei	40.0	22.0	40.0		40.0	ThermoBase	3	40.0	0.0
methanoculleus receptaculi	52.5	30.0	50.0		52.5	ThermoBase	3	51.666666666666664	2.5
methanoculleus submarinus	43.0	11.0	45.0		45.0	ThermoBase	3	44.333333333333336	2.0
methanoculleus thermophilus	55.0	37.0	56.2	55.0	55.0	ThermoBase	4	55.3	1.2000000000000028
methanofervidicoccus abyssi	70.0	60.0		70.0	70.0	ThermoBase	3	70.0	0.0
methanofollis aquaemaris			36.6				1	36.6	0.0
methanofollis formosanus	40.0	20.0			40.0	ThermoBase	2	40.0	0.0
methanofollis liminatans	40.0	15.0		39.5	40.0	ThermoBase	3	39.833333333333336	0.5
methanofollis tationis	42.0	25.0	39.9	42.0	42.0	ThermoBase	4	41.475	2.1000000000000014
methanogenium boonei	19.4	5.0	15.0				2	17.2	4.399999999999999
methanogenium cariaci	22.5	15.0	35.55				2	29.025	13.049999999999997
methanogenium frigidum	15.0	0.0	12.55				2	13.775	2.4499999999999993
methanogenium marinum			23.4				1	23.4	0.0
methanogenium organophilum	32.5	30.0					1	32.5	0.0
methanohalobium evestigatum	40.0	37.0	50.0	46.66666666666666	48.75	Lyubetsky et al., 2020;ThermoBase	4	46.354166666666664	10.0
methanohalophilus euhalobius				32.5			1	32.5	0.0
methanohalophilus halophilus	31.0	18.0		31.0	35.0	Lyubetsky et al., 2020	3	32.333333333333336	4.0
methanohalophilus levihalophilus	35.0	20.0	35.0	35.0			3	35.0	0.0
methanohalophilus mahii				36.0	35.0	Lyubetsky et al., 2020	2	35.5	1.0
methanohalophilus portucalensis	40.0	25.0	42.1	39.25	40.0	ThermoBase	4	40.3375	2.8500000000000014
methanolacinia paynteri	40.0	25.0	39.9	39.0	40.0	ThermoBase	4	39.725	1.0
methanolacinia petrolearia	40.0	17.0		38.5835	40.0	ThermoBase	3	39.527833333333334	1.4164999999999992
methanolinea tarda	50.0	35.0	50.0		50.0	ThermoBase	3	50.0	0.0
methanolobus bombayensis			35.9				1	35.9	0.0
methanolobus chelungpuianus			37.2				1	37.2	0.0
methanolobus oregonensis			35.4				1	35.4	0.0
methanolobus psychrophilus	18.0	0.0	18.0	18.0	37.0	Lyubetsky et al., 2020	4	22.75	19.0
methanolobus psychrotolerans	33.5	0.0		33.5			2	33.5	0.0
methanolobus tindarius				26.0			1	26.0	0.0
methanolobus vulcani				40.0			1	40.0	0.0
methanolobus zinderi	45.0	25.0	42.0	45.0	45.0	ThermoBase	4	44.25	3.0
methanomethylophilus sp000350305				39.0			1	39.0	0.0
methanomethylophilus sp001560915				39.0			1	39.0	0.0
methanomethylovorans hollandica	35.5	12.0		35.65			2	35.575	0.14999999999999858
methanomethylovorans thermophila	50.0	42.0	50.0		50.0	ThermoBase	3	50.0	0.0
methanomethylovorans uponensis			35.0				1	35.0	0.0
methanomicrobium antiquum	35.0	15.0	35.0				2	35.0	0.0
methanomicrobium mobile	40.0	30.0		39.25	40.0	ThermoBase	3	39.75	0.75
methanonatronarchaeum thermophilum	50.0	30.0		50.0	50.0	ThermoBase	3	50.0	0.0
methanoperedens nitroreducens				28.5			1	28.5	0.0
methanoplanus endosymbiosus	32.0	16.0					1	32.0	0.0
methanoplanus limicola	40.0	17.0	34.0	37.833333333333336	40.0	ThermoBase	4	37.958333333333336	6.0
methanopyrus kandleri	99.0	84.5	98.0		101.5	ThermoBase	3	99.5	3.5
methanoregula boonei	36.0	10.0		36.1665			2	36.08325	0.1664999999999992
methanoregula formicica	31.5	10.0		31.5			2	31.5	0.0
methanosaeta concilii			35.0				1	35.0	0.0
methanosaeta harundinacea	35.5	25.0					1	35.5	0.0
methanosaeta thermophila			58.0				1	58.0	0.0
methanosalsum zhilinae			41.0	43.0	45.0	ThermoBase	3	43.0	4.0
methanosarcina acetivorans	37.5	15.0	40.1	37.575	37.5	Lyubetsky et al., 2020	4	38.16875	2.6000000000000014
methanosarcina baltica			20.0				1	20.0	0.0
methanosarcina barkeri			37.95	36.269230769230745	35.0	Lyubetsky et al., 2020;ThermoBase	3	36.40641025641025	2.950000000000003
methanosarcina flavescens	45.0	20.0	45.0	44.375	45.0	ThermoBase	4	44.84375	0.625
methanosarcina lacustris			24.1	22.5			2	23.3	1.6000000000000014
methanosarcina mazei	40.0	20.0	36.0	36.16522222222223	35.0	Lyubetsky et al., 2020	4	36.79130555555556	5.0
methanosarcina semesiae	32.5	18.0	31.0				2	31.75	1.5
methanosarcina siciliae	35.0	20.0	35.1	37.1111111111111			3	35.737037037037034	2.1111111111111
methanosarcina sp.			41.0				1	41.0	0.0
methanosarcina spelaei	33.0	0.0		33.0			2	33.0	0.0
methanosarcina subterranea	35.0	10.0					1	35.0	0.0
methanosarcina thermophila	50.0	35.0	51.0	51.38877777777776	52.5	Lyubetsky et al., 2020;ThermoBase	4	51.22219444444444	2.5
methanosarcina vacuolata	38.5	18.0	36.9	38.25	38.5	Lyubetsky et al., 2020	4	38.0375	1.6000000000000014
methanosphaera cuniculi				37.5			1	37.5	0.0
methanosphaera stadtmanae	38.0	30.0		37.72222222222224	37.0	Lyubetsky et al., 2020	3	37.57407407407408	1.0
methanosphaerula palustris	29.0	14.0		29.0			2	29.0	0.0
methanospirillum hungatei					33.5	Lyubetsky et al., 2020	1	33.5	0.0
methanospirillum lacunae					30.0	BacDive	1	30.0	0.0
methanospirillum stamsii			29.9				1	29.9	0.0
methanothermobacter crinale	60.0	45.0	64.9		65.0	ThermoBase	3	63.300000000000004	5.0
methanothermobacter defluvii	62.5	45.0	60.4		60.0	ThermoBase	3	60.96666666666667	2.5
methanothermobacter marburgensis	60.0	45.0	60.0	62.36111111111111	62.5	Lyubetsky et al., 2020;ThermoBase	4	61.21527777777778	2.5
methanothermobacter sp.			55.0		55.0	ThermoBase	2	55.0	0.0
methanothermobacter sp000828575				55.0			1	55.0	0.0
methanothermobacter tenebrarum	70.0	45.0	70.0		70.0	ThermoBase	3	70.0	0.0
methanothermobacter thermautotrophicus	67.5	40.0	62.0	65.39351851851853	62.5	Lyubetsky et al., 2020;ThermoBase	4	64.34837962962963	5.5
methanothermobacter thermoflexus	55.0	45.0	58.0		55.0	ThermoBase	3	56.0	3.0
methanothermobacter thermophilus	57.0	45.0	58.0		55.0	ThermoBase	3	56.666666666666664	3.0
methanothermobacter wolfeii	55.0	37.0	60.0		60.0	Lyubetsky et al., 2020;ThermoBase	3	58.333333333333336	5.0
methanothermobacter_a tenebrarum				70.0			1	70.0	0.0
methanothermococcus okinawensis	62.5	40.0	63.8		62.25	Lyubetsky et al., 2020;ThermoBase	3	62.85	1.5499999999999972
methanothermococcus thermolithotrophicus	62.5	17.0	61.5	63.333333333333336	65.0	ThermoBase	4	63.083333333333336	3.5
methanothermococcus_a aeolicus				44.2			1	44.2	0.0
methanothermococcus_a okinawensis				61.5			1	61.5	0.0
methanothermus fervidus	83.0	65.0	73.1	82.41666666666667	82.75	Lyubetsky et al., 2020;ThermoBase	4	80.31666666666666	9.900000000000006
methanothermus sociabilis	88.0	55.0	84.0		88.0	ThermoBase	3	86.66666666666667	4.0
methanothrix soehngenii	37.5	10.0		37.5	37.5	Lyubetsky et al., 2020	3	37.5	0.0
methanothrix thermoacetophila	57.5	30.0			55.0	ThermoBase	2	56.25	2.5
methanothrix_a harundinacea_d				35.5			1	35.5	0.0
methanothrix_b thermoacetophila				57.5			1	57.5	0.0
methanotorris formicicus	70.0	55.0	71.35	71.0	75.0	ThermoBase	4	71.8375	5.0
methanotorris igneus	88.0	45.0	86.6	86.66666666666667	88.0	Lyubetsky et al., 2020;ThermoBase	4	87.31666666666666	1.4000000000000057
methermicoccus shengliensis	65.0	50.0	65.0	65.0			3	65.0	0.0
methylacidimicrobium cyclopophantes					44.0	aciDB	1	44.0	0.0
methylacidimicrobium tartarophylax					38.0	aciDB	1	38.0	0.0
methylacidiphilum caldifontis					55.0	aciDB	1	55.0	0.0
methylacidiphilum fumariolicum				55.0			1	55.0	0.0
methylacidiphilum fumarolicum					55.0	aciDB	1	55.0	0.0
methylacidiphilum infernorum				60.0	60.0	aciDB	2	60.0	0.0
methylacidiphilum kamchatkense	55.0	37.0		55.0	55.0	ThermoBase;aciDB	3	55.0	0.0
methylacidiphilum sp.					55.0	aciDB	1	55.0	0.0
methylarcula marina	32.0	10.0					1	32.0	0.0
methylarcula terricola	30.5	10.0					1	30.5	0.0
methylibium petroleiphilum			26.0	27.857			2	26.9285	1.8569999999999993
methylobacillus arboreus	21.5	10.0	29.0				2	25.25	7.5
methylobacillus caricis	25.5	20.0					1	25.5	0.0
methylobacillus flagellatus	42.0	10.0	37.0	37.55555555555557	42.0	Lyubetsky et al., 2020;ThermoBase	4	39.63888888888889	5.0
methylobacillus gramineus	21.5	10.0	29.0				2	25.25	7.5
methylobacillus methanolivorans	32.0	10.0					1	32.0	0.0
methylobacillus pratensis	27.5	10.0			27.5	BacDive	2	27.5	0.0
methylobacillus rhizosphaerae	27.5	15.0		27.5			2	27.5	0.0
methylobacillus sp.			29.0				1	29.0	0.0
methylobacter bovis			20.1				1	20.1	0.0
methylobacter marinus	35.0	15.0					1	35.0	0.0
methylobacter psychrophilus	6.75	1.0					1	6.75	0.0
methylobacter tundripaludum			22.0				1	22.0	0.0
methylobacter vinelandii			20.1				1	20.1	0.0
methylobacter whittenburyi	32.5	15.0		32.5			2	32.5	0.0
methylobacter_a tundripaludum				23.0			1	23.0	0.0
methylobacterium adhaesivum					28.0	BacDive	1	28.0	0.0
methylobacterium aerolatum					28.0	BacDive	1	28.0	0.0
methylobacterium aquaticum			27.0		28.0	BacDive	2	27.5	1.0
methylobacterium brachiatum			31.0	31.0	30.0	BacDive	3	30.666666666666668	1.0
methylobacterium cerastii	20.0	10.0	27.0		20.0	BacDive	3	22.333333333333332	7.0
methylobacterium extorquens			29.0	28.8783181818182			2	28.9391590909091	0.12168181818179846
methylobacterium fujisawaense				27.0			1	27.0	0.0
methylobacterium gregans					25.0	BacDive	1	25.0	0.0
methylobacterium hispanicum			27.0		28.0	BacDive	2	27.5	1.0
methylobacterium iners	26.5	10.0			26.5	BacDive	2	26.5	0.0
methylobacterium isbiliense					28.0	BacDive	1	28.0	0.0
methylobacterium komagatae					25.0	BacDive	1	25.0	0.0
methylobacterium lusitanum			29.0				1	29.0	0.0
methylobacterium marchantiae	27.5	4.0			27.5	BacDive	2	27.5	0.0
methylobacterium mesophilicum			26.0	27.33333333333335			2	26.666666666666675	1.33333333333335
methylobacterium organophilum				28.667			1	28.667	0.0
methylobacterium oryzae					28.0	BacDive	1	28.0	0.0
methylobacterium persicinum	27.5	10.0			27.5	BacDive	2	27.5	0.0
methylobacterium phyllosphaerae					28.0	BacDive	1	28.0	0.0
methylobacterium platani	27.5	20.0		27.5			2	27.5	0.0
methylobacterium pseudosasicola	29.0	20.0		29.0			2	29.0	0.0
methylobacterium radiotolerans			26.5		27.5	Lyubetsky et al., 2020	2	27.0	1.0
methylobacterium rhodesianum			29.0				1	29.0	0.0
methylobacterium rhodinum			27.0				1	27.0	0.0
methylobacterium suomiense			29.0				1	29.0	0.0
methylobacterium tardum					30.0	BacDive	1	30.0	0.0
methylobacterium tarhaniae	26.5	10.0		26.5			2	26.5	0.0
methylobacterium thiocyanatum			32.0				1	32.0	0.0
methylobacterium thuringiense	20.0	10.0	27.0				2	23.5	7.0
methylobacterium trifolii	20.5	10.0					1	20.5	0.0
methylobacterium variabile					28.0	BacDive	1	28.0	0.0
methylobacterium zatmanii			31.0				1	31.0	0.0
methylocaldum marinum	36.0	20.0		36.0			2	36.0	0.0
methylocaldum szegediense	55.0	37.0		41.25	55.0	ThermoBase	3	50.416666666666664	13.75
methylocaldum tepidum	42.0	30.0			42.0	ThermoBase	2	42.0	0.0
methylocapsa acidiphila			21.0				1	21.0	0.0
methylocapsa aurea	27.5	2.0					1	27.5	0.0
methylocapsa palsarum	21.5	6.0					1	21.5	0.0
methyloceanibacter caenitepidi	35.0	19.0	35.0	35.0			3	35.0	0.0
methylocella palustris	17.5	10.0	20.0				2	18.75	2.5
methylocella silvestris	20.0	4.0	23.0	20.0			3	21.0	3.0
methylocella tundrae			10.0	20.0	15.0	BacDive	3	15.0	10.0
methylococcus capsulatus			41.0	43.66666666666665	45.0	Lyubetsky et al., 2020	3	43.22222222222222	4.0
methylocystis bryophila	27.5	8.0	22.0	27.5	27.5	BacDive	4	26.125	5.5
methylocystis heyeri			20.0	20.0	25.0	BacDive	3	21.666666666666668	5.0
methylocystis hirsuta			26.0		30.0	BacDive	2	28.0	4.0
methylocystis rosea	27.0	5.0	26.0	27.0	27.0	BacDive	4	26.75	1.0
methyloferula stellata	21.5	4.0	23.0	22.25	21.5	aciDB	4	22.0625	1.5
methyloglobulus morosus	20.0	4.0					1	20.0	0.0
methylohalobius crimeensis					30.0	BacDive	1	30.0	0.0
methyloligella halotolerans	29.0	10.0		29.0			2	29.0	0.0
methyloligella solikamskensis	29.0	10.0					1	29.0	0.0
methylomagnum ishizawai	32.0	20.0		32.0			2	32.0	0.0
methylomarinovum caldicuralii	47.5	30.0	45.0		47.5	ThermoBase	3	46.666666666666664	2.5
methylomarinum vadi				40.0			1	40.0	0.0
methylomicrobium pelagicum	22.5	10.0					1	22.5	0.0
methylomonas lenta	20.0	15.0		20.0			2	20.0	0.0
methylomonas methanica			20.1		32.5	Lyubetsky et al., 2020	2	26.3	12.399999999999999
methylomonas paludis	22.5	8.0		22.5			2	22.5	0.0
methylomonas scandinavica	17.0	5.0					1	17.0	0.0
methyloparacoccus murrellii	29.0	20.0					1	29.0	0.0
methylophaga alcalica	27.0	4.0					1	27.0	0.0
methylophaga frappieri	34.0	15.0	29.0	34.0			3	32.333333333333336	5.0
methylophaga lonarensis	29.0	20.0		29.0			2	29.0	0.0
methylophaga nitratireducenticrescens			29.0				1	29.0	0.0
methylophaga thiooxydans				23.0			1	23.0	0.0
methylophilus methylotrophus			33.0	36.8			2	34.9	3.799999999999997
methylophilus quaylei	27.0	10.0					1	27.0	0.0
methylophilus sp.			29.0				1	29.0	0.0
methylopila capsulata			29.0	29.3333333333333			2	29.16666666666665	0.3333333333333002
methylopila henanensis	33.5	15.0					1	33.5	0.0
methylopila musalis	29.0	16.0					1	29.0	0.0
methylopila oligotropha	29.0	16.0					1	29.0	0.0
methyloprofundus sedimenti			20.0				1	20.0	0.0
methylorosula polaris	22.5	4.0	20.0				2	21.25	2.5
methylorubrum extorquens					27.5	Lyubetsky et al., 2020	1	27.5	0.0
methylorubrum zatmanii					27.5	Lyubetsky et al., 2020	1	27.5	0.0
methylosinus sporium			29.0				1	29.0	0.0
methylosinus trichosporium				28.75			1	28.75	0.0
methylosoma difficile			20.0		25.0	BacDive	2	22.5	5.0
methylotenera versatilis	19.5	4.0		19.5			2	19.5	0.0
methyloterricola oryzae	32.0	15.0		32.0			2	32.0	0.0
methylothermus subterraneus	57.5	37.0	56.25		57.5	ThermoBase	3	57.083333333333336	1.25
methylothermus thermalis	58.0	37.0			58.0	ThermoBase	2	58.0	0.0
methyloversatilis thermotolerans	33.5	10.0					1	33.5	0.0
methyloversatilis universalis	33.5	10.0	29.0				2	31.25	4.5
methylovirgula ligni	22.0	4.0		22.0	22.0	aciDB	3	22.0	0.0
methylovorus glucosotrophus			32.0	33.5	36.0	Lyubetsky et al., 2020	3	33.833333333333336	4.0
methylovulum miyakonense			27.0		28.0	BacDive	2	27.5	1.0
methylovulum psychrotolerans	22.5	2.0		22.5			2	22.5	0.0
micrarchaeum acidiphilum					38.0	aciDB	1	38.0	0.0
microaerobacter geothermalis	55.0	37.0	50.0		55.0	ThermoBase	3	53.333333333333336	5.0
microbacterium aerolatum			27.0		28.0	BacDive	2	27.5	1.0
microbacterium agarici			29.0				1	29.0	0.0
microbacterium ammoniaphilum			29.0				1	29.0	0.0
microbacterium amylolyticum			29.0		28.0	BacDive	2	28.5	1.0
microbacterium aquimaris	27.5	15.0	29.0		27.75	BacDive	3	28.083333333333332	1.5
microbacterium arabinogalactanolyticum					28.0	BacDive	1	28.0	0.0
microbacterium arborescens					28.0	BacDive	1	28.0	0.0
microbacterium aurantiacum			32.0		28.0	BacDive	2	30.0	4.0
microbacterium aurum			29.0		29.0	BacDive;Lyubetsky et al., 2020	2	29.0	0.0
microbacterium azadirachtae					28.0	BacDive	1	28.0	0.0
microbacterium barkeri			33.0		28.0	BacDive	2	30.5	5.0
microbacterium binotii			31.0		29.0	BacDive	2	30.0	2.0
microbacterium chocolatum			29.0		28.0	BacDive;Lyubetsky et al., 2020	2	28.5	1.0
microbacterium dextranolyticum			29.0		28.0	BacDive	2	28.5	1.0
microbacterium esteraromaticum					28.0	BacDive	1	28.0	0.0
microbacterium faecale	26.5	7.0		26.5			2	26.5	0.0
microbacterium flavescens			26.5	26.0	28.0	BacDive	3	26.833333333333332	2.0
microbacterium flavum			27.0				1	27.0	0.0
microbacterium foliorum			27.0		28.0	BacDive	2	27.5	1.0
microbacterium ginsengisoli					28.0	BacDive	1	28.0	0.0
microbacterium ginsengiterrae					30.0	BacDive	1	30.0	0.0
microbacterium gubbeenense			29.0				1	29.0	0.0
microbacterium halotolerans			29.0				1	29.0	0.0
microbacterium hatanonis					29.0	BacDive	1	29.0	0.0
microbacterium hominis					28.0	BacDive	1	28.0	0.0
microbacterium hydrocarbonoxydans			29.0		33.5	BacDive	2	31.25	4.5
microbacterium hydrocarbonoxydans_a				33.5			1	33.5	0.0
microbacterium hydrothermale	29.0	10.0		29.0			2	29.0	0.0
microbacterium immunditiarum					30.0	BacDive	1	30.0	0.0
microbacterium imperiale					28.0	BacDive	1	28.0	0.0
microbacterium indicum			27.0	22.0	22.0	BacDive	3	23.666666666666668	5.0
microbacterium insulae					30.0	BacDive	1	30.0	0.0
microbacterium invictum			29.0		25.75	BacDive	2	27.375	3.25
microbacterium jejuense	27.5	12.0					1	27.5	0.0
microbacterium keratanolyticum					28.0	BacDive	1	28.0	0.0
microbacterium kitamiense			29.0				1	29.0	0.0
microbacterium koreense			29.0		30.0	BacDive	2	29.5	1.0
microbacterium kribbense	29.0	20.0			28.0	BacDive	2	28.5	1.0
microbacterium kyungheense	27.5	12.0		27.5			2	27.5	0.0
microbacterium lacticum			29.0	29.3333333333333	28.0	BacDive	3	28.777777777777768	1.3333333333333002
microbacterium laevaniformans			33.5		28.0	BacDive	2	30.75	5.5
microbacterium lemovicicum			29.0				1	29.0	0.0
microbacterium liquefaciens			29.0		28.0	BacDive	2	28.5	1.0
microbacterium luteolum					28.0	BacDive	1	28.0	0.0
microbacterium luticocti	36.0	27.0		36.0	36.0	BacDive	3	36.0	0.0
microbacterium marinilacus					26.5	BacDive	1	26.5	0.0
microbacterium marinum	26.5	2.0		26.5			2	26.5	0.0
microbacterium maritypicum			26.0	26.0			2	26.0	0.0
microbacterium mitrae					30.0	BacDive	1	30.0	0.0
microbacterium natoriense			29.0		30.0	BacDive	2	29.5	1.0
microbacterium neimengense					37.0	BacDive	1	37.0	0.0
microbacterium oleivorans				33.5	33.5	BacDive	2	33.5	0.0
microbacterium oryzae			29.0				1	29.0	0.0
microbacterium oxydans					28.0	BacDive	1	28.0	0.0
microbacterium paludicola	27.5	15.0			27.75	BacDive;Lyubetsky et al., 2020	2	27.625	0.25
microbacterium paraoxydans	27.5	15.0	33.0	30.45			3	30.316666666666666	5.5
microbacterium petrolearium	30.5	4.0					1	30.5	0.0
microbacterium phyllosphaerae					28.0	BacDive	1	28.0	0.0
microbacterium profundi			29.0		28.0	BacDive	2	28.5	1.0
microbacterium pumilum			29.0				1	29.0	0.0
microbacterium radiodurans					28.0	BacDive	1	28.0	0.0
microbacterium resistens					28.0	BacDive	1	28.0	0.0
microbacterium saperdae					28.0	BacDive	1	28.0	0.0
microbacterium schleiferi					28.0	BacDive	1	28.0	0.0
microbacterium sediminicola			29.0		28.5	BacDive	2	28.75	0.5
microbacterium sediminis					28.0	BacDive	1	28.0	0.0
microbacterium shaanxiense			27.0				1	27.0	0.0
microbacterium soli					30.0	BacDive	1	30.0	0.0
microbacterium terrae					28.0	BacDive	1	28.0	0.0
microbacterium terregens	23.0	10.0	24.0		28.0	BacDive	3	25.0	5.0
microbacterium testaceum					29.0	BacDive;Lyubetsky et al., 2020	1	29.0	0.0
microbacterium thalassium					28.0	BacDive	1	28.0	0.0
microbacterium trichothecenolyticum					28.0	BacDive	1	28.0	0.0
microbacterium tumbae	27.5	10.0					1	27.5	0.0
microbacterium ulmi			27.0				1	27.0	0.0
microbacterium xylanilyticum	27.5	15.0	29.0		27.75	BacDive	3	28.083333333333332	1.5
microbacterium_a agarici				27.5			1	27.5	0.0
microbacterium_a humi				27.5			1	27.5	0.0
microbaculum marinum	35.0	20.0					1	35.0	0.0
microbispora rosea			41.0	34.0			2	37.5	7.0
microbulbifer agarilyticus					33.0	BacDive	1	33.0	0.0
microbulbifer agarilyticus_b				33.0			1	33.0	0.0
microbulbifer donghaiensis	35.0	20.0					1	35.0	0.0
microbulbifer elongatus			23.0				1	23.0	0.0
microbulbifer epialgicus					30.0	BacDive	1	30.0	0.0
microbulbifer gwangyangensis	35.0	10.0					1	35.0	0.0
microbulbifer mangrovi	36.0	20.0		36.0			2	36.0	0.0
microbulbifer marinus	27.5	15.0		27.5			2	27.5	0.0
microbulbifer pacificus	35.0	15.0		35.0			2	35.0	0.0
microbulbifer rhizosphaerae	40.0	15.0		40.0	40.0	ThermoBase	3	40.0	0.0
microbulbifer taiwanensis					28.0	BacDive	1	28.0	0.0
microbulbifer thermotolerans			42.0	44.0	46.0	BacDive	3	44.0	4.0
microbulbifer yueqingensis	33.5	15.0		33.5			2	33.5	0.0
microcella alkaliphila			36.0	35.0			2	35.5	1.0
microcella frigidaquae					30.0	BacDive	1	30.0	0.0
microcella putealis	35.0	15.0	35.65	35.0			3	35.21666666666667	0.6499999999999986
microchaete diplosiphon			21.0				1	21.0	0.0
micrococcus aloeverae	35.0	15.0					1	35.0	0.0
micrococcus cohnii					26.0	BacDive	1	26.0	0.0
micrococcus endophyticus					28.0	BacDive	1	28.0	0.0
micrococcus flavus	31.0	26.0		31.0	31.0	BacDive	3	31.0	0.0
micrococcus luteus			29.0	28.3928571428571	32.5	BacDive;Lyubetsky et al., 2020	3	29.964285714285698	4.1071428571429
micrococcus lylae			32.0	32.5			2	32.25	0.5
micrococcus terreus	33.0	20.0					1	33.0	0.0
micrococcus yunnanensis			29.0		28.0	BacDive	2	28.5	1.0
microcoleus sp.			22.0				1	22.0	0.0
microcoleus vaginatus			22.0				1	22.0	0.0
microcystis aeruginosa			23.0				1	23.0	0.0
microcystis flos-aquae			35.0				1	35.0	0.0
microcystis ichthyoblabe			35.0				1	35.0	0.0
microcystis sp.			22.0				1	22.0	0.0
microcystis wesenbergii			35.0				1	35.0	0.0
microlunatus endophyticus	29.0	20.0					1	29.0	0.0
microlunatus ginsengisoli			27.0				1	27.0	0.0
microlunatus phosphovorus			31.0		25.0	Lyubetsky et al., 2020	2	28.0	6.0
microlunatus_a soli				27.5			1	27.5	0.0
micromonospora arenicola				22.917			1	22.917	0.0
micromonospora aurantiaca			34.0	34.0	28.0	BacDive	3	32.0	6.0
micromonospora auratinigra			29.0		28.0	BacDive	2	28.5	1.0
micromonospora brunnescens			26.0				1	26.0	0.0
micromonospora carbonacea			27.0				1	27.0	0.0
micromonospora chaiyaphumensis				27.5	27.5	BacDive	2	27.5	0.0
micromonospora chalcea			27.0		28.0	BacDive	2	27.5	1.0
micromonospora chersina	40.5	18.0		40.5	34.25	BacDive;ThermoBase	3	38.416666666666664	6.25
micromonospora citrea			27.0				1	27.0	0.0
micromonospora coerulea			27.0		28.0	BacDive	2	27.5	1.0
micromonospora eburnea			27.0	27.5	27.75	BacDive	3	27.416666666666668	0.75
micromonospora echinaurantiaca			26.5				1	26.5	0.0
micromonospora echinospora			27.0		28.0	BacDive	2	27.5	1.0
micromonospora endolithica			29.0		28.0	BacDive	2	28.5	1.0
micromonospora endophytica				31.5	31.5	BacDive	2	31.5	0.0
micromonospora fulviviridis			26.5				1	26.5	0.0
micromonospora fulvoviolacea			26.0				1	26.0	0.0
micromonospora globbae	33.5	20.0		33.5			2	33.5	0.0
micromonospora globosa			26.0				1	26.0	0.0
micromonospora halophytica			27.0		28.0	BacDive	2	27.5	1.0
micromonospora inositola			27.0		28.0	BacDive	2	27.5	1.0
micromonospora inyonensis			26.5				1	26.5	0.0
micromonospora lacustris			26.0				1	26.0	0.0
micromonospora lupini					28.0	BacDive	1	28.0	0.0
micromonospora lutea					28.0	BacDive	1	28.0	0.0
micromonospora luteifusca	29.0	12.0		29.0			2	29.0	0.0
micromonospora marina	27.5	15.0		27.5	27.5	BacDive	3	27.5	0.0
micromonospora matsumotoense			27.0				1	27.0	0.0
micromonospora megalomicea			26.0				1	26.0	0.0
micromonospora mirobrigensis			29.0		28.0	BacDive	2	28.5	1.0
micromonospora narashino			26.0				1	26.0	0.0
micromonospora nigra			27.0	26.0			2	26.5	1.0
micromonospora olivasterospora			27.0		28.0	BacDive	2	27.5	1.0
micromonospora pallida			27.0	26.0	28.0	BacDive	3	27.0	2.0
micromonospora parva			26.0				1	26.0	0.0
micromonospora pattaloongensis					27.5	BacDive	1	27.5	0.0
micromonospora pisi					28.0	BacDive	1	28.0	0.0
micromonospora purpureochromogenes			26.5	27.0	28.0	BacDive	3	27.166666666666668	1.5
micromonospora rhizosphaerae				34.0	34.0	BacDive	2	34.0	0.0
micromonospora rifamycinica					28.0	BacDive	1	28.0	0.0
micromonospora rosaria					28.0	BacDive	1	28.0	0.0
micromonospora saelicesensis			27.0		28.0	BacDive	2	27.5	1.0
micromonospora sagamiensis			27.0				1	27.0	0.0
micromonospora schwarzwaldensis			29.0				1	29.0	0.0
micromonospora sediminicola	31.0	20.0		31.0			2	31.0	0.0
micromonospora sonneratiae	34.0	20.0					1	34.0	0.0
micromonospora terminaliae	32.0	15.0					1	32.0	0.0
micromonospora tropica				25.833			1	25.833	0.0
micromonospora viridifaciens			27.0				1	27.0	0.0
micromonospora wenchangensis	32.5	16.0					1	32.5	0.0
micromonospora yulongensis			26.0				1	26.0	0.0
micromonospora_e pattaloongensis				27.5			1	27.5	0.0
micropepsis pineolensis	35.0	15.0					1	35.0	0.0
micropogonias altipinnis					65.0	aciDB	1	65.0	0.0
microscilla marina				22.0			1	22.0	0.0
microterricola gilva					26.5	BacDive	1	26.5	0.0
microterricola pindariensis					26.5	BacDive	1	26.5	0.0
microterricola viridarii	22.5	10.0		22.5	22.5	BacDive;Lyubetsky et al., 2020	3	22.5	0.0
microterricola viridarii_a				18.75			1	18.75	0.0
microtetraspora fusca			29.0				1	29.0	0.0
microtetraspora glauca			32.0				1	32.0	0.0
microvirga aerilata					30.0	BacDive	1	30.0	0.0
microvirga aerophila					30.0	BacDive	1	30.0	0.0
microvirga flocculans			43.0				1	43.0	0.0
microvirga lotononidis	41.0	15.0		41.0	41.0	ThermoBase	3	41.0	0.0
microvirga lupini	39.0	10.0		39.0			2	39.0	0.0
microvirga makkahensis	29.0	20.0		29.0			2	29.0	0.0
microvirga pakistanensis	40.0	20.0		40.0	40.0	ThermoBase	3	40.0	0.0
microvirga subterranea			39.0	40.0			2	39.5	1.0
microvirga zambiensis	35.0	15.0		35.0			2	35.0	0.0
microvirgula aerodenitrificans				32.0			1	32.0	0.0
microvirgula curvata	29.5	10.0					1	29.5	0.0
millisia brevis			29.0	32.5			2	30.75	3.5
mitsuaria noduli	27.5	4.0		27.5			2	27.5	0.0
mitsuokella jalaludinii			39.0				1	39.0	0.0
mixta gaviniae					37.0	BacDive	1	37.0	0.0
mizugakiibacter sediminis	49.0	20.0	45.0	49.0	49.0	ThermoBase	4	48.0	4.0
mobiluncus curtisii					36.0	Lyubetsky et al., 2020	1	36.0	0.0
modestobacter multiseptatus	20.0	0.0	20.0	20.0			3	20.0	0.0
modestobacter roseus					28.0	BacDive	1	28.0	0.0
modestobacter sp.			23.0				1	23.0	0.0
modestobacter versicolor			29.0		25.0	BacDive	2	27.0	4.0
modicisalibacter ilicicola					37.0	BacDive	1	37.0	0.0
modicisalibacter luteus					37.0	BacDive	1	37.0	0.0
modicisalibacter tunisiensis			31.0				1	31.0	0.0
moellerella wisconsensis			35.0				1	35.0	0.0
moheibacter stercoris	30.5	10.0					1	30.5	0.0
monaibacterium marinum	20.0	4.0		20.0			2	20.0	0.0
mongoliibacter ruber	26.5	4.0		26.5			2	26.5	0.0
mongoliicoccus roseus	31.5	4.0					1	31.5	0.0
mongoliimonas terrestris	40.0	20.0			40.0	ThermoBase	2	40.0	0.0
mongoliitalea lutea	31.5	0.0					1	31.5	0.0
monoglobus pectinilyticus	35.0	25.0		35.0			2	35.0	0.0
moorella glycerini	58.0	43.0	60.0	59.0	58.0	ThermoBase	4	58.75	2.0
moorella humiferrea	65.0	46.0	65.0	65.0	65.0	ThermoBase	4	65.0	0.0
moorella mulderi	65.0	40.0	64.0	64.0	65.0	ThermoBase	4	64.5	1.0
moorella perchloratireducens	57.5	40.0	55.0		57.5	ThermoBase	3	56.666666666666664	2.5
moorella stamsii	65.0	50.0	62.5	65.0	65.0	ThermoBase	4	64.375	2.5
moorella thermoacetica	57.0	47.0	58.5	57.576923076923066	57.0	Lyubetsky et al., 2020;ThermoBase	4	57.51923076923077	1.5
moorella thermoautotrophica	56.5	36.0	59.0				2	57.75	2.5
moraxella atlantae			36.0				1	36.0	0.0
moraxella bovis			35.0				1	35.0	0.0
moraxella bovoculi				35.0	35.0	BacDive	2	35.0	0.0
moraxella canis			32.0				1	32.0	0.0
moraxella catarrhalis			35.0		34.0	Lyubetsky et al., 2020	2	34.5	1.0
moraxella caviae			35.5				1	35.5	0.0
moraxella cuniculi			35.0				1	35.0	0.0
moraxella equi			33.0				1	33.0	0.0
moraxella lacunata			34.0				1	34.0	0.0
moraxella lincolnii			31.0				1	31.0	0.0
moraxella nonliquefaciens			32.0				1	32.0	0.0
moraxella osloensis			32.0				1	32.0	0.0
moraxella ovis			35.0		34.0	Lyubetsky et al., 2020	2	34.5	1.0
moraxella pluranimalium				29.5	29.5	BacDive	2	29.5	0.0
moraxella porci					37.0	BacDive	1	37.0	0.0
moraxella saccharolytica			32.0				1	32.0	0.0
moraxella sp.			35.0				1	35.0	0.0
moraxella_a atlantae				35.0			1	35.0	0.0
morganella morganii			35.0		36.0	Lyubetsky et al., 2020	2	35.5	1.0
morganella psychrotolerans			29.0				1	29.0	0.0
moritella abyssi	4.5	2.0	5.0				2	4.75	0.5
moritella dasanensis	9.0	-3.0	10.0				2	9.5	1.0
moritella japonica			10.0				1	10.0	0.0
moritella marina			20.05	16.5			2	18.275	3.5500000000000007
moritella profunda	2.0	2.0	5.0				2	3.5	3.0
moritella sp.			7.0				1	7.0	0.0
moritella sp001574435				6.5			1	6.5	0.0
moritella viscosa			13.5	12.5			2	13.0	1.0
motilimonas eburnea	30.5	15.0					1	30.5	0.0
motiliproteus sediminis	31.5	12.0	26.0	31.5			3	29.666666666666668	5.5
mucilaginibacter amnicola	17.5	10.0					1	17.5	0.0
mucilaginibacter angelicae	27.5	4.0					1	27.5	0.0
mucilaginibacter antarcticus	15.0	4.0					1	15.0	0.0
mucilaginibacter auburnensis			29.0				1	29.0	0.0
mucilaginibacter carri	20.0	10.0					1	20.0	0.0
mucilaginibacter dorajii	22.5	4.0					1	22.5	0.0
mucilaginibacter formosus	29.0	15.0					1	29.0	0.0
mucilaginibacter frigoritolerans			22.0				1	22.0	0.0
mucilaginibacter galii	21.5	4.0		21.5			2	21.5	0.0
mucilaginibacter ginsenosidivorax	33.5	10.0		33.5			2	33.5	0.0
mucilaginibacter gracilis	20.0	2.0	24.0	20.0			3	21.333333333333332	4.0
mucilaginibacter koreensis	26.5	4.0					1	26.5	0.0
mucilaginibacter lappiensis			22.0				1	22.0	0.0
mucilaginibacter mallensis			22.0				1	22.0	0.0
mucilaginibacter oryzae	27.5	15.0		27.5			2	27.5	0.0
mucilaginibacter paludis			24.0	20.5			2	22.25	3.5
mucilaginibacter phyllosphaerae	22.5	4.0		22.5			2	22.5	0.0
mucilaginibacter pineti	26.0	15.0		26.0			2	26.0	0.0
mucilaginibacter pocheonensis	33.5	10.0					1	33.5	0.0
mucilaginibacter polytrichastri	29.0	4.0		29.0			2	29.0	0.0
mucilaginibacter roseus	33.5	10.0					1	33.5	0.0
mucilaginibacter soli	26.5	4.0					1	26.5	0.0
muricauda antarctica	35.0	15.0					1	35.0	0.0
muricauda lutaonensis	41.0	25.0					1	41.0	0.0
muricauda marina	32.0	16.0					1	32.0	0.0
muricauda olearia	27.5	15.0		27.5			2	27.5	0.0
muricauda ruestringensis				27.5			1	27.5	0.0
muricauda taeanensis	33.5	15.0					1	33.5	0.0
muricauda zhangzhouensis	26.5	10.0		26.5			2	26.5	0.0
muriicola jejuensis	27.5	15.0		27.5			2	27.5	0.0
muriicola marianensis	32.5	4.0		32.5			2	32.5	0.0
murinocardiopsis flavida			29.0				1	29.0	0.0
myceligenerans halotolerans	32.5	10.0					1	32.5	0.0
myceligenerans salitolerans	35.0	15.0		35.0			2	35.0	0.0
mycetocola lacteus					28.0	BacDive	1	28.0	0.0
mycetocola miduiensis	22.5	0.0					1	22.5	0.0
mycetocola reblochoni					28.0	BacDive	1	28.0	0.0
mycetocola saprophilus					28.0	BacDive	1	28.0	0.0
mycetocola tolaasinivorans					28.0	BacDive	1	28.0	0.0
mycetocola_a miduiensis				22.5			1	22.5	0.0
mycetohabitans endofungorum					30.5	BacDive	1	30.5	0.0
mycetohabitans rhizoxinica					30.5	BacDive	1	30.5	0.0
mycobacterium abscessus			35.0	35.5			2	35.25	0.5
mycobacterium aemonae			29.0				1	29.0	0.0
mycobacterium aichiense			36.0				1	36.0	0.0
mycobacterium angelicum			29.0				1	29.0	0.0
mycobacterium aromaticivorans			29.0				1	29.0	0.0
mycobacterium arosiense	42.0	36.0	34.0	42.0	42.0	ThermoBase	4	40.0	8.0
mycobacterium aubagnense			35.0				1	35.0	0.0
mycobacterium aurum			34.0	34.4285714285714			2	34.2142857142857	0.4285714285714022
mycobacterium austroafricanum			35.0				1	35.0	0.0
mycobacterium avium					39.5	Lyubetsky et al., 2020	1	39.5	0.0
mycobacterium botniense			46.0	46.6666666666667			2	46.33333333333335	0.6666666666666998
mycobacterium bouchedurhonense			29.0				1	29.0	0.0
mycobacterium brumae			35.0				1	35.0	0.0
mycobacterium canariasense			35.0				1	35.0	0.0
mycobacterium chelonae			36.0	35.6153846153846			2	35.8076923076923	0.384615384615401
mycobacterium chitae			36.0				1	36.0	0.0
mycobacterium chlorophenolicum			30.0				1	30.0	0.0
mycobacterium colombiense				28.5			1	28.5	0.0
mycobacterium conceptionense			32.0				1	32.0	0.0
mycobacterium conspicuum			36.0				1	36.0	0.0
mycobacterium cookii			29.0				1	29.0	0.0
mycobacterium cosmeticum			33.0				1	33.0	0.0
mycobacterium crocinum			32.0				1	32.0	0.0
mycobacterium diernhoferi			36.0				1	36.0	0.0
mycobacterium fallax			31.0				1	31.0	0.0
mycobacterium farcinogenes			36.0	36.4705882352941			2	36.23529411764705	0.47058823529410176
mycobacterium flavescens			36.0				1	36.0	0.0
mycobacterium florentinum			35.0	31.0			2	33.0	4.0
mycobacterium fluoranthenivorans			35.0				1	35.0	0.0
mycobacterium fortuitum			36.0	37.0666666666667			2	36.533333333333346	1.0666666666666984
mycobacterium franklinii			34.0				1	34.0	0.0
mycobacterium frederiksbergense				34.0			1	34.0	0.0
mycobacterium gadium			36.0				1	36.0	0.0
mycobacterium genavense	42.0	25.0		42.0	42.0	ThermoBase	3	42.0	0.0
mycobacterium gilvum			35.0	34.2222222222222			2	34.6111111111111	0.7777777777777999
mycobacterium goodii			34.0				1	34.0	0.0
mycobacterium gordonae	35.0	28.0		35.0			2	35.0	0.0
mycobacterium haemophilum	31.0	25.0	31.0	31.0	31.0	Lyubetsky et al., 2020	4	31.0	0.0
mycobacterium heckeshornense	42.0	37.0	42.0	42.16666666666665	42.0	ThermoBase	4	42.041666666666664	0.1666666666666501
mycobacterium heidelbergense	34.0	30.0		34.0			2	34.0	0.0
mycobacterium hodleri			27.0				1	27.0	0.0
mycobacterium holsaticum			34.0				1	34.0	0.0
mycobacterium immunogenum			35.0				1	35.0	0.0
mycobacterium intracellulare	34.0	22.0		34.375	34.0	Lyubetsky et al., 2020	3	34.125	0.375
mycobacterium kansasii				36.3076923076923	37.0	Lyubetsky et al., 2020	2	36.653846153846146	0.6923076923077005
mycobacterium komossense			34.0				1	34.0	0.0
mycobacterium kubicae	35.0	28.0		35.0			2	35.0	0.0
mycobacterium kyorinense				35.0			1	35.0	0.0
mycobacterium leprae					37.0	Lyubetsky et al., 2020	1	37.0	0.0
mycobacterium lutetiense			29.0				1	29.0	0.0
mycobacterium madagascariense			32.0	34.0			2	33.0	2.0
mycobacterium manitobense			35.0				1	35.0	0.0
mycobacterium mantenii				36.0			1	36.0	0.0
mycobacterium marinum			31.0	29.5714285714286	30.0	Lyubetsky et al., 2020	3	30.1904761904762	1.4285714285713986
mycobacterium marseillense			29.0				1	29.0	0.0
mycobacterium mucogenicum			34.0				1	34.0	0.0
mycobacterium murale			32.0				1	32.0	0.0
mycobacterium nebraskense	32.5	25.0	34.0	32.5			3	33.0	1.5
mycobacterium neglectum			21.0				1	21.0	0.0
mycobacterium noviomagense			35.0				1	35.0	0.0
mycobacterium obuense			34.0				1	34.0	0.0
mycobacterium pallens			29.0				1	29.0	0.0
mycobacterium palustre	36.0	30.0		36.0			2	36.0	0.0
mycobacterium paraffinicum			35.0				1	35.0	0.0
mycobacterium parmense				31.0			1	31.0	0.0
mycobacterium peregrinum			36.0				1	36.0	0.0
mycobacterium phlei			36.0	36.4166666666667			2	36.20833333333335	0.4166666666666998
mycobacterium phocaicum			35.0				1	35.0	0.0
mycobacterium poriferae			35.0				1	35.0	0.0
mycobacterium pseudoshottsii			26.0				1	26.0	0.0
mycobacterium psychrotolerans			35.0				1	35.0	0.0
mycobacterium pyrenivorans			29.0				1	29.0	0.0
mycobacterium rhodesiae			36.0				1	36.0	0.0
mycobacterium riyadhense				36.0			1	36.0	0.0
mycobacterium rufum			29.0				1	29.0	0.0
mycobacterium saskatchewanense				31.0			1	31.0	0.0
mycobacterium scrofulaceum	35.0	22.0		35.0			2	35.0	0.0
mycobacterium septicum			36.0				1	36.0	0.0
mycobacterium sherrisii	33.5	24.0		33.5			2	33.5	0.0
mycobacterium shimoidei	41.0	28.0		41.0	41.0	ThermoBase	3	41.0	0.0
mycobacterium shottsii			24.0				1	24.0	0.0
mycobacterium smegmatis			36.0	36.6666666666667			2	36.33333333333335	0.6666666666666998
mycobacterium sp.			35.0				1	35.0	0.0
mycobacterium sphagni			34.0				1	34.0	0.0
mycobacterium stomatepiae			29.0				1	29.0	0.0
mycobacterium thermoresistibile			39.0	41.0			2	40.0	2.0
mycobacterium tuberculosis			38.0	36.905	37.0	Lyubetsky et al., 2020	3	37.30166666666667	1.0949999999999989
mycobacterium tusciae			33.0				1	33.0	0.0
mycobacterium ulcerans			32.0				1	32.0	0.0
mycobacterium vaccae			36.0				1	36.0	0.0
mycobacterium wolinskyi			32.0				1	32.0	0.0
mycobacterium xenopi			38.0	43.5			2	40.75	5.5
mycobacteroides abscessus					32.5	Lyubetsky et al., 2020	1	32.5	0.0
mycobacteroides immunogenum					30.0	Lyubetsky et al., 2020	1	30.0	0.0
mycolicibacter algericus	38.5	25.0					1	38.5	0.0
mycolicibacterium arabiense	32.5	5.0					1	32.5	0.0
mycolicibacterium aurum					31.0	Lyubetsky et al., 2020	1	31.0	0.0
mycolicibacterium chubuense					31.0	Lyubetsky et al., 2020	1	31.0	0.0
mycolicibacterium confluentis	34.0	22.0					1	34.0	0.0
mycolicibacterium fortuitum					37.0	Lyubetsky et al., 2020	1	37.0	0.0
mycolicibacterium gilvum					31.0	Lyubetsky et al., 2020	1	31.0	0.0
mycolicibacterium goodii					37.5	Lyubetsky et al., 2020	1	37.5	0.0
mycolicibacterium komossense	31.0	22.0					1	31.0	0.0
mycolicibacterium madagascariense	31.0	22.0					1	31.0	0.0
mycolicibacterium mageritense	33.5	22.0					1	33.5	0.0
mycolicibacterium neoaurum					31.0	Lyubetsky et al., 2020	1	31.0	0.0
mycolicibacterium smegmatis					35.0	Lyubetsky et al., 2020	1	35.0	0.0
mycolicibacterium sphagni	31.0	22.0					1	31.0	0.0
mycolicibacterium vanbaalenii					30.5	Lyubetsky et al., 2020	1	30.5	0.0
mycoplana dimorpha				29.0			1	29.0	0.0
mycoplana ramosa			29.0				1	29.0	0.0
mycoplasma aquilae			35.0				1	35.0	0.0
mycoplasma capricolum					37.0	Lyubetsky et al., 2020	1	37.0	0.0
mycoplasma columbinum			35.0				1	35.0	0.0
mycoplasma columborale			35.0				1	35.0	0.0
mycoplasma crocodyli					30.0	Lyubetsky et al., 2020	1	30.0	0.0
mycoplasma enhydrae	36.0	31.0					1	36.0	0.0
mycoplasma leachii					37.0	Lyubetsky et al., 2020	1	37.0	0.0
mycoplasma mobile			26.0				1	26.0	0.0
mycoplasma mucosicanis			35.0				1	35.0	0.0
mycoplasma mycoides				37.5	37.0	Lyubetsky et al., 2020	2	37.25	0.5
mycoplasma preputii			35.0				1	35.0	0.0
mycoplasma putrefaciens					37.0	Lyubetsky et al., 2020	1	37.0	0.0
mycoplasma sp.			36.0				1	36.0	0.0
mycoplasma yeatsii					37.0	Lyubetsky et al., 2020	1	37.0	0.0
mycoplasma_j mobile				20.0			1	20.0	0.0
mycoplasmoides gallisepticum					37.0	Lyubetsky et al., 2020	1	37.0	0.0
mycoplasmoides genitalium					37.0	Lyubetsky et al., 2020	1	37.0	0.0
mycoplasmoides pneumoniae					37.0	Lyubetsky et al., 2020	1	37.0	0.0
mycoplasmopsis agalactiae					37.0	Lyubetsky et al., 2020	1	37.0	0.0
mycoplasmopsis arginini					37.0	Lyubetsky et al., 2020	1	37.0	0.0
mycoplasmopsis bovis					37.0	Lyubetsky et al., 2020	1	37.0	0.0
mycoplasmopsis californica					37.0	Lyubetsky et al., 2020	1	37.0	0.0
mycoplasmopsis canis					37.0	Lyubetsky et al., 2020	1	37.0	0.0
mycoplasmopsis cynos					37.0	Lyubetsky et al., 2020	1	37.0	0.0
mycoplasmopsis fermentans					37.0	Lyubetsky et al., 2020	1	37.0	0.0
mycoplasmopsis pullorum					37.0	Lyubetsky et al., 2020	1	37.0	0.0
mycoplasmopsis pulmonis					37.0	Lyubetsky et al., 2020	1	37.0	0.0
mycoplasmopsis synoviae					37.0	Lyubetsky et al., 2020	1	37.0	0.0
mycoplasmopsis_a sturni				35.5			1	35.5	0.0
mycothermus thermophilus					40.0	ThermoBase	1	40.0	0.0
myroides marinus			27.0		30.0	BacDive	2	28.5	3.0
myroides odoratimimus			29.0				1	29.0	0.0
myroides odoratus			31.0				1	31.0	0.0
myroides phaeus					28.0	BacDive	1	28.0	0.0
myroides profundi	32.5	8.0	15.0				2	23.75	17.5
myxococcus fulvus				28.0188679245283	29.0	Lyubetsky et al., 2020	2	28.50943396226415	0.9811320754716988
myxococcus macrosporus			26.0	30.333			2	28.1665	4.332999999999998
myxococcus sp.			26.0				1	26.0	0.0
myxococcus stipitatus				28.0833333333333			1	28.0833333333333	0.0
myxococcus virescens				28.0225988700565			1	28.0225988700565	0.0
myxococcus xanthus	29.0	25.0		26.800855072463765			2	27.90042753623188	2.199144927536235
myxosarcina sp.			24.0				1	24.0	0.0
naegleria fowleri					42.0	ThermoBase	1	42.0	0.0
nafulsella turpanensis	33.5	10.0		33.5			2	33.5	0.0
nakamurella endophytica	29.0	20.0		29.0			2	29.0	0.0
nakamurella intestinalis	29.0	4.0					1	29.0	0.0
nakamurella multipartita			27.0		25.0	Lyubetsky et al., 2020	2	26.0	2.0
nannocystis exedens				28.045871559633			1	28.045871559633	0.0
nanoarchaeum equitans			90.0		87.5	ThermoBase	2	88.75	2.5
nanopusillus acidilobi					82.0	ThermoBase	1	82.0	0.0
natranaerobaculum magadiense	47.5	20.0	45.0		47.5	ThermoBase	3	46.666666666666664	2.5
natranaerobius thermophilus	53.0	35.0	51.5	52.0	53.0	ThermoBase	4	52.375	1.5
natranaerobius trueperi	52.0	26.0	51.0		52.0	ThermoBase	3	51.666666666666664	1.0
natranaerobius_a trueperi				52.0			1	52.0	0.0
natrarchaeobaculum aegyptiacum					52.0	ThermoBase	1	52.0	0.0
natrarchaeobius chitinivorans	43.0	20.0		43.0	43.0	ThermoBase	3	43.0	0.0
natrarchaeobius halalkaliphilus	45.0	25.0		45.0	45.0	ThermoBase	3	45.0	0.0
natrialba aegyptia				39.5			1	39.5	0.0
natrialba asiatica			45.0	35.0			2	40.0	10.0
natrialba chahannaoensis	45.0	20.0		46.25	45.0	ThermoBase	3	45.416666666666664	1.25
natrialba hulunbeirensis	50.0	20.0		50.0	50.0	ThermoBase	3	50.0	0.0
natrialba magadii	38.5	20.0		38.5	38.5	Lyubetsky et al., 2020	3	38.5	0.0
natrialba swarupiae	40.0	35.0					1	40.0	0.0
natribacillus halophilus					30.0	BacDive	1	30.0	0.0
natribaculum luteum					45.0	ThermoBase	1	45.0	0.0
natrinema gari	38.5	20.0		38.5			2	38.5	0.0
natrinema hispanicum					50.0	ThermoBase	1	50.0	0.0
natrinema limicola					47.5	ThermoBase	1	47.5	0.0
natrinema longum					43.0	ThermoBase	1	43.0	0.0
natrinema mahii				45.0	50.0	ThermoBase	2	47.5	5.0
natrinema pallidum				38.5			1	38.5	0.0
natrinema pellirubrum			51.0	32.5	38.5	Lyubetsky et al., 2020	3	40.666666666666664	18.5
natrinema saccharevitans				43.5	43.5	ThermoBase	2	43.5	0.0
natrinema salaciae	45.0	20.0	45.0		45.0	ThermoBase	3	45.0	0.0
natrinema salifodinae					41.0	ThermoBase	1	41.0	0.0
natrinema soli	40.0	25.0			40.0	ThermoBase	2	40.0	0.0
natrinema sp.			48.0		50.0	ThermoBase	2	49.0	2.0
natrinema thermotolerans					45.5	ThermoBase	1	45.5	0.0
natrinema versiforme	41.5	20.0			41.5	ThermoBase	2	41.5	0.0
natronincola ferrireducens			35.0	35.0			2	35.0	0.0
natronincola peptidivorans	36.0	15.0	35.0				2	35.5	1.0
natronoarchaeum persicum	38.5	20.0					1	38.5	0.0
natronoarchaeum philippinense	41.0	20.0		40.0	41.0	ThermoBase	3	40.666666666666664	1.0
natronobacterium gregoryi			47.0		37.0	Lyubetsky et al., 2020	2	42.0	10.0
natronobiforma cellulositropha	43.0	18.0			43.0	ThermoBase	2	43.0	0.0
natronococcus amylolyticus	42.5	22.0		42.5	42.5	ThermoBase	3	42.5	0.0
natronococcus jeotgali	41.0	21.0		41.0	41.0	ThermoBase	3	41.0	0.0
natronococcus occultus	37.5	25.0	45.0	37.3	37.5	Lyubetsky et al., 2020	4	39.325	7.700000000000003
natronococcus roseus	41.0	30.0			41.0	ThermoBase	2	41.0	0.0
natronolimnobius aegyptiacus	52.0	30.0					1	52.0	0.0
natronolimnobius baerhuensis				41.0	41.0	ThermoBase	2	41.0	0.0
natronolimnobius innermongolicus	43.0	19.0					1	43.0	0.0
natronolimnohabitans innermongolicus					43.0	ThermoBase	1	43.0	0.0
natronomonas gomsonensis	40.0	20.0			40.0	ThermoBase	2	40.0	0.0
natronomonas moolapensis	38.5	25.0		38.5			2	38.5	0.0
natronomonas pharaonis	45.0	25.0	41.5	45.0	45.0	Lyubetsky et al., 2020;ThermoBase	4	44.125	3.5
natronorubrum aibiense	45.0	25.0		45.0	45.0	ThermoBase	3	45.0	0.0
natronorubrum bangense	45.0	25.0			45.0	ThermoBase	2	45.0	0.0
natronorubrum sulfidifaciens	45.5	20.0		45.5	45.5	ThermoBase	3	45.5	0.0
natronorubrum tibetense	45.0	25.0		45.0	45.0	ThermoBase	3	45.0	0.0
natronovirga wadinatrunensis	51.0	26.0	50.5		51.0	ThermoBase	3	50.833333333333336	0.5
nautella italica			20.0				1	20.0	0.0
nautilia abyssi	60.0	33.0	60.0		60.0	ThermoBase	3	60.0	0.0
nautilia lithotrophica	53.0	37.0	54.0		53.0	ThermoBase	3	53.333333333333336	1.0
nautilia nitratireducens	55.0	25.0	54.8		55.0	ThermoBase	3	54.93333333333334	0.20000000000000284
nautilia profundicola	40.0	30.0	41.45	40.833333333333336	40.0	ThermoBase	4	40.57083333333333	1.4500000000000028
neiella marina	26.5	10.0		26.5			2	26.5	0.0
neisseria animaloris			35.0				1	35.0	0.0
neisseria cinerea			34.0				1	34.0	0.0
neisseria elongata	35.0	20.0	33.0	34.5	35.0	Lyubetsky et al., 2020	4	34.375	2.0
neisseria gonorrhoeae				36.45833333333335	35.5	Lyubetsky et al., 2020	2	35.97916666666667	0.9583333333333499
neisseria lactamica			35.0	35.5	35.5	Lyubetsky et al., 2020	3	35.333333333333336	0.5
neisseria macacae	36.0	30.0	35.0	36.0			3	35.666666666666664	1.0
neisseria meningitidis					36.5	Lyubetsky et al., 2020	1	36.5	0.0
neisseria mucosa			34.5	21.227			2	27.863500000000002	13.273
neisseria mucosa_a				36.0			1	36.0	0.0
neisseria oralis			21.0				1	21.0	0.0
neisseria perflava			36.0				1	36.0	0.0
neisseria polysaccharea			35.0	36.0			2	35.5	1.0
neisseria sicca			34.0				1	34.0	0.0
neisseria sicca_d				36.0			1	36.0	0.0
neisseria sp.			36.0				1	36.0	0.0
neisseria subflava			33.0				1	33.0	0.0
neisseria subflava_b				36.0			1	36.0	0.0
neisseria weaveri			33.0		30.0	Lyubetsky et al., 2020	2	31.5	3.0
neisseria zoodegmatis			36.0				1	36.0	0.0
nemorincola caseinilytica	29.0	20.0					1	29.0	0.0
neobacillus bataviensis					30.0	BacDive	1	30.0	0.0
neobacillus drentensis					30.0	BacDive	1	30.0	0.0
neobacillus fumarioli					50.0	BacDive;ThermoBase	1	50.0	0.0
neobacillus soli					30.0	BacDive	1	30.0	0.0
neobacillus thermocopriae					50.0	ThermoBase	1	50.0	0.0
neobacillus vireti					30.0	BacDive	1	30.0	0.0
neomegalonema perideroedes	27.5	15.0	23.0	27.5			3	26.0	4.5
neorhizobium galegae			27.0				1	27.0	0.0
neorhizobium huautlense			26.0				1	26.0	0.0
neoroseomonas alkaliterrae					45.0	ThermoBase	1	45.0	0.0
neoroseomonas lacus					30.0	BacDive	1	30.0	0.0
neptunicella marina	31.0	10.0		31.0			2	31.0	0.0
neptunicoccus sediminis	35.0	5.0					1	35.0	0.0
neptuniibacter halophilus	27.5	20.0					1	27.5	0.0
neptunomonas acidivorans	29.0	10.0					1	29.0	0.0
neptunomonas antarctica	15.0	4.0	20.0	16.666666666666668			3	17.222222222222225	5.0
neptunomonas japonica	20.0	5.0	20.0				2	20.0	0.0
neptunomonas naphthovorans			23.0				1	23.0	0.0
neptunomonas qingdaonensis	20.0	4.0		20.0			2	20.0	0.0
nereida ignava				20.5			1	20.5	0.0
nesiotobacter exalbescens			29.0				1	29.0	0.0
nesterenkonia aethiopica	32.5	25.0					1	32.5	0.0
nesterenkonia alba	42.0	20.0		42.0	42.0	BacDive;ThermoBase	3	42.0	0.0
nesterenkonia alkaliphila	40.0	4.0			40.0	ThermoBase	2	40.0	0.0
nesterenkonia endophytica	22.5	5.0					1	22.5	0.0
nesterenkonia flava					37.0	BacDive	1	37.0	0.0
nesterenkonia halobia			29.0		28.0	BacDive	2	28.5	1.0
nesterenkonia halophila					28.0	BacDive	1	28.0	0.0
nesterenkonia halotolerans					28.0	BacDive	1	28.0	0.0
nesterenkonia jeotgali			29.0				1	29.0	0.0
nesterenkonia lacusekhoensis			23.0	20.0	22.0	BacDive	3	21.666666666666668	3.0
nesterenkonia lutea			29.0				1	29.0	0.0
nesterenkonia pannonica	26.5	10.0					1	26.5	0.0
nesterenkonia sandarakina			29.0				1	29.0	0.0
nesterenkonia suensis					36.0	BacDive	1	36.0	0.0
nesterenkonia xinjiangensis					28.0	BacDive	1	28.0	0.0
nevskia ramosa			27.0				1	27.0	0.0
nevskia soli	26.5	15.0					1	26.5	0.0
nevskia terrae	29.0	15.0					1	29.0	0.0
niabella aurantiaca	27.5	10.0	27.0	27.5			3	27.333333333333332	0.5
niabella ginsengisoli	29.0	5.0					1	29.0	0.0
niabella ginsenosidivorans	27.5	18.0		27.5			2	27.5	0.0
niabella soli				32.333			1	32.333	0.0
niabella tibetensis	27.5	15.0					1	27.5	0.0
niastella gongjuensis	29.0	15.0					1	29.0	0.0
niastella koreensis				33.5			1	33.5	0.0
niastella yeongjuensis				31.5			1	31.5	0.0
nibribacter flagellatus	29.0	10.0					1	29.0	0.0
nibricoccus aquaticus	27.5	15.0		27.5			2	27.5	0.0
nioella aestuarii	27.5	4.0					1	27.5	0.0
nioella sediminis	27.5	10.0		27.5			2	27.5	0.0
nitratidesulfovibrio vulgaris					33.0	Lyubetsky et al., 2020	1	33.0	0.0
nitratifractor salsuginis			47.9	37.2			2	42.55	10.699999999999996
nitratireductor aquibiodomus			29.0	34.75			2	31.875	5.75
nitratireductor aquimarinus	32.5	20.0		32.5			2	32.5	0.0
nitratireductor indicus	27.5	10.0		27.5			2	27.5	0.0
nitratireductor pacificus	27.5	10.0		27.5			2	27.5	0.0
nitratireductor soli	27.5	15.0		27.5			2	27.5	0.0
nitratiruptor sp.					55.0	ThermoBase	1	55.0	0.0
nitratiruptor tergarcus	55.0	40.0	61.55		55.0	ThermoBase	3	57.18333333333334	6.549999999999997
nitriliruptor alkaliphilus				32.0			1	32.0	0.0
nitrincola alkalilacustris	24.0	10.0		24.0			2	24.0	0.0
nitrincola schmidtii	17.5	10.0		17.5			2	17.5	0.0
nitrobacter hamburgensis	29.0	5.0		29.0	29.0	Lyubetsky et al., 2020	3	29.0	0.0
nitrobacter sp.			26.0				1	26.0	0.0
nitrobacter vulgaris	29.0	5.0		29.0			2	29.0	0.0
nitrobacter winogradskyi			27.0		29.0	Lyubetsky et al., 2020	2	28.0	2.0
nitrococcus mobilis			26.0	27.5			2	26.75	1.5
nitrosocaldus cavascurensis					68.0	ThermoBase	1	68.0	0.0
nitrosocaldus islandicus					65.0	ThermoBase	1	65.0	0.0
nitrosocaldus yellowstonensis					69.0	ThermoBase	1	69.0	0.0
nitrosococcus oceani			26.0				1	26.0	0.0
nitrosomonas cryotolerans			26.0				1	26.0	0.0
nitrosopumilus adriaticus	31.0	15.0		31.5			2	31.25	0.5
nitrosopumilus maritimus	32.0	15.0		32.0			2	32.0	0.0
nitrosopumilus piranensis	32.0	15.0		32.0			2	32.0	0.0
nitrosopumilus ureiphilus	26.0	10.0		26.0			2	26.0	0.0
nitrososphaera gargensis				48.0			1	48.0	0.0
nitrososphaera viennensis	42.0	28.0	42.0	42.0	42.0	ThermoBase	4	42.0	0.0
nitrososphaerota archaeon					77.0	aciDB	1	77.0	0.0
nitrosospira lacus			26.0				1	26.0	0.0
nitrosospira multiformis			27.0				1	27.0	0.0
nitrosotalea devanaterra					25.0	aciDB	1	25.0	0.0
nitrosotalea okcheonensis					25.0	aciDB	1	25.0	0.0
nitrospira moscoviensis	39.0	33.0			39.0	Lyubetsky et al., 2020	2	39.0	0.0
niveispirillum fermenti	35.0	20.0					1	35.0	0.0
niveispirillum irakense			29.0				1	29.0	0.0
nocardia abscessus			31.0				1	31.0	0.0
nocardia acidivorans				27.5			1	27.5	0.0
nocardia alba			29.0				1	29.0	0.0
nocardia altamirensis			29.0				1	29.0	0.0
nocardia anaemiae				27.0			1	27.0	0.0
nocardia aobensis			29.0				1	29.0	0.0
nocardia araoensis			29.0				1	29.0	0.0
nocardia artemisiae	24.0	10.0					1	24.0	0.0
nocardia arthritidis			29.0				1	29.0	0.0
nocardia asteroides			28.5	30.32236842105265			2	29.411184210526326	1.8223684210526514
nocardia beijingensis			31.0				1	31.0	0.0
nocardia blacklockiae			33.0				1	33.0	0.0
nocardia brasiliensis			33.0	32.5	36.0	Lyubetsky et al., 2020	3	33.833333333333336	3.5
nocardia brevicatena			36.0				1	36.0	0.0
nocardia caishijiensis			29.0				1	29.0	0.0
nocardia canicruria			26.0				1	26.0	0.0
nocardia carnea			29.0	29.0			2	29.0	0.0
nocardia cerradoensis			29.0				1	29.0	0.0
nocardia coeliaca			26.0				1	26.0	0.0
nocardia concava			29.0				1	29.0	0.0
nocardia coubleae			31.0				1	31.0	0.0
nocardia crassostreae			26.0				1	26.0	0.0
nocardia cummidelens			29.0				1	29.0	0.0
nocardia cyriacigeorgica				29.5			1	29.5	0.0
nocardia elegans			29.0	32.0			2	30.5	3.0
nocardia farcinica			32.0	31.7333333333333	35.0	Lyubetsky et al., 2020	3	32.9111111111111	3.2666666666667012
nocardia flavorosea			29.0				1	29.0	0.0
nocardia fluminea			29.0				1	29.0	0.0
nocardia globerula			27.0				1	27.0	0.0
nocardia grenadensis				27.5			1	27.5	0.0
nocardia halotolerans	29.0	15.0					1	29.0	0.0
nocardia higoensis			29.0				1	29.0	0.0
nocardia ignorata			29.0				1	29.0	0.0
nocardia inohanensis			32.0	32.5			2	32.25	0.5
nocardia jejuensis			29.0	33.5			2	31.25	4.5
nocardia jiangxiensis			29.0	27.0			2	28.0	2.0
nocardia jinanensis				26.0			1	26.0	0.0
nocardia kruczakiae			29.0				1	29.0	0.0
nocardia mexicana			33.0				1	33.0	0.0
nocardia mikamii				35.0			1	35.0	0.0
nocardia miyunensis				27.0			1	27.0	0.0
nocardia neocaledoniensis			29.0	27.75			2	28.375	1.25
nocardia niigatensis			29.0				1	29.0	0.0
nocardia niwae			35.0	35.0			2	35.0	0.0
nocardia nova				29.0	35.0	Lyubetsky et al., 2020	2	32.0	6.0
nocardia otitidiscaviarum			28.0	28.4			2	28.2	0.3999999999999986
nocardia paucivorans			31.0	31.0			2	31.0	0.0
nocardia pneumoniae			29.0				1	29.0	0.0
nocardia polyresistens			29.0				1	29.0	0.0
nocardia pseudobrasiliensis			33.0				1	33.0	0.0
nocardia rayongensis	26.5	20.0					1	26.5	0.0
nocardia salmonicida			26.0				1	26.0	0.0
nocardia salmonicolor			27.0				1	27.0	0.0
nocardia seriolae			29.0		22.5	Lyubetsky et al., 2020	2	25.75	6.5
nocardia shimofusensis			29.0				1	29.0	0.0
nocardia sienata			29.0				1	29.0	0.0
nocardia tartaricans			26.0				1	26.0	0.0
nocardia tenerifensis			27.0				1	27.0	0.0
nocardia terpenica			29.0				1	29.0	0.0
nocardia testacea			27.0				1	27.0	0.0
nocardia thailandica			29.0				1	29.0	0.0
nocardia transvalensis			34.0	34.0			2	34.0	0.0
nocardia vermiculata			29.0				1	29.0	0.0
nocardia vinacea			29.0				1	29.0	0.0
nocardia wallacei	35.0	25.0	31.0	35.0			3	33.666666666666664	4.0
nocardia yamanashiensis			29.0	32.5			2	30.75	3.5
nocardioides albus			27.0				1	27.0	0.0
nocardioides alkalitolerans				27.5			1	27.5	0.0
nocardioides alpinus			20.0				1	20.0	0.0
nocardioides antarcticus	20.0	4.0	20.0				2	20.0	0.0
nocardioides aquaticus	21.0	3.0	22.0	20.5			3	21.166666666666668	1.5
nocardioides aquiterrae			29.0				1	29.0	0.0
nocardioides aromaticivorans			29.0				1	29.0	0.0
nocardioides daecheongensis	29.0	10.0					1	29.0	0.0
nocardioides deserti	29.0	10.0		29.0			2	29.0	0.0
nocardioides dokdonensis					25.0	Lyubetsky et al., 2020	1	25.0	0.0
nocardioides flava	24.0	10.0					1	24.0	0.0
nocardioides furvisabuli			29.0				1	29.0	0.0
nocardioides ganghwensis			29.0				1	29.0	0.0
nocardioides gilvus	31.5	4.0		31.5			2	31.5	0.0
nocardioides ginsengisegetis	27.5	4.0		27.5			2	27.5	0.0
nocardioides glacieisoli	20.0	0.0		20.0			2	20.0	0.0
nocardioides humi	33.5	25.0					1	33.5	0.0
nocardioides hungaricus	24.0	20.0					1	24.0	0.0
nocardioides insulae			29.0				1	29.0	0.0
nocardioides intraradicalis	29.0	15.0					1	29.0	0.0
nocardioides kongjuensis			29.0				1	29.0	0.0
nocardioides kribbensis			29.0				1	29.0	0.0
nocardioides luteus			27.0				1	27.0	0.0
nocardioides maradonensis	33.5	20.0					1	33.5	0.0
nocardioides marinus	27.5	10.0		27.5			2	27.5	0.0
nocardioides oleivorans			29.0				1	29.0	0.0
nocardioides panacihumi			29.0				1	29.0	0.0
nocardioides panacisoli	27.5	10.0					1	27.5	0.0
nocardioides panaciterrulae	27.5	4.0		27.5			2	27.5	0.0
nocardioides panzhihuensis	26.5	10.0		26.5			2	26.5	0.0
nocardioides pelophilus	31.5	10.0		31.5			2	31.5	0.0
nocardioides perillae	32.0	20.0		32.0			2	32.0	0.0
nocardioides plantarum			27.0				1	27.0	0.0
nocardioides psychrotolerans			20.0	20.0			2	20.0	0.0
nocardioides pyridinolyticus	35.0	20.0					1	35.0	0.0
nocardioides rotundus	32.5	15.0					1	32.5	0.0
nocardioides salarius	27.5	10.0		27.5			2	27.5	0.0
nocardioides salsibiostraticola	20.0	5.0					1	20.0	0.0
nocardioides simplex				29.0			1	29.0	0.0
nocardioides soli	32.5	20.0		32.5			2	32.5	0.0
nocardioides szechwanensis			20.0	18.75			2	19.375	1.25
nocardioides terrae	29.0	16.0		29.0			2	29.0	0.0
nocardioides thalensis	33.5	20.0		33.5			2	33.5	0.0
nocardioides ultimimeridianus	33.5	10.0					1	33.5	0.0
nocardioides zeicaulis	29.0	10.0	29.0				2	29.0	0.0
nocardiopsis alba					28.0	Lyubetsky et al., 2020	1	28.0	0.0
nocardiopsis alkaliphila	29.0	10.0					1	29.0	0.0
nocardiopsis baichengensis	38.5	20.0					1	38.5	0.0
nocardiopsis chromatogenes	38.5	20.0					1	38.5	0.0
nocardiopsis dassonvillei			29.0	28.6	32.5	Lyubetsky et al., 2020	3	30.03333333333333	3.8999999999999986
nocardiopsis flavescens	35.0	23.0	35.0				2	35.0	0.0
nocardiopsis ganjiahuensis				29.333			1	29.333	0.0
nocardiopsis gilva					29.0	Lyubetsky et al., 2020	1	29.0	0.0
nocardiopsis listeri			27.0				1	27.0	0.0
nocardiopsis lucentensis			33.0				1	33.0	0.0
nocardiopsis mangrovei	33.5	15.0					1	33.5	0.0
nocardiopsis metallicus			29.0				1	29.0	0.0
nocardiopsis potens			31.0				1	31.0	0.0
nocardiopsis prasina			27.0				1	27.0	0.0
nocardiopsis rhodophaea	38.5	20.0					1	38.5	0.0
nocardiopsis rosea	38.5	20.0					1	38.5	0.0
nocardiopsis salina			29.0				1	29.0	0.0
nocardiopsis sediminis	26.5	20.0					1	26.5	0.0
nocardiopsis sp.			29.0				1	29.0	0.0
nocardiopsis synnemasporogenes	33.5	10.0					1	33.5	0.0
nocardiopsis trehalosi	32.5	18.0	29.0				2	30.75	3.5
nocardiopsis tropica			29.0				1	29.0	0.0
nocardiopsis yanglingensis	45.0	25.0			45.0	ThermoBase	2	45.0	0.0
nocardiopsis_a chromatogenes				38.5			1	38.5	0.0
nocardiopsis_a halophila				35.1			1	35.1	0.0
nocardiopsis_a potens				28.5			1	28.5	0.0
nocardiopsis_c gilva				28.667			1	28.667	0.0
nodularia harveyana			22.0				1	22.0	0.0
nodularia sphaerocarpa			22.0				1	22.0	0.0
nonlabens antarcticus	15.0	8.0		15.0			2	15.0	0.0
nonlabens arenilitoris	27.5	10.0		27.5			2	27.5	0.0
nonlabens dokdonensis					25.0	BacDive	1	25.0	0.0
nonlabens marinus	22.5	10.0		22.5			2	22.5	0.0
nonlabens spongiae	29.0	20.0		29.0			2	29.0	0.0
nonlabens tegetincola	32.0	12.0		28.375			2	30.1875	3.625
nonlabens ulvanivorans			21.0	20.0			2	20.5	1.0
nonlabens xylanidelens				20.0	20.0	BacDive	2	20.0	0.0
nonomuraea africana			29.0				1	29.0	0.0
nonomuraea angiospora			29.0				1	29.0	0.0
nonomuraea bangladeshensis			29.0				1	29.0	0.0
nonomuraea coxensis			29.0				1	29.0	0.0
nonomuraea dietziae			26.0				1	26.0	0.0
nonomuraea endophytica	24.0	10.0		24.0			2	24.0	0.0
nonomuraea fastidiosa			31.0				1	31.0	0.0
nonomuraea ferruginea			29.0				1	29.0	0.0
nonomuraea gerenzanensis	32.5	22.0					1	32.5	0.0
nonomuraea helvata			34.5				1	34.5	0.0
nonomuraea indica	29.0	10.0		29.0			2	29.0	0.0
nonomuraea muscovyensis	29.0	28.0		29.0			2	29.0	0.0
nonomuraea polychroma			32.5				1	32.5	0.0
nonomuraea purpurea	26.0	10.0					1	26.0	0.0
nonomuraea pusilla			34.0	32.5			2	33.25	1.5
nonomuraea recticatena			29.0				1	29.0	0.0
nonomuraea rhizophila	24.0	10.0					1	24.0	0.0
nonomuraea roseola			29.0				1	29.0	0.0
nonomuraea roseoviolacea			30.5				1	30.5	0.0
nonomuraea rubra			30.0				1	30.0	0.0
nonomuraea salmonea			33.0				1	33.0	0.0
nonomuraea spiralis			29.0				1	29.0	0.0
nonomuraea suaedae	32.5	15.0					1	32.5	0.0
nonomuraea thermotolerans	46.0	25.0			46.0	ThermoBase	2	46.0	0.0
nonomuraea turkmeniaca			33.0				1	33.0	0.0
nosocomiicoccus ampullae			32.0				1	32.0	0.0
nostoc calcicola			22.0				1	22.0	0.0
nostoc carneum			20.0				1	20.0	0.0
nostoc commune			20.0				1	20.0	0.0
nostoc linckia			20.0				1	20.0	0.0
nostoc minutum			20.0				1	20.0	0.0
nostoc punctiforme			20.0				1	20.0	0.0
nostoc sp.			23.0				1	23.0	0.0
nostoc verrucosum			20.0				1	20.0	0.0
nostocoides australiense					28.0	BacDive	1	28.0	0.0
nostocoides japonicum					28.0	BacDive	1	28.0	0.0
notoacmeibacter marinus	29.0	15.0		29.0			2	29.0	0.0
novibacillus thermophilus	50.0	30.0		50.0	50.0	ThermoBase	3	50.0	0.0
noviherbaspirillum agri	31.0	10.0					1	31.0	0.0
noviherbaspirillum massiliense	32.5	20.0		32.5			2	32.5	0.0
noviherbaspirillum psychrotolerans	17.0	-5.0	20.0				2	18.5	3.0
novispirillum itersonii			27.5				1	27.5	0.0
novosphingobium arvoryzae	20.0	10.0		20.0			2	20.0	0.0
novosphingobium bradum	20.0	15.0					1	20.0	0.0
novosphingobium capsulatum			27.0				1	27.0	0.0
novosphingobium colocasiae	20.0	10.0		20.0			2	20.0	0.0
novosphingobium fuchskuhlense				26.5			1	26.5	0.0
novosphingobium ginsenosidimutans	31.0	10.0		31.0			2	31.0	0.0
novosphingobium indicum	27.5	10.0		27.5			2	27.5	0.0
novosphingobium lentum	23.0	4.0	20.0	22.0			3	21.666666666666668	3.0
novosphingobium marinum	35.0	15.0		35.0			2	35.0	0.0
novosphingobium mathurense				32.5			1	32.5	0.0
novosphingobium naphthae	31.0	12.0					1	31.0	0.0
novosphingobium nitrogenifigens			29.0				1	29.0	0.0
novosphingobium panipatense				30.312			1	30.312	0.0
novosphingobium piscinae	38.5	20.0		38.5			2	38.5	0.0
novosphingobium pokkalii	29.0	18.0					1	29.0	0.0
novosphingobium resinovorum			27.0	27.25			2	27.125	0.25
novosphingobium rosa			29.0				1	29.0	0.0
novosphingobium sediminis	32.5	18.0		32.5			2	32.5	0.0
novosphingobium soli			29.0				1	29.0	0.0
novosphingobium stygium			29.0				1	29.0	0.0
novosphingobium subterraneum			29.0	20.0			2	24.5	9.0
novosphingobium tardaugens			27.0				1	27.0	0.0
obesumbacterium proteus					28.5	Lyubetsky et al., 2020	1	28.5	0.0
oblitimonas alkaliphila	27.5	10.0		27.5			2	27.5	0.0
occallatibacter riparius	31.5	11.0					1	31.5	0.0
occallatibacter savannae	34.5	11.0			34.5	aciDB	2	34.5	0.0
oceanibacterium hippocampi			20.0				1	20.0	0.0
oceanibaculum indicum	31.0	10.0		29.75			2	30.375	1.25
oceanibaculum nanhaiense	31.0	10.0		31.0			2	31.0	0.0
oceanibaculum pacificum	32.5	10.0					1	32.5	0.0
oceanicaulis stylophorae	37.5	15.0					1	37.5	0.0
oceanicella actignis	50.0	25.0	50.0		50.0	ThermoBase	3	50.0	0.0
oceanicoccus sagamiensis	17.5	10.0		17.5			2	17.5	0.0
oceanidesulfovibrio marinus					37.0	BacDive	1	37.0	0.0
oceaniglobus indicus	31.5	5.0		31.5			2	31.5	0.0
oceanimonas baumannii			27.0				1	27.0	0.0
oceanimonas doudoroffii			29.0				1	29.0	0.0
oceanimonas smirnovii	29.0	10.0	24.0				2	26.5	5.0
oceanirhabdus sediminicola	36.0	22.0	35.0				2	35.5	1.0
oceaniserpentilla haliotis			20.0				1	20.0	0.0
oceanisphaera arctica	24.0	4.0		24.0			2	24.0	0.0
oceanisphaera litoralis			31.0				1	31.0	0.0
oceanisphaera marina	27.5	5.0					1	27.5	0.0
oceanisphaera psychrotolerans	26.5	4.0		26.5			2	26.5	0.0
oceanisphaera sediminis					30.0	BacDive	1	30.0	0.0
oceanispirochaeta sediminicola	27.5	10.0					1	27.5	0.0
oceanithermus desulfurans	60.0	30.0	60.0	60.0	60.0	ThermoBase	4	60.0	0.0
oceanithermus profundus	60.0	40.0	60.0	60.0	60.0	ThermoBase	4	60.0	0.0
oceanivirga salmonicida			20.0				1	20.0	0.0
oceanobacillus aidingensis	35.0	4.0					1	35.0	0.0
oceanobacillus caeni	35.0	20.0	32.0				2	33.5	3.0
oceanobacillus chironomi			32.0		37.0	BacDive	2	34.5	5.0
oceanobacillus damuensis	33.5	15.0					1	33.5	0.0
oceanobacillus halophilus	35.0	20.0		35.0			2	35.0	0.0
oceanobacillus iheyensis			29.0		30.0	Lyubetsky et al., 2020	2	29.5	1.0
oceanobacillus indicireducens	39.0	18.0					1	39.0	0.0
oceanobacillus kapialis					37.0	BacDive	1	37.0	0.0
oceanobacillus limi	35.0	25.0					1	35.0	0.0
oceanobacillus locisalsi	33.5	10.0					1	33.5	0.0
oceanobacillus longus	35.0	25.0					1	35.0	0.0
oceanobacillus manasiensis	33.5	10.0					1	33.5	0.0
oceanobacillus massiliensis	33.5	25.0		33.5			2	33.5	0.0
oceanobacillus neutriphilus					37.0	BacDive	1	37.0	0.0
oceanobacillus oncorhynchi	33.5	10.0	32.0	33.25	37.0	BacDive	4	33.9375	5.0
oceanobacillus picturae			29.0				1	29.0	0.0
oceanobacillus polygoni	35.0	5.0					1	35.0	0.0
oceanobacillus profundus	35.0	15.0		35.0	35.0	BacDive	3	35.0	0.0
oceanobacillus rekensis	33.5	15.0					1	33.5	0.0
oceanobacillus sojae	32.5	15.0					1	32.5	0.0
oceanobacter kriegii			27.0				1	27.0	0.0
oceanospirillum beijerinckii			26.5				1	26.5	0.0
oceanospirillum linum			26.0				1	26.0	0.0
oceanospirillum maris			28.0				1	28.0	0.0
oceanotoga teriensis	56.5	25.0	56.5		56.5	ThermoBase	3	56.5	0.0
ochrobactrum anthropi				27.875			1	27.875	0.0
ochrobactrum cytisi			26.0				1	26.0	0.0
ochrobactrum intermedium				34.75			1	34.75	0.0
ochrobactrum pituitosum	27.5	20.0					1	27.5	0.0
ochrovirga pacifica	26.5	8.0		26.5			2	26.5	0.0
octadecabacter antarcticus			4.0	7.0	7.0	Lyubetsky et al., 2020	3	6.0	3.0
octadecabacter arcticus			4.0	4.0	9.5	Lyubetsky et al., 2020	3	5.833333333333333	5.5
octadecabacter temperatus	20.0	4.0		20.0			2	20.0	0.0
oenococcus oeni	22.0	20.0	29.0	25.805666666666667	22.0	Lyubetsky et al., 2020	4	24.701416666666667	7.0
oerskovia jenensis			29.0		28.0	BacDive	2	28.5	1.0
oerskovia paurometabola			29.0		28.0	BacDive	2	28.5	1.0
oerskovia turbata			29.0	28.4	30.0	BacDive	3	29.133333333333336	1.6000000000000014
oikeobacillus pervagus					45.0	ThermoBase	1	45.0	0.0
okibacterium endophyticum	27.5	5.0					1	27.5	0.0
okibacterium fritillariae	25.5	7.0		25.5			2	25.5	0.0
oleibacter marinus	27.5	10.0	29.0	27.5			3	28.0	1.5
oleidesulfovibrio alaskensis					37.0	BacDive	1	37.0	0.0
oleiharenicola alkalitolerans	31.0	15.0					1	31.0	0.0
oleiphilus messinensis	27.5	10.0	27.0	27.5			3	27.333333333333332	0.5
oleispira antarctica			15.0	15.0			2	15.0	0.0
oligella ureolytica			33.0	34.0			2	33.5	1.0
oligella urethralis			34.5				1	34.5	0.0
oligoflexus tunisiensis	27.5	20.0					1	27.5	0.0
olivibacter jilunii	29.0	4.0					1	29.0	0.0
olivibacter oleidegradans	33.5	15.0					1	33.5	0.0
olivibacter sitiensis			29.0				1	29.0	0.0
olleya algicola	26.5	4.0					1	26.5	0.0
olleya aquimaris					37.0	BacDive	1	37.0	0.0
olleya marilimosa			23.0	17.0	17.0	BacDive	3	19.0	6.0
onishia taeanensis					35.0	BacDive	1	35.0	0.0
orbus sasakiae			24.0				1	24.0	0.0
orenia marismortui			34.0	33.0			2	33.5	1.0
orenia metallireducens	40.0	20.0		40.0			2	40.0	0.0
orenia salinaria	42.5	10.0	35.0		42.5	ThermoBase	3	40.0	7.5
orenia sivashensis			40.0				1	40.0	0.0
oricola cellulosilytica	27.5	20.0		27.5			2	27.5	0.0
ornatilinea apprima	43.5	20.0	42.0		43.5	BacDive;ThermoBase	3	43.0	1.5
ornithinibacillus bavariensis	42.0	15.0		42.0	42.0	BacDive;ThermoBase	3	42.0	0.0
ornithinibacillus californiensis					30.0	BacDive	1	30.0	0.0
ornithinibacillus contaminans					30.0	BacDive	1	30.0	0.0
ornithinibacillus halophilus	37.5	20.0					1	37.5	0.0
ornithinibacillus heyuanensis	35.0	25.0					1	35.0	0.0
ornithinibacillus salinisoli	27.5	10.0					1	27.5	0.0
ornithinibacter aureus	34.0	4.0		34.0	34.0	BacDive	3	34.0	0.0
ornithinicoccus hortensis					28.0	BacDive	1	28.0	0.0
ornithinimicrobium humiphilum			31.0		28.0	BacDive	2	29.5	3.0
ornithinimicrobium kibberense					28.0	BacDive	1	28.0	0.0
ornithinimicrobium murale	27.5	15.0					1	27.5	0.0
ornithinimicrobium pekingense	35.0	26.0		35.0	35.0	BacDive	3	35.0	0.0
ornithobacterium rhinotracheale			36.0	35.0	36.0	Lyubetsky et al., 2020	3	35.666666666666664	1.0
oryzihumus leptocrescens					27.0	BacDive	1	27.0	0.0
oryzihumus terrae	29.0	10.0					1	29.0	0.0
oscillatoria acuminata			22.0				1	22.0	0.0
oscillatoria prolifera			22.0				1	22.0	0.0
oscillatoria sancta			22.0				1	22.0	0.0
oscillatoria sp.			23.0				1	23.0	0.0
oscillatoria tenuis			21.0				1	21.0	0.0
oscillatoria terebriformis					49.0	ThermoBase	1	49.0	0.0
oscillatoria williamsii			22.0				1	22.0	0.0
oscillibacter ruminantium	40.0	30.0		40.0	40.0	ThermoBase	3	40.0	0.0
ottowia oryzae	29.0	10.0		29.0			2	29.0	0.0
ottowia pentelensis	24.0	4.0					1	24.0	0.0
ottowia thiooxydans	26.0	2.0		26.0	26.0	BacDive	3	26.0	0.0
owenweeksia hongkongensis	29.0	4.0		29.0	29.0	BacDive;Lyubetsky et al., 2020	3	29.0	0.0
oxalicibacterium flavum			29.0				1	29.0	0.0
oxalobacter formigenes			29.0				1	29.0	0.0
oxobacter pfennigii	36.0	23.0		36.0			2	36.0	0.0
paecilomyces variotii					50.0	ThermoBase	1	50.0	0.0
paenactinomyces guangxiensis					47.5	ThermoBase	1	47.5	0.0
paenalcaligenes hominis			31.0				1	31.0	0.0
paenarthrobacter aurescens			29.0		28.0	BacDive	2	28.5	1.0
paenarthrobacter histidinolovorans			29.0		28.0	BacDive	2	28.5	1.0
paenarthrobacter ilicis			29.0		28.0	BacDive	2	28.5	1.0
paenarthrobacter nicotinovorans					28.0	BacDive	1	28.0	0.0
paenarthrobacter nitroguajacolicus					27.75	BacDive	1	27.75	0.0
paenarthrobacter ureafaciens			27.5		28.0	BacDive	2	27.75	0.5
paenibacillus albidus	29.0	4.0					1	29.0	0.0
paenibacillus alginolyticus	29.0	5.0					1	29.0	0.0
paenibacillus alvei			31.5				1	31.5	0.0
paenibacillus amylolyticus	29.0	10.0		29.0			2	29.0	0.0
paenibacillus anaericanus	32.5	5.0	30.75				2	31.625	1.75
paenibacillus antarcticus	12.5	4.0	15.0	12.5			3	13.333333333333334	2.5
paenibacillus apis	31.0	15.0					1	31.0	0.0
paenibacillus arcticus	20.0	4.0					1	20.0	0.0
paenibacillus aurantiacus	33.5	20.0					1	33.5	0.0
paenibacillus barengoltzii			29.0				1	29.0	0.0
paenibacillus borealis					28.0	Lyubetsky et al., 2020	1	28.0	0.0
paenibacillus bovis	32.5	10.0					1	32.5	0.0
paenibacillus campinasensis			34.0				1	34.0	0.0
paenibacillus castaneae			29.0				1	29.0	0.0
paenibacillus catalpae	26.5	15.0					1	26.5	0.0
paenibacillus cathormii	33.5	15.0					1	33.5	0.0
paenibacillus cellulositrophicus	33.5	20.0					1	33.5	0.0
paenibacillus chinjuensis	33.5	20.0					1	33.5	0.0
paenibacillus chitinolyticus	31.0	18.0					1	31.0	0.0
paenibacillus chondroitinus	29.0	5.0					1	29.0	0.0
paenibacillus cineris			29.0				1	29.0	0.0
paenibacillus cisolokensis	47.5	37.0	45.0		47.5	ThermoBase	3	46.666666666666664	2.5
paenibacillus darwinianus	23.0	15.0	20.0				2	21.5	3.0
paenibacillus dendritiformis			34.0				1	34.0	0.0
paenibacillus donghaensis	22.5	4.0		22.5			2	22.5	0.0
paenibacillus durus					33.5	Lyubetsky et al., 2020	1	33.5	0.0
paenibacillus ehimensis	34.0	18.0					1	34.0	0.0
paenibacillus filicis	27.5	15.0					1	27.5	0.0
paenibacillus gansuensis	37.5	10.0					1	37.5	0.0
paenibacillus gelatinilyticus	27.5	10.0					1	27.5	0.0
paenibacillus ginsengiterrae	27.5	20.0					1	27.5	0.0
paenibacillus glacialis	22.0	4.0	21.0	22.0			3	21.666666666666668	1.0
paenibacillus glucanolyticus			29.0	29.0			2	29.0	0.0
paenibacillus graminis					28.0	Lyubetsky et al., 2020	1	28.0	0.0
paenibacillus guangzhouensis	35.0	16.0					1	35.0	0.0
paenibacillus harenae	33.5	10.0					1	33.5	0.0
paenibacillus hordei	36.0	4.0					1	36.0	0.0
paenibacillus humicus			31.0				1	31.0	0.0
paenibacillus hunanensis			29.0				1	29.0	0.0
paenibacillus intestini	28.5	10.0					1	28.5	0.0
paenibacillus konsidensis			36.0				1	36.0	0.0
paenibacillus koreensis	23.0	10.0					1	23.0	0.0
paenibacillus kribbensis	33.5	10.0	29.0	33.5	33.5	Lyubetsky et al., 2020	4	32.375	4.5
paenibacillus larvae			32.0		32.5	Lyubetsky et al., 2020	2	32.25	0.5
paenibacillus lentus	38.0	30.0	32.0				2	35.0	6.0
paenibacillus liaoningensis	31.5	4.0					1	31.5	0.0
paenibacillus luteus	29.0	4.0					1	29.0	0.0
paenibacillus macerans			31.0		43.5	ThermoBase	2	37.25	12.5
paenibacillus macquariensis	17.5	0.0	26.0				2	21.75	8.5
paenibacillus marinum	55.0	40.0			55.0	ThermoBase	2	55.0	0.0
paenibacillus massiliensis			32.0				1	32.0	0.0
paenibacillus mendelii			32.0				1	32.0	0.0
paenibacillus naphthalenovorans					33.5	Lyubetsky et al., 2020	1	33.5	0.0
paenibacillus nebraskensis	24.0	10.0					1	24.0	0.0
paenibacillus nicotianae	32.5	4.0	3.0				2	17.75	29.5
paenibacillus odorifer					28.0	Lyubetsky et al., 2020	1	28.0	0.0
paenibacillus pabuli	29.0	5.0		29.0			2	29.0	0.0
paenibacillus panacisoli			35.0				1	35.0	0.0
paenibacillus pasadenensis			29.0				1	29.0	0.0
paenibacillus peoriae					29.0	Lyubetsky et al., 2020	1	29.0	0.0
paenibacillus pinihumi	27.5	15.0					1	27.5	0.0
paenibacillus pinisoli	32.5	15.0					1	32.5	0.0
paenibacillus polymyxa			31.0	31.75	30.0	Lyubetsky et al., 2020	3	30.916666666666668	1.75
paenibacillus polysaccharolyticus	29.0	15.0					1	29.0	0.0
paenibacillus popilliae			29.0				1	29.0	0.0
paenibacillus profundus	32.5	5.0					1	32.5	0.0
paenibacillus prosopidis			29.0				1	29.0	0.0
paenibacillus provencensis			36.0				1	36.0	0.0
paenibacillus puldeungensis			32.0				1	32.0	0.0
paenibacillus purispatii	32.0	10.0					1	32.0	0.0
paenibacillus rhizoplanae	29.0	10.0					1	29.0	0.0
paenibacillus ripae	33.5	15.0					1	33.5	0.0
paenibacillus salinicaeni	32.5	15.0					1	32.5	0.0
paenibacillus sanguinis			32.0				1	32.0	0.0
paenibacillus segetis	33.5	5.0					1	33.5	0.0
paenibacillus seodonensis	27.5	15.0					1	27.5	0.0
paenibacillus shunpengii	35.0	18.0					1	35.0	0.0
paenibacillus silvae	33.5	10.0		33.5			2	33.5	0.0
paenibacillus solanacearum	29.0	15.0					1	29.0	0.0
paenibacillus sp001860525				29.0			1	29.0	0.0
paenibacillus sputi	33.5	15.0					1	33.5	0.0
paenibacillus stellifer					28.0	Lyubetsky et al., 2020	1	28.0	0.0
paenibacillus taichungensis			29.0				1	29.0	0.0
paenibacillus taihuensis	33.5	20.0					1	33.5	0.0
paenibacillus terrae			35.0		30.0	Lyubetsky et al., 2020	2	32.5	5.0
paenibacillus terrae_b				32.5			1	32.5	0.0
paenibacillus tezpurensis	47.5	30.0			47.5	ThermoBase	2	47.5	0.0
paenibacillus thermoaerophilus	52.5	25.0	50.0		52.5	ThermoBase	3	51.666666666666664	2.5
paenibacillus thermophilus	43.5	37.0	45.0				2	44.25	1.5
paenibacillus thiaminolyticus			31.0				1	31.0	0.0
paenibacillus tibetensis			20.0				1	20.0	0.0
paenibacillus timonensis			32.0				1	32.0	0.0
paenibacillus tundrae	27.0	13.0					1	27.0	0.0
paenibacillus turicensis	39.5	15.0	35.0				2	37.25	4.5
paenibacillus urinalis			33.0	35.0			2	34.0	2.0
paenibacillus validus	29.0	5.0					1	29.0	0.0
paenibacillus wooponensis	32.5	10.0					1	32.5	0.0
paenibacillus wynnii			22.0	21.0			2	21.5	1.0
paenibacillus xanthinilyticus	35.0	20.0					1	35.0	0.0
paenibacillus xerothermodurans					37.0	BacDive	1	37.0	0.0
paenibacillus xinjiangensis	32.5	10.0					1	32.5	0.0
paenibacillus xylanexedens	23.0	13.0					1	23.0	0.0
paenibacillus xylanisolvens	33.5	15.0					1	33.5	0.0
paenibacillus_b popilliae				26.0			1	26.0	0.0
paenibacillus_f chitinolyticus				31.0			1	31.0	0.0
paenibacillus_g naphthalenovorans				50.0			1	50.0	0.0
paeniglutamicibacter antarcticus	23.5	4.0		23.5			2	23.5	0.0
paeniglutamicibacter cryotolerans	16.0	-6.0	16.0	16.0			3	16.0	0.0
paeniglutamicibacter gangotriensis	22.0	4.0	22.0	22.0	25.0	BacDive	4	22.75	3.0
paeniglutamicibacter kerguelensis			22.0		25.0	BacDive	2	23.5	3.0
paeniglutamicibacter psychrophenolicus			20.0		20.5	BacDive	2	20.25	0.5
paeniglutamicibacter sulfureus					28.0	BacDive	1	28.0	0.0
paenisporosarcina antarctica	17.5	0.0	18.0	17.5			3	17.666666666666668	0.5
paenisporosarcina indica	20.0	0.0	20.0	20.0			3	20.0	0.0
paenisporosarcina macmurdoensis	19.0	4.0	18.0				2	18.5	1.0
paenisporosarcina quisquiliarum	27.5	15.0					1	27.5	0.0
paenochrobactrum glaciei	29.0	5.0					1	29.0	0.0
paenochrobactrum pullorum	27.5	15.0					1	27.5	0.0
palaeococcus ferrophilus	83.0	60.0	81.5	82.0	83.0	ThermoBase	4	82.375	1.5
palaeococcus helgesonii	80.0	45.0	77.6		80.0	ThermoBase	3	79.2	2.4000000000000057
palaeococcus pacificus	80.0	50.0	80.0	80.0	80.0	ThermoBase	4	80.0	0.0
palleronia marisminoris				28.5			1	28.5	0.0
pallidibacillus thermolactis					50.0	ThermoBase	1	50.0	0.0
paludibacter propionicigenes					30.0	Lyubetsky et al., 2020	1	30.0	0.0
paludibaculum fermentans	24.0	4.0	24.0	24.0			3	24.0	0.0
paludicola psychrotolerans	27.5	4.0					1	27.5	0.0
paludifilum halophilum	42.5	30.0		42.5	42.5	ThermoBase	3	42.5	0.0
paludisphaera borealis	20.0	6.0		20.0			2	20.0	0.0
pandoraea norimbergensis			29.0	29.0			2	29.0	0.0
pandoraea sputorum			35.0				1	35.0	0.0
pandoraea thiooxydans					30.0	BacDive	1	30.0	0.0
pannonibacter carbonis	32.5	4.0		32.5			2	32.5	0.0
pannonibacter phragmitetus				33.0			1	33.0	0.0
pantoea agglomerans			28.0	28.75	30.0	Lyubetsky et al., 2020	3	28.916666666666668	2.0
pantoea ananatis			26.0	28.6666666666667	30.0	Lyubetsky et al., 2020	3	28.222222222222232	4.0
pantoea cypripedii			29.0	27.3333333333333			2	28.16666666666665	1.6666666666666998
pantoea dispersa			29.0				1	29.0	0.0
pantoea eucrina			29.0				1	29.0	0.0
pantoea intestinalis	35.0	15.0					1	35.0	0.0
pantoea stewartii			29.0	27.0	30.0	Lyubetsky et al., 2020	3	28.666666666666668	3.0
parabacteroides chartae	36.0	10.0					1	36.0	0.0
parablastomonas arctica	22.0	4.0					1	22.0	0.0
paraburkholderia aromaticivorans	27.5	20.0					1	27.5	0.0
paraburkholderia azotifigens	27.5	15.0		27.5			2	27.5	0.0
paraburkholderia bryophila					28.0	BacDive	1	28.0	0.0
paraburkholderia caribensis			29.0				1	29.0	0.0
paraburkholderia diazotrophica	33.5	15.0					1	33.5	0.0
paraburkholderia dipogonis	27.5	10.0					1	27.5	0.0
paraburkholderia eburnea	28.5	15.0					1	28.5	0.0
paraburkholderia ferrariae			29.0				1	29.0	0.0
paraburkholderia ginsengisoli	27.5	25.0		27.5			2	27.5	0.0
paraburkholderia graminis			29.0				1	29.0	0.0
paraburkholderia heleia	32.0	17.0					1	32.0	0.0
paraburkholderia hospita			29.0				1	29.0	0.0
paraburkholderia insulsa	33.5	4.0					1	33.5	0.0
paraburkholderia kururiensis			34.0				1	34.0	0.0
paraburkholderia megapolitana					28.0	BacDive	1	28.0	0.0
paraburkholderia monticola	31.0	10.0		31.0			2	31.0	0.0
paraburkholderia nodosa					32.5	BacDive	1	32.5	0.0
paraburkholderia oxyphila			29.0		30.0	BacDive	2	29.5	1.0
paraburkholderia pallidirosea	30.5	16.0					1	30.5	0.0
paraburkholderia phenoliruptrix			29.0				1	29.0	0.0
paraburkholderia phymatum			29.0				1	29.0	0.0
paraburkholderia phytofirmans					30.0	BacDive	1	30.0	0.0
paraburkholderia rhizoxinica			29.0				1	29.0	0.0
paraburkholderia sabiae					28.0	BacDive	1	28.0	0.0
paraburkholderia sacchari	29.0	25.0	29.0				2	29.0	0.0
paraburkholderia sediminicola	27.5	15.0					1	27.5	0.0
paraburkholderia soli			29.0				1	29.0	0.0
paraburkholderia symbiotica	35.0	15.0					1	35.0	0.0
paraburkholderia terrae			27.0				1	27.0	0.0
paraburkholderia tropica					30.0	BacDive	1	30.0	0.0
parachlamydia acanthamoebae					34.5	Lyubetsky et al., 2020	1	34.5	0.0
paracholeplasma brassicae					30.0	Lyubetsky et al., 2020	1	30.0	0.0
paracoccus acridae	27.5	10.0		27.5			2	27.5	0.0
paracoccus aminophilus				29.643	30.0	Lyubetsky et al., 2020	2	29.8215	0.3569999999999993
paracoccus angustae	32.5	4.0					1	32.5	0.0
paracoccus aquimaris	32.0	10.0					1	32.0	0.0
paracoccus chinensis	32.5	25.0		32.5			2	32.5	0.0
paracoccus communis	29.0	16.0					1	29.0	0.0
paracoccus denitrificans			29.0	29.8461538461538	33.5	Lyubetsky et al., 2020	3	30.782051282051267	4.5
paracoccus fontiphilus	22.5	15.0		22.5			2	22.5	0.0
paracoccus gahaiensis	20.0	4.0		20.0			2	20.0	0.0
paracoccus haeundaensis	27.5	20.0					1	27.5	0.0
paracoccus homiensis	27.5	10.0	29.0	27.5			3	28.0	1.5
paracoccus isoporae	27.5	4.0		27.5			2	27.5	0.0
paracoccus kondratievae	40.0	30.0	40.0	40.0	40.0	ThermoBase	4	40.0	0.0
paracoccus laeviglucosivorans	32.5	16.0		32.5			2	32.5	0.0
paracoccus mangrovi	27.5	15.0					1	27.5	0.0
paracoccus marinus			22.0				1	22.0	0.0
paracoccus niistensis	29.0	10.0					1	29.0	0.0
paracoccus pacificus	29.0	4.0					1	29.0	0.0
paracoccus pantotrophus			32.5	34.2			2	33.35	1.7000000000000028
paracoccus seriniphilus			29.0				1	29.0	0.0
paracoccus siganidrum			32.0				1	32.0	0.0
paracoccus sp.			29.0				1	29.0	0.0
paracoccus stylophorae	35.0	15.0					1	35.0	0.0
paracoccus thiocyanatus	33.5	17.0		33.5			2	33.5	0.0
paracoccus versutus	32.5	17.0	27.0	32.5			3	30.666666666666668	5.5
paracoccus yeei			29.0				1	29.0	0.0
paracoccus zeaxanthinifaciens				27.5			1	27.5	0.0
paradonghicola geojensis	27.5	10.0					1	27.5	0.0
paraferrimonas sedimenticola	27.5	15.0		27.5			2	27.5	0.0
parafilimonas rhizosphaerae	29.0	15.0					1	29.0	0.0
parafilimonas terrae	29.0	15.0		29.0			2	29.0	0.0
parafrigoribacterium mesophilum	29.0	20.0			28.0	BacDive	2	28.5	1.0
parageobacillus caldoxylosilyticus	65.0	43.0	55.0		61.25	ThermoBase	3	60.416666666666664	10.0
parageobacillus galactosidasius					70.0	ThermoBase	1	70.0	0.0
parageobacillus thermantarcticus	63.0	37.0	57.5		63.0	BacDive;ThermoBase	3	61.166666666666664	5.5
parageobacillus thermoglucosidans			55.0				1	55.0	0.0
parageobacillus thermoglucosidasius	60.0	37.0		60.75	62.0	BacDive;ThermoBase	3	60.916666666666664	2.0
parageobacillus toebii			63.5		60.0	BacDive;ThermoBase	2	61.75	3.5
paraglaciecola chathamensis			20.0				1	20.0	0.0
paraglaciecola hydrolytica	22.5	10.0		22.5			2	22.5	0.0
paraglaciecola mesophila	26.5	7.0		24.0			2	25.25	2.5
paraglaciecola polaris			20.0		17.5	BacDive	2	18.75	2.5
paraglaciecola psychrophila	12.0	4.0	15.0	12.0			3	13.0	3.0
paraherbaspirillum soli	29.0	5.0					1	29.0	0.0
paraliobacillus quinghaiensis					37.0	BacDive	1	37.0	0.0
paraliobacillus ryukyuensis	38.5	10.0		38.5			2	38.5	0.0
paraliobacillus sediminis	29.0	4.0					1	29.0	0.0
paralkalibacillus indicireducens	33.0	18.0					1	33.0	0.0
paramaledivibacter caminithermalis	45.0	20.0	42.0		45.0	ThermoBase	3	44.0	3.0
paramoritella sediminis	23.5	11.0					1	23.5	0.0
paraoerskovia marina	27.5	10.0		27.65	28.0	BacDive	3	27.71666666666667	0.5
parapedobacter defluvii	33.5	15.0		33.5			2	33.5	0.0
parapedobacter lycopersici	29.0	15.0					1	29.0	0.0
paraperlucidibaca baekdonensis	20.0	10.0	20.0	20.0			3	20.0	0.0
pararheinheimera aquatica	35.0	10.0					1	35.0	0.0
pararheinheimera chironomi	33.5	4.0					1	33.5	0.0
pararheinheimera soli	27.5	15.0					1	27.5	0.0
pararheinheimera texasensis	33.5	20.0		33.5			2	33.5	0.0
pararhizobium antarcticum	20.0	4.0		20.0			2	20.0	0.0
pararhizobium capsulatum	27.0	14.0	26.0				2	26.5	1.0
pararhizobium oryzae				32.5			1	32.5	0.0
pararhodobacter aggregans	35.0	15.0		35.0			2	35.0	0.0
pararhodospirillum photometricum			26.0	26.0	27.5	Lyubetsky et al., 2020	3	26.5	1.5
parascardovia denticolens					37.5	Lyubetsky et al., 2020	1	37.5	0.0
parasegetibacter terrae	29.0	10.0					1	29.0	0.0
parasphingopyxis lamellibrachiae	29.0	5.0		29.0			2	29.0	0.0
parasporobacterium paucivorans			35.0	35.25			2	35.125	0.25
parendozoicomonas haliclonae	27.5	8.0		27.5			2	27.5	0.0
parvarchaeum acidophilus					38.0	aciDB	1	38.0	0.0
parvibaculum hydrocarboniclasticum	35.0	20.0	35.0				2	35.0	0.0
parvibaculum indicum	31.0	10.0		31.0			2	31.0	0.0
parvibium lacunae	31.0	20.0		31.0			2	31.0	0.0
parvimonas micra					37.0	Lyubetsky et al., 2020	1	37.0	0.0
parviterribacter kavangonensis	39.0	13.0					1	39.0	0.0
parviterribacter multiflagellatus	37.5	17.0					1	37.5	0.0
parvularcula bermudensis				26.75			1	26.75	0.0
pasteurella multocida			35.0		39.0	Lyubetsky et al., 2020	2	37.0	4.0
pasteurella skyensis			26.0				1	26.0	0.0
pasteuria ramosa			26.0				1	26.0	0.0
patulibacter americanus			27.0	29.0			2	28.0	2.0
patulibacter medicamentivorans				32.0			1	32.0	0.0
patulibacter minatonensis	25.5	16.0		26.3335			2	25.91675	0.8335000000000008
paucibacter toxinivorans			27.0				1	27.0	0.0
paucidesulfovibrio capillatus					40.0	ThermoBase	1	40.0	0.0
paucimonas lemoignei			29.0				1	29.0	0.0
paucisalibacillus globulus			32.0		37.0	BacDive	2	34.5	5.0
pectinatus cerevisiiphilus				29.5			1	29.5	0.0
pectinatus frisingensis				29.6			1	29.6	0.0
pectobacterium atrosepticum			27.0	27.3875			2	27.19375	0.3874999999999993
pectobacterium betavasculorum			27.0				1	27.0	0.0
pectobacterium cacticida			27.0				1	27.0	0.0
pectobacterium carotovorum			27.0	26.875	28.5	Lyubetsky et al., 2020	3	27.458333333333332	1.625
pectobacterium peruviense	26.5	20.0		26.5			2	26.5	0.0
pectobacterium wasabiae			27.0	26.0			2	26.5	1.0
pediococcus acidilactici			35.0		40.0	Lyubetsky et al., 2020	2	37.5	5.0
pediococcus argentinicus				40.0	40.0	BacDive	2	40.0	0.0
pediococcus cellicola	33.5	13.0	34.0	33.5	33.5	BacDive	4	33.625	0.5
pediococcus claussenii			31.0				1	31.0	0.0
pediococcus damnosus			26.0	26.0	22.0	Lyubetsky et al., 2020	3	24.666666666666668	4.0
pediococcus ethanolidurans	33.0	15.0		33.0			2	33.0	0.0
pediococcus pentosaceus			31.0	31.604	30.0	Lyubetsky et al., 2020	3	30.868	1.6039999999999992
pediococcus stilesii			34.0	41.5			2	37.75	7.5
pedobacter africanus			27.0				1	27.0	0.0
pedobacter alluvionis			20.0	20.0			2	20.0	0.0
pedobacter alpinus	20.0	4.0					1	20.0	0.0
pedobacter antarcticus			26.5				1	26.5	0.0
pedobacter aquatilis	26.5	4.0					1	26.5	0.0
pedobacter arcticus	18.0	4.0					1	18.0	0.0
pedobacter ardleyensis	18.0	4.0					1	18.0	0.0
pedobacter bauzanensis	22.5	5.0					1	22.5	0.0
pedobacter borealis			22.0	18.5			2	20.25	3.5
pedobacter caeni			29.0				1	29.0	0.0
pedobacter changchengzhani	20.0	4.0		20.0			2	20.0	0.0
pedobacter cryoconitis	15.0	1.0	21.0	17.5	20.0	Lyubetsky et al., 2020	4	18.375	6.0
pedobacter daejeonensis	26.5	4.0					1	26.5	0.0
pedobacter duraquae	26.0	9.0	22.0	26.0			3	24.666666666666668	4.0
pedobacter ginsenosidimutans	27.5	4.0		27.5			2	27.5	0.0
pedobacter glacialis	23.0	4.0					1	23.0	0.0
pedobacter hainanensis	27.5	10.0					1	27.5	0.0
pedobacter hartonius	14.0	6.0	13.0	13.333333333333334			3	13.444444444444445	1.0
pedobacter heparinus			29.0	27.5	25.0	Lyubetsky et al., 2020	3	27.166666666666668	4.0
pedobacter himalayensis	22.0	4.0	22.0				2	22.0	0.0
pedobacter huanghensis	19.0	4.0					1	19.0	0.0
pedobacter humi	26.0	4.0					1	26.0	0.0
pedobacter humicola	28.5	10.0					1	28.5	0.0
pedobacter jamesrossensis	20.0	1.0					1	20.0	0.0
pedobacter jejuensis	22.5	4.0		22.5			2	22.5	0.0
pedobacter jeongneungensis	27.5	4.0					1	27.5	0.0
pedobacter kyonggii	19.0	0.0		19.0			2	19.0	0.0
pedobacter kyungheensis	27.5	4.0		27.5			2	27.5	0.0
pedobacter lithocola	20.0	1.0					1	20.0	0.0
pedobacter lotistagni	26.5	4.0					1	26.5	0.0
pedobacter lusitanus	24.0	4.0		24.0			2	24.0	0.0
pedobacter lycopersici	29.0	4.0					1	29.0	0.0
pedobacter mendelii	20.0	1.0		20.0			2	20.0	0.0
pedobacter metabolipauper			22.0				1	22.0	0.0
pedobacter nyackensis	20.0	2.0	20.0	19.0			3	19.666666666666668	1.0
pedobacter oryzae	27.5	15.0					1	27.5	0.0
pedobacter petrophilus	20.0	1.0		20.0			2	20.0	0.0
pedobacter psychrophilus	20.0	5.0					1	20.0	0.0
pedobacter psychrotolerans	10.0	0.0		10.0			2	10.0	0.0
pedobacter roseus	27.5	5.0		27.5			2	27.5	0.0
pedobacter ruber	22.5	1.0	18.0				2	20.25	4.5
pedobacter seoulensis	24.0	4.0					1	24.0	0.0
pedobacter steynii	26.0	10.0		26.0			2	26.0	0.0
pedobacter steynii_a				26.0			1	26.0	0.0
pedobacter suwonensis	34.0	1.0					1	34.0	0.0
pedobacter tournemirensis			29.0				1	29.0	0.0
pedobacter trunci	23.0	4.0					1	23.0	0.0
pedobacter ureilyticus	27.5	4.0		27.5			2	27.5	0.0
pedobacter westerhofensis	23.0	9.0	22.0	23.0			3	22.666666666666668	1.0
pedococcus aerophilus					29.0	BacDive	1	29.0	0.0
pedococcus bigeumensis					28.0	BacDive	1	28.0	0.0
pedococcus cremeus				29.0			1	29.0	0.0
pedococcus dokdonensis					30.0	BacDive	1	30.0	0.0
pedococcus ginsenosidimutans					30.0	BacDive	1	30.0	0.0
pedomicrobium americanum	30.5	15.0					1	30.5	0.0
pedomicrobium australicum	30.5	15.0					1	30.5	0.0
pelagerythrobacter marensis					30.0	BacDive	1	30.0	0.0
pelagibacter sp.			20.0				1	20.0	0.0
pelagibacter ubique			17.5				1	17.5	0.0
pelagibacterium lentulum	33.0	4.0		33.0			2	33.0	0.0
pelagibius litoralis	29.0	15.0		29.0			2	29.0	0.0
pelagicoccus albus	26.0	15.0		26.0			2	26.0	0.0
pelagicoccus croceus	27.5	20.0					1	27.5	0.0
pelagicoccus litoralis	26.0	4.0					1	26.0	0.0
pelagirhabdus fermentum			36.2		37.0	BacDive	2	36.6	0.7999999999999972
pelagivirga sediminicola	35.0	15.0					1	35.0	0.0
pelistega indica	32.5	20.0		32.5			2	32.5	0.0
pelobacter acetylenicus	31.0	15.0					1	31.0	0.0
pelobacter acidigallici			31.0				1	31.0	0.0
pelobacter carbinolicus	35.0	15.0					1	35.0	0.0
pelobacter propionicus	33.0	4.0			33.0	Lyubetsky et al., 2020	2	33.0	0.0
pelobacter sp.			35.0				1	35.0	0.0
pelobacter venetianus	33.0	10.0					1	33.0	0.0
pelodictyon phaeoclathratiforme					22.5	Lyubetsky et al., 2020	1	22.5	0.0
pelolinea submarina	27.5	10.0					1	27.5	0.0
pelosinus defluvii	33.5	10.0					1	33.5	0.0
pelotomaculum thermopropionicum	55.0	45.0	55.0	54.77766666666667	55.0	ThermoBase	4	54.94441666666667	0.2223333333333315
peptoclostridium acidaminophilum			32.0				1	32.0	0.0
peptoclostridium litorale			29.0				1	29.0	0.0
peptococcaceae bacterium					30.0	aciDB	1	30.0	0.0
peribacillus butanolivorans					25.0	BacDive	1	25.0	0.0
peribacillus kribbensis					31.5	BacDive	1	31.5	0.0
peribacillus simplex					30.0	Lyubetsky et al., 2020	1	30.0	0.0
periweissella beninensis					15.0	BacDive	1	15.0	0.0
periweissella fabaria					30.0	BacDive	1	30.0	0.0
persephonella guaymasensis	70.0	55.0	70.1		70.0	ThermoBase	3	70.03333333333333	0.09999999999999432
persephonella hydrogeniphila	70.0	50.0	70.0	70.0	70.0	ThermoBase	4	70.0	0.0
persephonella marina	73.0	55.0	71.6	72.0	73.0	BacDive;ThermoBase	4	72.4	1.4000000000000057
persicirhabdus sediminis	27.5	20.0	21.0	24.25			3	24.25	6.5
persicobacter diffluens	32.5	15.0	27.0				2	29.75	5.5
perspicuibacter marinus	26.0	15.0					1	26.0	0.0
petrimonas mucosa	45.0	20.0		45.0	45.0	ThermoBase	3	45.0	0.0
petrimonas sulfuriphila	38.5	15.0	40.0				2	39.25	1.5
petrothermobacter organivorans	55.0	25.0			55.0	ThermoBase	2	55.0	0.0
petrotoga halophila	60.0	45.0	60.0		60.0	ThermoBase	3	60.0	0.0
petrotoga japonica					60.0	ThermoBase	1	60.0	0.0
petrotoga mexicana	55.0	25.0	55.0		55.0	ThermoBase	3	55.0	0.0
petrotoga miotherma			55.0		55.0	ThermoBase	2	55.0	0.0
petrotoga mobilis	59.0	40.0	59.0		59.0	ThermoBase	3	59.0	0.0
petrotoga olearia	55.0	37.0	54.95		55.0	ThermoBase	3	54.98333333333333	0.04999999999999716
petrotoga sibirica	55.0	37.0	55.0		55.0	ThermoBase	3	55.0	0.0
phaeacidiphilus oryzae					31.5	aciDB	1	31.5	0.0
phaeobacter gallaeciensis			26.0				1	26.0	0.0
phaeobacter inhibens			24.0				1	24.0	0.0
phaeobacter italicus	24.0	4.0		24.0			2	24.0	0.0
phaeobacter piscinae	32.0	10.0		32.0			2	32.0	0.0
phaeobacter porticola	24.0	4.0		24.0			2	24.0	0.0
phaeocystidibacter luteus	32.5	10.0		32.5			2	32.5	0.0
phaeocystidibacter marisrubri	32.5	10.0		32.5			2	32.5	0.0
phaeospirillum fulvum			26.0				1	26.0	0.0
phaeospirillum molischianum			26.0				1	26.0	0.0
phaselicystis flava			29.0				1	29.0	0.0
phaseolibacter flectens			27.0				1	27.0	0.0
phenylobacterium aquaticum	27.5	18.0					1	27.5	0.0
phenylobacterium composti			29.0		30.0	BacDive	2	29.5	1.0
phenylobacterium deserti	33.5	20.0		33.5			2	33.5	0.0
phenylobacterium falsum	35.0	25.0	35.0				2	35.0	0.0
phenylobacterium haematophilum			32.0				1	32.0	0.0
phenylobacterium hankyongense	27.5	10.0		27.5			2	27.5	0.0
phenylobacterium immobile			29.0	28.6666666666667			2	28.83333333333335	0.3333333333333002
phenylobacterium koreense	29.0	20.0			29.0	BacDive	2	29.0	0.0
phenylobacterium kunshanense	29.0	25.0		29.0			2	29.0	0.0
phenylobacterium lituiforme			39.0		40.5	BacDive	2	39.75	1.5
phenylobacterium sp001557235				20.0			1	20.0	0.0
phenylobacterium terrae	41.0	25.0			41.0	ThermoBase	2	41.0	0.0
phocaeicola coprocola					37.0	BacDive	1	37.0	0.0
phocaeicola dorei					37.0	BacDive;Lyubetsky et al., 2020	1	37.0	0.0
phocaeicola massiliensis					37.0	BacDive	1	37.0	0.0
phocaeicola paurosaccharolyticus					35.0	BacDive	1	35.0	0.0
phocaeicola plebeius					37.0	BacDive	1	37.0	0.0
phocaeicola vulgatus					37.0	Lyubetsky et al., 2020	1	37.0	0.0
phorcysia thermohydrogeniphila	75.0	65.0	75.0	75.0	75.0	ThermoBase	4	75.0	0.0
phormidesmis molle			20.0				1	20.0	0.0
phormidium ambiguum			20.0				1	20.0	0.0
phormidium angustissimum			20.0				1	20.0	0.0
phormidium corium			26.0				1	26.0	0.0
phormidium mucicola			20.0				1	20.0	0.0
phormidium sp.			23.0				1	23.0	0.0
phormidium uncinatum			22.0				1	22.0	0.0
photobacterium aestuarii	20.0	10.0	20.0				2	20.0	0.0
photobacterium alginatilyticum	32.0	10.0		32.0			2	32.0	0.0
photobacterium angustum				26.0			1	26.0	0.0
photobacterium aquae	32.5	15.0		32.5			2	32.5	0.0
photobacterium carnosum	12.5	0.0		12.5			2	12.5	0.0
photobacterium damselae			26.0	25.5			2	25.75	0.5
photobacterium frigidiphilum	14.0	6.0	14.4	14.333333333333334			3	14.244444444444445	0.40000000000000036
photobacterium ganghwense	35.0	10.0		35.0			2	35.0	0.0
photobacterium iliopiscarium			16.5	18.3333333333333			2	17.41666666666665	1.8333333333333002
photobacterium indicum			26.0	26.0			2	26.0	0.0
photobacterium jeanii				27.5			1	27.5	0.0
photobacterium kishitanii			23.0	24.0			2	23.5	1.0
photobacterium lipolyticum			27.0				1	27.0	0.0
photobacterium lutimaris	27.5	4.0		27.5			2	27.5	0.0
photobacterium marinum	33.5	10.0					1	33.5	0.0
photobacterium phosphoreum	22.5	4.0	19.5				2	21.0	3.0
photobacterium profundum	10.0	4.0	11.5	11.25	10.0	Lyubetsky et al., 2020	4	10.6875	1.5
photorhabdus asymbiotica				29.0	28.0	Lyubetsky et al., 2020	2	28.5	1.0
photorhabdus cinerea					28.0	BacDive	1	28.0	0.0
photorhabdus laumondii				28.8			1	28.8	0.0
photorhabdus luminescens			28.0	28.6666666666667	28.0	Lyubetsky et al., 2020	3	28.222222222222232	0.6666666666666998
photorhabdus sp.			26.0				1	26.0	0.0
photorhabdus temperata			29.0		28.0	Lyubetsky et al., 2020	2	28.5	1.0
photorhabdus thracensis				28.857			1	28.857	0.0
phreatobacter oligotrophus	31.0	20.0		31.0			2	31.0	0.0
phycicoccus cremeus	29.0	14.0					1	29.0	0.0
phycicoccus elongatus					28.0	BacDive	1	28.0	0.0
phycisphaera mikurensis	27.5	10.0					1	27.5	0.0
phyllobacterium myrsinacearum			26.0	26.0			2	26.0	0.0
phytoactinopolyspora halotolerans	32.5	15.0		32.5			2	32.5	0.0
phytobacter diazotrophicus	32.5	5.0		32.5			2	32.5	0.0
phytohabitans rumicis	27.0	20.0		27.0			2	27.0	0.0
phytohabitans suffuscus					27.0	BacDive	1	27.0	0.0
phytomonospora endophytica	24.0	10.0		24.0			2	24.0	0.0
pibocella ponti	22.0	4.0					1	22.0	0.0
picrophilus oshimae	60.0	47.0	58.55	59.0	60.0	ThermoBase;aciDB	4	59.3875	1.4500000000000028
picrophilus torridus	60.0	47.0	57.5				2	58.75	2.5
pigmentiphaga daeguensis			29.0		37.0	BacDive	2	33.0	8.0
pigmentiphaga litoralis	27.5	4.0					1	27.5	0.0
pilimelia anulata			27.0		28.0	BacDive	2	27.5	1.0
pilimelia terevasa			27.0				1	27.0	0.0
pimelobacter simplex			27.0				1	27.0	0.0
pirellula staleyi			26.0	25.125	27.0	Lyubetsky et al., 2020	3	26.041666666666668	1.875
piscibacillus halophilus	35.0	15.0					1	35.0	0.0
piscibacillus salipiscarius			32.0		37.0	BacDive	2	34.5	5.0
piscirickettsia salmonis				20.062	16.5	Lyubetsky et al., 2020	2	18.281	3.562000000000001
pistricoccus aurantiacus	33.0	4.0		33.0			2	33.0	0.0
planctobacterium marinum	27.5	4.0					1	27.5	0.0
planctomicrobium piriforme	24.0	10.0					1	24.0	0.0
planctopirus limnophila	31.0	17.0					1	31.0	0.0
planifilum composti	55.0	50.0			55.0	ThermoBase	2	55.0	0.0
planifilum fimeticola	59.0	50.0	63.0	59.333333333333336	59.0	ThermoBase	4	60.083333333333336	4.0
planifilum fulgidum	62.5	50.0	62.0		62.5	ThermoBase	3	62.333333333333336	0.5
planifilum yunnanense	65.0	50.0			65.0	ThermoBase	2	65.0	0.0
planktomarina temperata			20.0				1	20.0	0.0
planktosalinus lacus	27.5	4.0					1	27.5	0.0
planktotalea arctica	20.0	4.0		20.0			2	20.0	0.0
planktotalea frisia	22.5	4.0	20.0	21.666666666666668			3	21.38888888888889	2.5
planktothricoides raciborskii			20.0				1	20.0	0.0
planktothrix agardhii			20.0				1	20.0	0.0
planktothrix mougeotii			20.0				1	20.0	0.0
planktothrix paucivesiculata			22.0				1	22.0	0.0
planktothrix rubescens			20.0	20.0			2	20.0	0.0
planktothrix serta			22.0				1	22.0	0.0
planktothrix spiroides			24.0				1	24.0	0.0
planktothrix tepida			22.0				1	22.0	0.0
planobispora longispora			27.0				1	27.0	0.0
planobispora takensis	27.5	25.0					1	27.5	0.0
planococcus antarcticus	20.0	2.0		20.0			2	20.0	0.0
planococcus citreus				26.0			1	26.0	0.0
planococcus donghaensis	27.5	4.0		27.5			2	27.5	0.0
planococcus halocryophilus			20.0	20.0			2	20.0	0.0
planococcus halotolerans	32.5	0.0		32.5			2	32.5	0.0
planococcus kocurii			27.0				1	27.0	0.0
planococcus maitriensis			27.0				1	27.0	0.0
planococcus maritimus			29.0				1	29.0	0.0
planococcus rifietoensis			33.0				1	33.0	0.0
planococcus ruber	27.5	15.0					1	27.5	0.0
planococcus sp.			26.0				1	26.0	0.0
planococcus versutus	26.0	4.0		26.0			2	26.0	0.0
planomicrobium alkanoclasticum			20.0				1	20.0	0.0
planomicrobium chinense	32.5	10.0					1	32.5	0.0
planomicrobium glaciei	20.5	4.0	20.0				2	20.25	0.5
planomicrobium koreense			29.0				1	29.0	0.0
planomicrobium mcmeekinii			26.0				1	26.0	0.0
planomicrobium psychrophilum			24.0				1	24.0	0.0
planomicrobium soli	29.0	4.0					1	29.0	0.0
planomonospora corallina	27.5	20.0					1	27.5	0.0
planomonospora parontospora			27.0				1	27.0	0.0
planomonospora venezuelensis			27.0				1	27.0	0.0
planosporangium flavigriseum					28.0	BacDive	1	28.0	0.0
planotetraspora mira			29.0				1	29.0	0.0
plantactinospora endophytica	28.5	10.0					1	28.5	0.0
plantactinospora mayteni					28.0	BacDive	1	28.0	0.0
plantibacter flavus			29.0		28.0	BacDive	2	28.5	1.0
plasticicumulans lactativorans	40.0	20.0			40.0	ThermoBase	2	40.0	0.0
plectonema calothricoides			20.0				1	20.0	0.0
plectonema radiosum			20.0				1	20.0	0.0
plectonema sp.			22.0				1	22.0	0.0
pleionea mediterranea	27.5	15.0		27.5			2	27.5	0.0
pleomorphochaeta multiformis	7.0	0.0	9.5				2	8.25	2.5
pleomorphomonas koreensis			29.0		30.0	BacDive	2	29.5	1.0
pleomorphomonas oryzae			26.5	27.0			2	26.75	0.5
plesiocystis pacifica				29.0			1	29.0	0.0
plesiomonas shigelloides			33.3	34.5	37.0	Lyubetsky et al., 2020	3	34.93333333333333	3.700000000000003
pleurocapsa minor			22.0				1	22.0	0.0
pleurocapsa sp.			24.0				1	24.0	0.0
pluralibacter gergoviae			31.5				1	31.5	0.0
polaribacter atrinae	20.0	4.0		20.0			2	20.0	0.0
polaribacter butkevichii	22.0	4.0		22.0			2	22.0	0.0
polaribacter dokdonensis	26.5	4.0		26.5			2	26.5	0.0
polaribacter filamentus			4.0				1	4.0	0.0
polaribacter franzmannii			6.0				1	6.0	0.0
polaribacter glomeratus			15.0	15.0			2	15.0	0.0
polaribacter huanghezhanensis	20.0	4.0					1	20.0	0.0
polaribacter irgensii			4.0	5.25			2	4.625	1.25
polaribacter lacunae	20.0	10.0					1	20.0	0.0
polaribacter marinaquae	26.0	4.0					1	26.0	0.0
polaribacter pacificus	16.0	4.0					1	16.0	0.0
polaribacter reichenbachii	27.0	4.0		27.0			2	27.0	0.0
polaribacter sp000766795				21.0			1	21.0	0.0
polaribacter sp900106075				15.0			1	15.0	0.0
polaribacter staleyi	26.5	4.0					1	26.5	0.0
polaromonas cryoconiti	5.5	1.0	20.0				2	12.75	14.5
polaromonas eurypsychrophila	15.0	5.0		15.0			2	15.0	0.0
polaromonas glacialis			20.0				1	20.0	0.0
polaromonas hydrogenivorans	17.5	0.0	10.0				2	13.75	7.5
polaromonas jejuensis	29.0	5.0		29.0			2	29.0	0.0
polaromonas naphthalenivorans	20.0	4.0	20.0	20.0	20.0	BacDive	4	20.0	0.0
polaromonas sp000013865				20.0			1	20.0	0.0
polaromonas vacuolata	4.0	0.0	4.0	4.0			3	4.0	0.0
pollutimonas bauzanensis					27.5	BacDive	1	27.5	0.0
pollutimonas harenae					30.0	BacDive	1	30.0	0.0
polyangium fumosum				28.4444444444444			1	28.4444444444444	0.0
polyangium sorediatum			29.0				1	29.0	0.0
polyangium spumosum				28.4615384615385			1	28.4615384615385	0.0
polycladomyces abyssicola	57.5	55.0		57.5	57.5	ThermoBase	3	57.5	0.0
polycladomyces subterraneus	52.5	40.0			52.5	ThermoBase	2	52.5	0.0
polygonibacillus indicireducens	36.0	13.0					1	36.0	0.0
polymorphobacter glacialis	15.0	0.0		15.0			2	15.0	0.0
polymorphospora rubra					28.0	BacDive	1	28.0	0.0
polynucleobacter duraquae			18.0				1	18.0	0.0
polynucleobacter rarus			29.0				1	29.0	0.0
polynucleobacter sinensis			27.0				1	27.0	0.0
polynucleobacter yangtzensis			27.0				1	27.0	0.0
pontibacillus chungwhensis	32.5	15.0					1	32.5	0.0
pontibacillus halophilus	27.5	15.0	29.0				2	28.25	1.5
pontibacillus litoralis	35.0	15.0			35.0	BacDive	2	35.0	0.0
pontibacillus marinus					30.0	BacDive	1	30.0	0.0
pontibacillus yanchengensis	37.5	15.0		37.5			2	37.5	0.0
pontibacter actiniarum	26.5	6.0		26.5			2	26.5	0.0
pontibacter akesuensis	29.0	4.0		29.0	29.0	Lyubetsky et al., 2020	3	29.0	0.0
pontibacter amylolyticus	32.5	4.0		32.5			2	32.5	0.0
pontibacter aydingkolensis	29.0	6.0					1	29.0	0.0
pontibacter brevis	29.0	5.0					1	29.0	0.0
pontibacter chitinilyticus	29.0	7.0					1	29.0	0.0
pontibacter humi	27.5	15.0					1	27.5	0.0
pontibacter korlensis	33.5	7.0		33.5			2	33.5	0.0
pontibacter litorisediminis	33.5	10.0					1	33.5	0.0
pontibacter locisalis	31.5	15.0					1	31.5	0.0
pontibacter lucknowensis				34.0			1	34.0	0.0
pontibacter odishensis	27.5	10.0					1	27.5	0.0
pontibacter roseus				31.167			1	31.167	0.0
pontibacter silvestris	29.0	4.0					1	29.0	0.0
pontibacter terrae	29.0	18.0					1	29.0	0.0
ponticaulis koreensis	33.5	10.0		33.5			2	33.5	0.0
ponticaulis profundi	27.5	4.0					1	27.5	0.0
ponticoccus marisrubri	31.5	15.0		31.5			2	31.5	0.0
pontimonas salivibrio				27.5			1	27.5	0.0
populibacterium corticicola	29.0	10.0					1	29.0	0.0
porphyrobacter cryptus	50.0	25.0	44.05				2	47.025	5.950000000000003
porphyrobacter dokdonensis	36.0	10.0					1	36.0	0.0
porphyrobacter donghaensis			29.0				1	29.0	0.0
porphyrobacter sanguineus			26.0				1	26.0	0.0
porphyrobacter sp.			38.0				1	38.0	0.0
porphyrobacter tepidarius	44.0	30.0	43.85				2	43.925	0.14999999999999858
porphyromonas asaccharolytica				34.75	37.0	Lyubetsky et al., 2020	2	35.875	2.25
porphyromonas gingivalis					37.0	Lyubetsky et al., 2020	1	37.0	0.0
portibacter lacus	33.5	15.0					1	33.5	0.0
porticoccus hydrocarbonoclasticus	15.0	10.0		15.0			2	15.0	0.0
porticoccus litoralis	22.5	15.0					1	22.5	0.0
poseidonocella pacifica	27.5	5.0		27.5			2	27.5	0.0
poseidonocella sedimentorum	26.5	7.0		26.5			2	26.5	0.0
pragia fontium			34.0		29.5	Lyubetsky et al., 2020	2	31.75	4.5
prauserella aidingensis	32.5	15.0					1	32.5	0.0
prauserella alba			29.0				1	29.0	0.0
prauserella coralliicola	36.5	22.0					1	36.5	0.0
prauserella endophytica	32.5	18.0					1	32.5	0.0
prauserella flava	32.5	15.0					1	32.5	0.0
prauserella halophila			29.0				1	29.0	0.0
prauserella isguenensis	33.5	20.0					1	33.5	0.0
prauserella marina	32.5	15.0			32.5	Lyubetsky et al., 2020	2	32.5	0.0
prauserella oleivorans	45.0	25.0			45.0	ThermoBase	2	45.0	0.0
prauserella rugosa	34.0	10.0					1	34.0	0.0
prauserella salsuginis	32.5	15.0					1	32.5	0.0
prauserella sediminis	32.5	15.0					1	32.5	0.0
prevotella baroniae			35.0	35.0			2	35.0	0.0
prevotella bryantii				32.5			1	32.5	0.0
prevotella colorans	36.0	30.0		36.0			2	36.0	0.0
prevotella copri				34.75			1	34.75	0.0
prevotella denticola				34.75			1	34.75	0.0
prevotella disiens				32.5			1	32.5	0.0
prevotella fusca	35.0	25.0		35.0			2	35.0	0.0
prevotella marshii				32.5			1	32.5	0.0
prevotella multisaccharivorax				32.5			1	32.5	0.0
prevotella nigrescens				32.5			1	32.5	0.0
prevotella oralis				34.75			1	34.75	0.0
prevotella oris				34.75			1	34.75	0.0
prevotella saccharolytica				35.0			1	35.0	0.0
prevotella scopos	35.0	25.0		35.0			2	35.0	0.0
prevotella timonensis			35.0				1	35.0	0.0
pricia antarctica	18.0	0.0	20.0	18.0	18.0	BacDive	4	18.5	2.0
priestia endophytica					28.0	BacDive;Lyubetsky et al., 2020	1	28.0	0.0
priestia flexa					27.0	Lyubetsky et al., 2020	1	27.0	0.0
primorskyibacter sedentarius	27.5	4.0		27.5			2	27.5	0.0
prochlorococcus marinus			23.8				1	23.8	0.0
prochlorothrix hollandica			24.6				1	24.6	0.0
prochlorothrix sp.			22.0				1	22.0	0.0
profundibacterium mesophilum	22.5	15.0		22.5			2	22.5	0.0
profundimonas piezophila	8.0	2.0	8.0				2	8.0	0.0
prolixibacter bellariivorans	22.0	4.0	22.0	22.0			3	22.0	0.0
prolixibacter denitrificans	36.0	15.0		36.0			2	36.0	0.0
promicromonospora aerolata			27.0				1	27.0	0.0
promicromonospora citrea			29.0	28.5			2	28.75	0.5
promicromonospora vindobonensis			29.0				1	29.0	0.0
propionibacterium acidifaciens			35.0	35.0			2	35.0	0.0
propionibacterium cyclohexanicum	35.0	20.0		35.0			2	35.0	0.0
propionibacterium freudenreichii			31.5		31.0	Lyubetsky et al., 2020	2	31.25	0.5
propionibacterium sp.			32.0				1	32.0	0.0
propioniciclava sinopodophylli	29.0	15.0					1	29.0	0.0
propioniciclava tarda	35.0	20.0		35.0			2	35.0	0.0
propionigenium maris			35.0				1	35.0	0.0
propionispira arcuata	35.0	20.0					1	35.0	0.0
propionispira paucivorans			29.0				1	29.0	0.0
propionispora hippei			34.0				1	34.0	0.0
propionivibrio limicola			34.0				1	34.0	0.0
propionivibrio militaris	27.5	10.0					1	27.5	0.0
prosthecobacter debontii			26.0	26.0			2	26.0	0.0
prosthecobacter dejongeii			26.0	26.0			2	26.0	0.0
prosthecobacter vanneervenii			26.0	26.0			2	26.0	0.0
prosthecochloris aestuarii					30.0	Lyubetsky et al., 2020	1	30.0	0.0
prosthecomicrobium hirschii			26.0				1	26.0	0.0
prosthecomicrobium pneumaticum			26.0				1	26.0	0.0
proteiniclasticum ruminis	38.5	24.0					1	38.5	0.0
proteiniphilum acetatigenes				35.5			1	35.5	0.0
proteiniphilum saccharofermentans	37.5	15.0		37.5			2	37.5	0.0
proteinivorax tanatarense	35.0	16.0	35.0				2	35.0	0.0
proteocatella sphenisci	29.0	2.0					1	29.0	0.0
proteus hauseri			35.0				1	35.0	0.0
proteus mirabilis			36.0	35.7272727272727	37.0	Lyubetsky et al., 2020	3	36.24242424242423	1.2727272727273018
proteus penneri			34.0				1	34.0	0.0
proteus vulgaris			36.0	34.0	37.0	Lyubetsky et al., 2020	3	35.666666666666664	3.0
protochlamydia amoebophila				32.5			1	32.5	0.0
providencia alcalifaciens			35.0				1	35.0	0.0
providencia burhodogranariea			31.0				1	31.0	0.0
providencia entomophila	34.5	28.0					1	34.5	0.0
providencia heimbachae			33.0				1	33.0	0.0
providencia rettgeri			35.0		37.0	Lyubetsky et al., 2020	2	36.0	2.0
providencia rustigianii			36.0	36.5			2	36.25	0.5
providencia sneebia			31.0				1	31.0	0.0
providencia stuartii			35.0	35.5	37.0	Lyubetsky et al., 2020	3	35.833333333333336	2.0
providencia thailandensis	33.5	15.0					1	33.5	0.0
pseudacidovorax intermedius			29.0				1	29.0	0.0
pseudactinotalea terrae	29.0	4.0					1	29.0	0.0
pseudaeromonas paramecii	36.5	12.0					1	36.5	0.0
pseudalkalibacillus hwajinpoensis					32.5	BacDive	1	32.5	0.0
pseudaminobacter defluvii			29.0				1	29.0	0.0
pseudaminobacter salicylatoxidans			29.0	29.0			2	29.0	0.0
pseudanabaena catenata			22.0				1	22.0	0.0
pseudanabaena galeata			20.0				1	20.0	0.0
pseudanabaena limnetica			20.0				1	20.0	0.0
pseudanabaena persicina			22.0				1	22.0	0.0
pseudanabaena sp.			22.0				1	22.0	0.0
pseudanabaena tenuis			22.0				1	22.0	0.0
pseudarcicella hirudinis					26.5	BacDive	1	26.5	0.0
pseudarthrobacter chlorophenolicus			27.0	16.5	26.5	BacDive;Lyubetsky et al., 2020	3	23.333333333333332	10.5
pseudarthrobacter defluvii	27.5	5.0			28.0	BacDive	2	27.75	0.5
pseudarthrobacter oxydans			29.0		28.0	BacDive	2	28.5	1.0
pseudarthrobacter phenanthrenivorans			29.0		30.0	BacDive;Lyubetsky et al., 2020	2	29.5	1.0
pseudarthrobacter polychromogenes					28.0	BacDive	1	28.0	0.0
pseudarthrobacter scleromae			34.0				1	34.0	0.0
pseudarthrobacter sulfonivorans			27.0		22.5	Lyubetsky et al., 2020	2	24.75	4.5
pseudenhygromyxa salsuginis	32.5	18.0					1	32.5	0.0
pseudidiomarina salinarum					33.5	BacDive	1	33.5	0.0
pseudidiomarina sediminum					35.0	BacDive	1	35.0	0.0
pseudoalteromonas agarivorans	24.0	7.0					1	24.0	0.0
pseudoalteromonas aliena	23.5	4.0	24.0	23.0			3	23.5	1.0
pseudoalteromonas antarctica	27.5	4.0	16.25				2	21.875	11.25
pseudoalteromonas arctica	12.5	4.0	20.0	15.0			3	15.833333333333334	7.5
pseudoalteromonas atlantica			22.0		30.0	Lyubetsky et al., 2020	2	26.0	8.0
pseudoalteromonas aurantia			23.5	19.0			2	21.25	4.5
pseudoalteromonas byunsanensis	27.5	10.0		27.5			2	27.5	0.0
pseudoalteromonas carrageenovora			21.0	20.0			2	20.5	1.0
pseudoalteromonas citrea				26.0			1	26.0	0.0
pseudoalteromonas denitrificans			11.5				1	11.5	0.0
pseudoalteromonas distincta				13.75			1	13.75	0.0
pseudoalteromonas donghaensis	27.5	4.0					1	27.5	0.0
pseudoalteromonas espejiana					30.0	Lyubetsky et al., 2020	1	30.0	0.0
pseudoalteromonas flavipulchra			27.0				1	27.0	0.0
pseudoalteromonas fuliginea			27.0				1	27.0	0.0
pseudoalteromonas gelatinilytica	32.5	15.0		32.5			2	32.5	0.0
pseudoalteromonas haloplanktis			18.0	23.0	30.0	Lyubetsky et al., 2020	3	23.666666666666668	12.0
pseudoalteromonas hodoensis	27.5	15.0					1	27.5	0.0
pseudoalteromonas issachenkonii	29.0	4.0	23.0				2	26.0	6.0
pseudoalteromonas luteoviolacea					25.0	Lyubetsky et al., 2020	1	25.0	0.0
pseudoalteromonas luteoviolacea_d				20.786			1	20.786	0.0
pseudoalteromonas maricaloris	27.5	10.0					1	27.5	0.0
pseudoalteromonas marina				20.5			1	20.5	0.0
pseudoalteromonas mariniglutinosa	24.0	5.0					1	24.0	0.0
pseudoalteromonas nigrifaciens			24.0	26.0	30.0	Lyubetsky et al., 2020	3	26.666666666666668	6.0
pseudoalteromonas paragorgicola			26.0				1	26.0	0.0
pseudoalteromonas peptidolytica			29.0				1	29.0	0.0
pseudoalteromonas phenolica	31.0	18.0		31.0			2	31.0	0.0
pseudoalteromonas piscicida					30.0	Lyubetsky et al., 2020	1	30.0	0.0
pseudoalteromonas profundi	28.5	10.0					1	28.5	0.0
pseudoalteromonas prydzensis	23.5	-2.0	20.0	21.75			3	21.75	3.5
pseudoalteromonas rubra			23.5		30.0	Lyubetsky et al., 2020	2	26.75	6.5
pseudoalteromonas ruthenica	27.5	10.0		27.5			2	27.5	0.0
pseudoalteromonas shioyasakiensis	29.0	5.0		29.0			2	29.0	0.0
pseudoalteromonas sp.			26.0				1	26.0	0.0
pseudoalteromonas spongiae				27.0			1	27.0	0.0
pseudoalteromonas tetraodonis			23.5	20.625			2	22.0625	2.875
pseudoalteromonas translucida			27.0				1	27.0	0.0
pseudoalteromonas tunicata			23.0				1	23.0	0.0
pseudoalteromonas ulvae			27.0				1	27.0	0.0
pseudoalteromonas undina			27.0				1	27.0	0.0
pseudoalteromonas xishaensis	31.0	15.0					1	31.0	0.0
pseudobacteriovorax antillogorgiicola			29.0				1	29.0	0.0
pseudobacteroides cellulosolvens	42.0	20.0	35.0		42.0	ThermoBase	3	39.666666666666664	7.0
pseudobowmanella zhangzhouensis	31.0	15.0					1	31.0	0.0
pseudobutyrivibrio xylanivorans			38.0				1	38.0	0.0
pseudoclavibacter caeni					30.0	BacDive	1	30.0	0.0
pseudoclavibacter chungangensis					30.0	BacDive	1	30.0	0.0
pseudoclavibacter helvolus			29.0	29.5	28.5	BacDive	3	29.0	1.0
pseudoclavibacter soli					30.0	BacDive	1	30.0	0.0
pseudoclavibacter sp.					30.0	BacDive	1	30.0	0.0
pseudoclavibacter terrae	26.5	10.0		26.5			2	26.5	0.0
pseudodesulfovibrio aespoeensis	27.5	4.0		28.3335	27.5	Lyubetsky et al., 2020	3	27.777833333333334	0.8335000000000008
pseudodesulfovibrio indicus	32.5	9.0		32.5			2	32.5	0.0
pseudodesulfovibrio portus	35.0	10.0					1	35.0	0.0
pseudodesulfovibrio senegalensis					40.0	ThermoBase	1	40.0	0.0
pseudodesulfovibrio tunisiensis					37.0	BacDive	1	37.0	0.0
pseudoduganella eburnea	27.5	10.0					1	27.5	0.0
pseudoduganella violaceinigra			29.0				1	29.0	0.0
pseudoflavitalea rhizosphaerae	29.0	10.0					1	29.0	0.0
pseudoflavitalea soli	29.0	10.0					1	29.0	0.0
pseudofulvibacter marinus	24.0	4.0					1	24.0	0.0
pseudoglutamicibacter albus			35.0		28.0	BacDive	2	31.5	7.0
pseudoglutamicibacter cumminsii			31.0				1	31.0	0.0
pseudogracilibacillus auburnensis	29.0	10.0		29.0			2	29.0	0.0
pseudogracilibacillus endophyticus	40.0	22.0			40.0	ThermoBase	2	40.0	0.0
pseudogulbenkiania gefcensis	32.0	25.0					1	32.0	0.0
pseudogulbenkiania sp.			35.0				1	35.0	0.0
pseudohaliea rubra			29.0		30.0	BacDive	2	29.5	1.0
pseudohalocynthiibacter aestuariivivens	27.5	10.0		27.5			2	27.5	0.0
pseudohoeflea suaedae	33.5	10.0		33.5			2	33.5	0.0
pseudokineococcus lusitanus	29.0	6.0		29.0			2	29.0	0.0
pseudolysinimonas kribbensis					28.0	BacDive	1	28.0	0.0
pseudomaribius aestuariivivens	27.5	10.0					1	27.5	0.0
pseudomaricurvus alcaniphilus	32.0	16.0		32.0			2	32.0	0.0
pseudomaricurvus alkylphenolicus	27.5	15.0		27.5			2	27.5	0.0
pseudomonas abietaniphila			29.0				1	29.0	0.0
pseudomonas aeruginosa			34.0	33.02803921568625			2	33.514019607843125	0.971960784313751
pseudomonas aestusnigri	27.5	18.0					1	27.5	0.0
pseudomonas agarici			27.0				1	27.0	0.0
pseudomonas alcaliphila			29.0				1	29.0	0.0
pseudomonas alginovora			22.0				1	22.0	0.0
pseudomonas alkylphenolica	21.5	4.0					1	21.5	0.0
pseudomonas amygdali			26.0				1	26.0	0.0
pseudomonas amyloderamosa			32.0				1	32.0	0.0
pseudomonas anguilliseptica			24.0				1	24.0	0.0
pseudomonas antarctica			26.0				1	26.0	0.0
pseudomonas asplenii			27.0				1	27.0	0.0
pseudomonas auricularis			26.0				1	26.0	0.0
pseudomonas avellanae			26.0				1	26.0	0.0
pseudomonas azotoformans			27.0		27.5	Lyubetsky et al., 2020	2	27.25	0.5
pseudomonas bauzanensis	15.0	5.0					1	15.0	0.0
pseudomonas borbori			29.0				1	29.0	0.0
pseudomonas brenneri			29.0				1	29.0	0.0
pseudomonas bubulae	27.0	2.0					1	27.0	0.0
pseudomonas cannabina			26.0				1	26.0	0.0
pseudomonas carboxydohydrogena			29.0				1	29.0	0.0
pseudomonas caricapapayae	26.0	7.0	27.0				2	26.5	1.0
pseudomonas carnis	29.0	2.0					1	29.0	0.0
pseudomonas cedrina			29.0				1	29.0	0.0
pseudomonas chlororaphis			27.0		30.0	Lyubetsky et al., 2020	2	28.5	3.0
pseudomonas cichorii			26.0		30.0	Lyubetsky et al., 2020	2	28.0	4.0
pseudomonas citronellolis			29.0		30.0	Lyubetsky et al., 2020	2	29.5	1.0
pseudomonas coleopterorum	22.0	4.0					1	22.0	0.0
pseudomonas coronafaciens			26.0				1	26.0	0.0
pseudomonas corrugata			26.0				1	26.0	0.0
pseudomonas costantinii			29.0				1	29.0	0.0
pseudomonas cruciviae			32.0				1	32.0	0.0
pseudomonas cuatrocienegasensis			29.0				1	29.0	0.0
pseudomonas deceptionensis			20.0				1	20.0	0.0
pseudomonas delhiensis			33.0				1	33.0	0.0
pseudomonas duriflava	33.5	5.0					1	33.5	0.0
pseudomonas entomophila	33.5	4.0					1	33.5	0.0
pseudomonas extremaustralis			29.0				1	29.0	0.0
pseudomonas extremorientalis			27.0				1	27.0	0.0
pseudomonas flavescens			29.0				1	29.0	0.0
pseudomonas floridensis	27.5	4.0					1	27.5	0.0
pseudomonas fluorescens			30.4				1	30.4	0.0
pseudomonas fluvialis	27.5	15.0					1	27.5	0.0
pseudomonas fragi					20.0	Lyubetsky et al., 2020	1	20.0	0.0
pseudomonas fulva					27.5	Lyubetsky et al., 2020	1	27.5	0.0
pseudomonas fuscovaginae			29.0				1	29.0	0.0
pseudomonas gallaeciensis	27.5	6.0					1	27.5	0.0
pseudomonas glareae	29.0	5.0					1	29.0	0.0
pseudomonas graminis			26.0				1	26.0	0.0
pseudomonas helleri	32.0	4.0					1	32.0	0.0
pseudomonas hunanensis	31.0	10.0					1	31.0	0.0
pseudomonas hussainii	33.5	15.0					1	33.5	0.0
pseudomonas jessenii			29.0				1	29.0	0.0
pseudomonas juntendi	32.0	4.0					1	32.0	0.0
pseudomonas kilonensis			29.0				1	29.0	0.0
pseudomonas knackmussii				30.5			1	30.5	0.0
pseudomonas kunmingensis			29.0				1	29.0	0.0
pseudomonas lactis	29.0	4.0					1	29.0	0.0
pseudomonas libanensis			29.0				1	29.0	0.0
pseudomonas lini			29.0				1	29.0	0.0
pseudomonas lurida			29.0				1	29.0	0.0
pseudomonas luteola			29.0				1	29.0	0.0
pseudomonas mandelii					30.0	Lyubetsky et al., 2020	1	30.0	0.0
pseudomonas marginalis	25.5	0.0					1	25.5	0.0
pseudomonas marincola	26.5	5.0					1	26.5	0.0
pseudomonas meliae	27.0	4.0	26.0				2	26.5	1.0
pseudomonas mendocina			34.0		35.0	Lyubetsky et al., 2020	2	34.5	1.0
pseudomonas monteilii			29.0		30.0	Lyubetsky et al., 2020	2	29.5	1.0
pseudomonas moorei			29.0				1	29.0	0.0
pseudomonas moraviensis	31.5	4.0					1	31.5	0.0
pseudomonas mosselii			29.0				1	29.0	0.0
pseudomonas mucidolens	24.0	10.0					1	24.0	0.0
pseudomonas multiresinivorans			29.0				1	29.0	0.0
pseudomonas mutabilis			26.0				1	26.0	0.0
pseudomonas nitritireducens	27.5	15.0					1	27.5	0.0
pseudomonas nitroreducens			29.0	29.1428571428571			2	29.071428571428548	0.14285714285709972
pseudomonas oryzae	33.5	25.0					1	33.5	0.0
pseudomonas oryzihabitans			29.0				1	29.0	0.0
pseudomonas pachastrellae			29.0				1	29.0	0.0
pseudomonas palleroniana			29.0				1	29.0	0.0
pseudomonas paralactis	29.0	4.0					1	29.0	0.0
pseudomonas peli			29.0				1	29.0	0.0
pseudomonas pertucinogena			35.0				1	35.0	0.0
pseudomonas plecoglossicida			29.0				1	29.0	0.0
pseudomonas pohangensis	27.5	4.0	29.0				2	28.25	1.5
pseudomonas proteolytica			27.0				1	27.0	0.0
pseudomonas pseudoalcaligenes			29.0				1	29.0	0.0
pseudomonas psychrophila			27.0				1	27.0	0.0
pseudomonas psychrotolerans			29.0				1	29.0	0.0
pseudomonas punonensis			29.0				1	29.0	0.0
pseudomonas putida			26.0		27.5	Lyubetsky et al., 2020	2	26.75	1.5
pseudomonas reidholzensis	27.5	4.0					1	27.5	0.0
pseudomonas resinovorans			29.0		29.0	Lyubetsky et al., 2020	2	29.0	0.0
pseudomonas rhizosphaerae			27.0				1	27.0	0.0
pseudomonas salina	27.5	4.0					1	27.5	0.0
pseudomonas salomonii			29.0				1	29.0	0.0
pseudomonas saponiphila			29.0				1	29.0	0.0
pseudomonas savastanoi			27.0				1	27.0	0.0
pseudomonas saxonica	27.0	4.0					1	27.0	0.0
pseudomonas silesiensis	22.5	4.0					1	22.5	0.0
pseudomonas simiae			29.0				1	29.0	0.0
pseudomonas sp.			28.4				1	28.4	0.0
pseudomonas syncyanea			29.0				1	29.0	0.0
pseudomonas synxantha			29.0				1	29.0	0.0
pseudomonas syringae			28.35				1	28.35	0.0
pseudomonas taeanensis	26.5	4.0					1	26.5	0.0
pseudomonas taiwanensis	33.5	5.0					1	33.5	0.0
pseudomonas thermocarboxydovorans			50.0				1	50.0	0.0
pseudomonas thermotolerans	47.0	25.0	43.65		47.0	ThermoBase	3	45.88333333333333	3.3500000000000014
pseudomonas tolaasii			29.0				1	29.0	0.0
pseudomonas toyotomiensis	35.0	4.0					1	35.0	0.0
pseudomonas viridiflava			27.0				1	27.0	0.0
pseudomonas vranovensis	31.5	4.0	29.0				2	30.25	2.5
pseudomonas wadenswilerensis	27.5	4.0					1	27.5	0.0
pseudomonas xanthomarina			27.0				1	27.0	0.0
pseudomonas xiamenensis	27.5	10.0					1	27.5	0.0
pseudomonas xinjiangensis			35.0				1	35.0	0.0
pseudomonas yangmingensis	33.5	5.0					1	33.5	0.0
pseudomonas zeshuii	32.5	20.0					1	32.5	0.0
pseudomonas_a stutzeri				32.286			1	32.286	0.0
pseudomonas_b luteola				32.5			1	32.5	0.0
pseudomonas_b oryzihabitans				20.5			1	20.5	0.0
pseudomonas_d pachastrellae				24.0			1	24.0	0.0
pseudomonas_e argentinensis_b				26.5			1	26.5	0.0
pseudomonas_e fluorescens_g				30.448			1	30.448	0.0
pseudomonas_e fulva				27.5			1	27.5	0.0
pseudomonas_e guineae				13.0			1	13.0	0.0
pseudomonas_e hunanensis				29.269			1	29.269	0.0
pseudomonas_e lurida				21.0			1	21.0	0.0
pseudomonas_e marincola				23.25			1	23.25	0.0
pseudomonas_e mendocina_a				28.75			1	28.75	0.0
pseudomonas_e monteilii_a				29.2			1	29.2	0.0
pseudomonas_e parafulva				27.5			1	27.5	0.0
pseudomonas_e peli				33.5			1	33.5	0.0
pseudomonas_e plecoglossicida				22.5			1	22.5	0.0
pseudomonas_e poae				26.0			1	26.0	0.0
pseudomonas_e protegens				30.25			1	30.25	0.0
pseudomonas_e proteolytica				33.0			1	33.0	0.0
pseudomonas_e synxantha_a				20.0			1	20.0	0.0
pseudomonas_e syringae				26.481			1	26.481	0.0
pseudomonas_e taeanensis				28.25			1	28.25	0.0
pseudomonas_e tolaasii				26.5			1	26.5	0.0
pseudomonas_e tremae				22.0			1	22.0	0.0
pseudomonas_e veronii				19.5			1	19.5	0.0
pseudomonas_e viridiflava				26.0			1	26.0	0.0
pseudomonas_f sp000949385				34.0			1	34.0	0.0
pseudomonas_n azotifigens				34.5			1	34.5	0.0
pseudonocardia alaniniphila			29.0				1	29.0	0.0
pseudonocardia antarctica			27.0				1	27.0	0.0
pseudonocardia artemisiae	24.0	10.0					1	24.0	0.0
pseudonocardia asaccharolytica			29.0				1	29.0	0.0
pseudonocardia babensis			29.0				1	29.0	0.0
pseudonocardia bannensis	24.0	10.0		24.0			2	24.0	0.0
pseudonocardia compacta			27.0				1	27.0	0.0
pseudonocardia dioxanivorans			27.0		30.0	Lyubetsky et al., 2020	2	28.5	3.0
pseudonocardia hydrocarbonoxydans			27.0				1	27.0	0.0
pseudonocardia khuvsgulensis	27.5	15.0					1	27.5	0.0
pseudonocardia kongjuensis			29.0				1	29.0	0.0
pseudonocardia lutea	32.5	10.0					1	32.5	0.0
pseudonocardia mangrovi	29.0	20.0					1	29.0	0.0
pseudonocardia petroleophila			27.0				1	27.0	0.0
pseudonocardia profundimaris	32.5	4.0					1	32.5	0.0
pseudonocardia saturnea	29.0	10.0	32.0				2	30.5	3.0
pseudonocardia seranimata	24.0	10.0					1	24.0	0.0
pseudonocardia spinosispora			29.0				1	29.0	0.0
pseudonocardia sulfidoxydans			29.0				1	29.0	0.0
pseudonocardia tetrahydrofuranoxydans			29.0				1	29.0	0.0
pseudonocardia thailandensis	31.5	15.0					1	31.5	0.0
pseudonocardia thermophila	45.0	28.0	47.0	45.83333333333335	45.0	ThermoBase	4	45.708333333333336	2.0
pseudonocardia xinjiangensis			29.0				1	29.0	0.0
pseudonocardia zijingensis			29.0				1	29.0	0.0
pseudooceanicola antarcticus	36.0	4.0		36.0			2	36.0	0.0
pseudooceanicola atlanticus	26.5	10.0		26.5			2	26.5	0.0
pseudooceanicola flagellatus	36.0	15.0		36.0			2	36.0	0.0
pseudooceanicola marinus	31.5	4.0		31.5			2	31.5	0.0
pseudooceanicola onchidii	36.0	15.0		36.0			2	36.0	0.0
pseudopedobacter saltans			27.0				1	27.0	0.0
pseudophaeobacter arcticus	19.5	0.0	20.0	19.5			3	19.666666666666668	0.5
pseudophaeobacter leonis	19.5	4.0		19.5			2	19.5	0.0
pseudoramibacter alactolyticus	36.0	25.0		36.0			2	36.0	0.0
pseudorhodobacter antarcticus	15.0	4.0		15.0			2	15.0	0.0
pseudorhodobacter aquaticus	22.5	4.0					1	22.5	0.0
pseudorhodobacter collinsensis	22.5	4.0					1	22.5	0.0
pseudorhodobacter ferrugineus			26.0	26.0			2	26.0	0.0
pseudorhodobacter psychrotolerans	17.5	0.0					1	17.5	0.0
pseudorhodobacter sinensis	22.5	4.0					1	22.5	0.0
pseudorhodoferax caeni					30.0	BacDive	1	30.0	0.0
pseudorhodoferax soli					30.0	BacDive	1	30.0	0.0
pseudoruegeria aestuarii	27.5	15.0					1	27.5	0.0
pseudoruegeria marinistellae	27.5	10.0					1	27.5	0.0
pseudosphingobacterium domesticum			33.0				1	33.0	0.0
pseudospirillum japonicum			26.0	25.5			2	25.75	0.5
pseudoteredinibacter isoporae	32.5	10.0		32.5			2	32.5	0.0
pseudothauera hydrothermalis					47.5	ThermoBase	1	47.5	0.0
pseudothermotoga elfii	66.0	50.0	65.5		66.0	Lyubetsky et al., 2020;ThermoBase	3	65.83333333333333	0.5
pseudothermotoga hypogea	70.0	56.0	69.95		70.0	Lyubetsky et al., 2020;ThermoBase	3	69.98333333333333	0.04999999999999716
pseudothermotoga lettingae	65.0	50.0	64.95		65.0	ThermoBase	3	64.98333333333333	0.04999999999999716
pseudothermotoga subterranea	70.0	50.0	69.95		70.0	ThermoBase	3	69.98333333333333	0.04999999999999716
pseudothermotoga thermarum	70.0	55.0	80.0	72.5	72.5	Lyubetsky et al., 2020;ThermoBase	4	73.75	10.0
pseudothermotoga_a caldifontis				75.0			1	75.0	0.0
pseudothermotoga_a hypogea				70.0			1	70.0	0.0
pseudothermotoga_b profunda				65.0			1	65.0	0.0
pseudovibrio ascidiaceicola	27.5	10.0		27.5			2	27.5	0.0
pseudovibrio axinellae	24.0	10.0	24.0	24.0			3	24.0	0.0
pseudovibrio denitrificans			29.0				1	29.0	0.0
pseudovibrio hongkongensis	26.5	15.0		26.5			2	26.5	0.0
pseudovibrio stylochi	26.5	15.0		26.5			2	26.5	0.0
pseudoxanthobacter liyangensis	33.5	20.0					1	33.5	0.0
pseudoxanthobacter soli			29.0				1	29.0	0.0
pseudoxanthomonas dokdonensis			29.0				1	29.0	0.0
pseudoxanthomonas icgebensis	33.5	30.0					1	33.5	0.0
pseudoxanthomonas japonensis	33.5	10.0					1	33.5	0.0
pseudoxanthomonas kalamensis			31.0				1	31.0	0.0
pseudoxanthomonas kaohsiungensis	35.0	10.0	35.0	35.0			3	35.0	0.0
pseudoxanthomonas mexicana	33.5	10.0	31.0				2	32.25	2.5
pseudoxanthomonas putridarboris	33.5	10.0					1	33.5	0.0
pseudoxanthomonas sacheonensis	27.5	15.0					1	27.5	0.0
pseudoxanthomonas sangjuensis	33.5	15.0					1	33.5	0.0
pseudoxanthomonas sp.			29.0				1	29.0	0.0
pseudoxanthomonas taiwanensis	55.0	30.0	49.0	52.5	55.0	ThermoBase	4	52.875	6.0
pseudoxanthomonas_a mexicana				26.75			1	26.75	0.0
pseudoxanthomonas_a spadix_a				29.5			1	29.5	0.0
pseudozobellia thermophila				26.5			1	26.5	0.0
psychrilyobacter atlanticus	18.5	4.0	18.0	18.33333333333333	18.5	BacDive	4	18.333333333333332	0.5
psychrobacillus insolitus	20.0	0.0	20.5	21.25			3	20.583333333333332	1.25
psychrobacillus lasiicapitis	29.0	0.0		29.0			2	29.0	0.0
psychrobacillus psychrodurans			26.0				1	26.0	0.0
psychrobacillus soli	29.0	-2.0		29.0			2	29.0	0.0
psychrobacter adeliensis	22.0	2.0	21.0				2	21.5	1.0
psychrobacter alimentarius					30.0	BacDive	1	30.0	0.0
psychrobacter aquaticus			22.0	22.0	22.0	BacDive	3	22.0	0.0
psychrobacter aquimaris					27.5	BacDive	1	27.5	0.0
psychrobacter arcticus	22.0	-10.0	20.0	19.45833333333333			3	20.48611111111111	2.5416666666666714
psychrobacter arenosus	26.5	4.0		26.5			2	26.5	0.0
psychrobacter celer	27.5	4.0		27.5			2	27.5	0.0
psychrobacter cibarius	27.5	4.0		27.5	27.5	BacDive	3	27.5	0.0
psychrobacter ciconiae			29.0				1	29.0	0.0
psychrobacter cryohalolentis	22.0	-10.0	21.5	24.055555555555568	22.0	BacDive	4	22.388888888888893	2.555555555555568
psychrobacter faecalis	22.5	4.0	36.0	29.25			3	29.25	13.5
psychrobacter fjordensis	27.0	4.0					1	27.0	0.0
psychrobacter frigidicola			12.0	13.3333333333333			2	12.66666666666665	1.3333333333333002
psychrobacter fulvigenes	26.5	-5.0		26.5			2	26.5	0.0
psychrobacter glaciei	27.0	4.0	20.0	27.0			3	24.666666666666668	7.0
psychrobacter glacincola	14.0	-18.0	14.7				2	14.35	0.6999999999999993
psychrobacter immobilis	22.5	5.0		24.875			2	23.6875	2.375
psychrobacter jeotgali	27.5	4.0	29.0	27.5			3	28.0	1.5
psychrobacter lutiphocae				30.25			1	30.25	0.0
psychrobacter marincola	26.5	7.0					1	26.5	0.0
psychrobacter maritimus	26.5	4.0		26.5	26.5	BacDive	3	26.5	0.0
psychrobacter muriicola	17.0	-2.0	17.9				2	17.45	0.8999999999999986
psychrobacter namhaensis					27.5	BacDive	1	27.5	0.0
psychrobacter nivimaris	12.5	5.0	27.0				2	19.75	14.5
psychrobacter oceani	27.5	5.0					1	27.5	0.0
psychrobacter okhotskensis			20.0	22.0			2	21.0	2.0
psychrobacter pacificensis			29.0				1	29.0	0.0
psychrobacter phenylpyruvicus			32.5				1	32.5	0.0
psychrobacter pocilloporae	27.5	4.0					1	27.5	0.0
psychrobacter proteolyticus			22.0				1	22.0	0.0
psychrobacter pulmonis			33.0				1	33.0	0.0
psychrobacter pygoscelis	17.0	4.0		17.0			2	17.0	0.0
psychrobacter salsus	22.0	2.0	21.0				2	21.5	1.0
psychrobacter sanguinis	33.5	4.0		33.5			2	33.5	0.0
psychrobacter sp.			20.0				1	20.0	0.0
psychrobacter submarinus	26.5	4.0					1	26.5	0.0
psychrobacter urativorans			12.0		18.0	Lyubetsky et al., 2020	2	15.0	6.0
psychrobacter vallis			21.0	22.0	17.0	BacDive	3	20.0	5.0
psychrobium conchae			12.0				1	12.0	0.0
psychroflexus gondwanensis			26.0	23.5			2	24.75	2.5
psychroflexus halocasei				28.5	28.5	BacDive	2	28.5	0.0
psychroflexus saliphilus	33.0	20.0					1	33.0	0.0
psychroflexus salis	22.5	10.0		22.5			2	22.5	0.0
psychroflexus sediminis	27.5	10.0		27.5			2	27.5	0.0
psychroflexus torquis	12.5	-16.0	8.15	9.166666666666666	12.5	Lyubetsky et al., 2020	4	10.579166666666666	4.35
psychroflexus tropicus			29.0		30.0	BacDive	2	29.5	1.0
psychroglaciecola arctica	18.0	4.0					1	18.0	0.0
psychromonas agarivorans	22.5	2.0					1	22.5	0.0
psychromonas antarctica	12.0	2.0	13.5				2	12.75	1.5
psychromonas aquimarina	22.5	5.0	20.0				2	21.25	2.5
psychromonas arctica	20.0	0.0	7.0	15.0			3	14.0	13.0
psychromonas boydii			12.0				1	12.0	0.0
psychromonas hadalis			6.0				1	6.0	0.0
psychromonas heitensis	22.5	2.0					1	22.5	0.0
psychromonas ingrahamii			7.5	8.5			2	8.0	1.0
psychromonas japonica	21.0	5.0	20.0				2	20.5	1.0
psychromonas kaikoae	10.0	4.0	10.0				2	10.0	0.0
psychromonas macrocephali	20.0	0.0	20.0				2	20.0	0.0
psychromonas marina	15.0	0.0	17.0				2	16.0	2.0
psychromonas ossibalaenae	20.0	0.0	20.0				2	20.0	0.0
psychromonas profunda	3.5	2.0	5.0				2	4.25	1.5
psychromonas sp.			8.75				1	8.75	0.0
psychroserpens burtonensis			13.0	11.75			2	12.375	1.25
psychroserpens jangbogonensis	15.0	4.0		15.0			2	15.0	0.0
psychrosinus fermentans	14.5	-2.0					1	14.5	0.0
psychrosphaera aquimarina	27.5	10.0					1	27.5	0.0
psychrosphaera saromensis	17.5	4.0		17.5			2	17.5	0.0
pueribacillus theae	41.0	20.0			41.0	ThermoBase	2	41.0	0.0
pullulanibacillus camelliae	33.5	20.0					1	33.5	0.0
pullulanibacillus pueri	33.5	20.0		33.5			2	33.5	0.0
pullulanibacillus uraniitolerans			35.0				1	35.0	0.0
puniceicoccus vermicola	27.5	8.0		27.5			2	27.5	0.0
pusillimonas noertemannii			32.0				1	32.0	0.0
pyrinomonas methylaliphatogenes	65.0	50.0	60.0	65.0	65.0	ThermoBase	4	63.75	5.0
pyrobaculum aerophilum	100.0	75.0	98.0	97.63333333333333	100.0	ThermoBase	4	98.90833333333333	2.3666666666666742
pyrobaculum arsenaticum	90.0	68.0	95.0		90.0	ThermoBase	3	91.66666666666667	5.0
pyrobaculum calidifontis	92.5	75.0	90.0	92.08333333333331	92.5	ThermoBase	4	91.77083333333333	2.5
pyrobaculum ferrireducens	92.5	75.0	90.0		92.5	ThermoBase	3	91.66666666666667	2.5
pyrobaculum igneiluti	90.0	75.0			90.0	ThermoBase	2	90.0	0.0
pyrobaculum islandicum	100.0	74.0	96.95	99.16666666666669	100.0	Lyubetsky et al., 2020;ThermoBase	4	99.02916666666667	3.049999999999997
pyrobaculum neutrophilum			85.0		85.0	ThermoBase	2	85.0	0.0
pyrobaculum oguniense	92.0	70.0	90.35		92.0	ThermoBase	3	91.45	1.6500000000000057
pyrobaculum organotrophum	102.0	78.0	96.95		102.0	ThermoBase	3	100.31666666666666	5.049999999999997
pyrobaculum sp.					78.0	ThermoBase	1	78.0	0.0
pyrococcus abyssi	96.0	67.0	95.9	97.0	96.0	Lyubetsky et al., 2020;ThermoBase	4	96.225	1.0999999999999943
pyrococcus endeavori					98.0	ThermoBase	1	98.0	0.0
pyrococcus furiosus	100.0	70.0	100.0	98.25595238095237	100.0	Lyubetsky et al., 2020;ThermoBase	4	99.56398809523809	1.7440476190476346
pyrococcus glycovorans	95.0	75.0	95.5		95.0	ThermoBase	3	95.16666666666667	0.5
pyrococcus horikoshii	98.0	80.0	98.0	96.47233333333334	98.0	Lyubetsky et al., 2020;ThermoBase	4	97.61808333333333	1.5276666666666614
pyrococcus kukulkanii	105.0	70.0	100.0	105.0	105.0	ThermoBase	4	103.75	5.0
pyrococcus sp.			95.0		93.0	ThermoBase	2	94.0	2.0
pyrococcus sp000211475				86.5			1	86.5	0.0
pyrococcus sp000263735				95.0			1	95.0	0.0
pyrococcus woesei			96.0		101.5	ThermoBase	2	98.75	5.5
pyrococcus yayanosii	98.0	80.0	98.0	98.0	98.0	ThermoBase	4	98.0	0.0
pyrodictium abyssi	97.0	80.0	99.35		97.0	ThermoBase	3	97.78333333333335	2.3499999999999943
pyrodictium brockii	105.0	80.0	97.0		105.0	ThermoBase	3	102.33333333333333	8.0
pyrodictium delaneyi	91.0	82.0	90.0		91.0	ThermoBase;aciDB	3	90.66666666666667	1.0
pyrodictium occultum	105.0	82.0	97.0		105.0	ThermoBase	3	102.33333333333333	8.0
pyrolobus fumarii	106.0	90.0	104.3		106.0	Lyubetsky et al., 2020;ThermoBase	3	105.43333333333334	1.7000000000000028
pyxidicoccus fallax			29.0				1	29.0	0.0
quadrisphaera granulorum					37.0	BacDive	1	37.0	0.0
quadrisphaera oryzae	29.0	17.0					1	29.0	0.0
quasibacillus thermotolerans	50.0	20.0		50.0			2	50.0	0.0
quatrionicoccus australiensis	27.5	15.0					1	27.5	0.0
quisquiliibacterium transsilvanicum	27.5	10.0		27.5			2	27.5	0.0
rahnella aquatilis					30.0	Lyubetsky et al., 2020	1	30.0	0.0
raineya orbicola	50.0	35.0		50.0	50.0	ThermoBase	3	50.0	0.0
raineyella antarctica	26.0	3.0		26.0			2	26.0	0.0
ralstonia insidiosa			31.0				1	31.0	0.0
ralstonia mannitolilytica			32.0				1	32.0	0.0
ralstonia pickettii			31.0				1	31.0	0.0
ralstonia solanacearum			29.0	27.9645			2	28.48225	1.035499999999999
ramlibacter rhizophilus	32.5	10.0		32.5			2	32.5	0.0
raoultella ornithinolytica			31.0				1	31.0	0.0
raoultella planticola			33.5				1	33.5	0.0
rasamsonia emersonii					42.5	ThermoBase	1	42.5	0.0
rathayibacter caricis			24.0	24.0			2	24.0	0.0
rathayibacter festucae			26.0	24.0			2	25.0	2.0
rathayibacter iranicus			29.0	27.0			2	28.0	2.0
rathayibacter rathayi			29.0				1	29.0	0.0
rathayibacter toxicus			29.0	26.0	26.75	BacDive;Lyubetsky et al., 2020	3	27.25	3.0
rathayibacter tritici			29.0		25.5	Lyubetsky et al., 2020	2	27.25	3.5
ravibacter arvi	31.0	15.0					1	31.0	0.0
rehaibacterium terrae	45.0	30.0	45.0	45.0	45.0	ThermoBase	4	45.0	0.0
reichenbachiella agariperforans	26.5	4.0	27.0	26.5			3	26.666666666666668	0.5
reichenbachiella faecimaris	29.0	5.0		29.0			2	29.0	0.0
reinekea blandensis				28.5			1	28.5	0.0
reinekea forsetii	12.0	4.0		13.5			2	12.75	1.5
reinekea marinisedimentorum			33.0	35.0			2	34.0	2.0
remersonia thermophila					42.5	ThermoBase	1	42.5	0.0
renibacterium salmoninarum			16.0	15.0	16.5	Lyubetsky et al., 2020	3	15.833333333333334	1.5
reyranella aquatilis	27.5	15.0					1	27.5	0.0
reyranella massiliensis	28.5	18.0	32.0	30.25			3	30.25	3.5
reyranella sp001557035				20.0			1	20.0	0.0
reyranella terrae	20.0	15.0					1	20.0	0.0
rhabdanaerobium thermarum	45.0	25.0			45.0	ThermoBase	2	45.0	0.0
rhabdobacter roseus	27.5	10.0		27.5			2	27.5	0.0
rhabdothermus arcticus	65.0	37.0	65.0		65.0	ThermoBase	3	65.0	0.0
rheinheimera aestuarii	22.5	10.0					1	22.5	0.0
rheinheimera aquimaris	33.5	4.0		33.5	33.5	BacDive	3	33.5	0.0
rheinheimera baltica	22.5	10.0	24.0	22.5			3	23.0	1.5
rheinheimera chironomi					33.5	BacDive	1	33.5	0.0
rheinheimera coerulea	27.5	15.0					1	27.5	0.0
rheinheimera gaetbuli	22.5	4.0					1	22.5	0.0
rheinheimera hassiensis	27.5	4.0					1	27.5	0.0
rheinheimera japonica	29.0	5.0					1	29.0	0.0
rheinheimera marina	27.5	4.0					1	27.5	0.0
rheinheimera muenzenbergensis	27.5	4.0					1	27.5	0.0
rheinheimera pacifica			31.0				1	31.0	0.0
rheinheimera perlucida			22.0				1	22.0	0.0
rheinheimera pleomorphica	33.5	4.0		33.5			2	33.5	0.0
rheinheimera salexigens	34.5	4.0					1	34.5	0.0
rheinheimera tangshanensis					30.0	BacDive	1	30.0	0.0
rheinheimera texasensis					33.5	BacDive	1	33.5	0.0
rheinheimera tuosuensis	32.5	4.0					1	32.5	0.0
rhizobacter bergeniae	26.5	7.0					1	26.5	0.0
rhizobacter dauci			29.0				1	29.0	0.0
rhizobacter gummiphilus	22.5	10.0		22.5			2	22.5	0.0
rhizobium altiplani	29.0	12.0		29.0			2	29.0	0.0
rhizobium alvei	27.5	4.0					1	27.5	0.0
rhizobium endophyticum			29.0				1	29.0	0.0
rhizobium etli			29.0		27.5	Lyubetsky et al., 2020	2	28.25	1.5
rhizobium freirei				27.1			1	27.1	0.0
rhizobium gallicum					27.5	Lyubetsky et al., 2020	1	27.5	0.0
rhizobium grahamii			29.0	28.333			2	28.6665	0.6670000000000016
rhizobium helianthi	35.0	10.0					1	35.0	0.0
rhizobium kunmingense	26.5	15.0					1	26.5	0.0
rhizobium laguerreae				27.875			1	27.875	0.0
rhizobium leguminosarum			26.0	27.9	27.5	Lyubetsky et al., 2020	3	27.133333333333336	1.8999999999999986
rhizobium loessense			29.0				1	29.0	0.0
rhizobium metallidurans	27.5	18.0		27.5			2	27.5	0.0
rhizobium miluonense				27.5			1	27.5	0.0
rhizobium mongolense			26.0				1	26.0	0.0
rhizobium naphthalenivorans	27.5	20.0					1	27.5	0.0
rhizobium oryzae	32.5	10.0					1	32.5	0.0
rhizobium phaseoli			26.0	27.8			2	26.9	1.8000000000000007
rhizobium pisi			26.0				1	26.0	0.0
rhizobium pseudoryzae			29.0				1	29.0	0.0
rhizobium pusense	29.0	16.0					1	29.0	0.0
rhizobium rhizogenes				26.0	26.5	Lyubetsky et al., 2020	2	26.25	0.5
rhizobium sp.			27.0				1	27.0	0.0
rhizobium sp900467885				27.5			1	27.5	0.0
rhizobium sullae			26.0				1	26.0	0.0
rhizobium tropici					27.5	Lyubetsky et al., 2020	1	27.5	0.0
rhizobium tubonense	27.5	10.0		27.5			2	27.5	0.0
rhizobium undicola			29.0				1	29.0	0.0
rhizobium viscosum					28.0	BacDive	1	28.0	0.0
rhizomicrobium palustre	32.5	15.0		32.5			2	32.5	0.0
rhizorhabdus wittichii				29.0			1	29.0	0.0
rhizorhapis suberifaciens			29.0				1	29.0	0.0
rhodanobacter aciditrophus	27.5	20.0			27.5	aciDB	2	27.5	0.0
rhodanobacter caeni	27.5	10.0					1	27.5	0.0
rhodanobacter denitrificans			29.0	29.0			2	29.0	0.0
rhodanobacter fulvus			27.0				1	27.0	0.0
rhodanobacter humi	27.5	15.0					1	27.5	0.0
rhodanobacter hydrolyticus	27.5	20.0					1	27.5	0.0
rhodanobacter sp.					22.5	aciDB	1	22.5	0.0
rhodanobacter spathiphylli				35.0			1	35.0	0.0
rhodanobacter terrae	26.5	5.0					1	26.5	0.0
rhodanobacter umsongensis	29.0	5.0					1	29.0	0.0
rhodobaca bogoriensis			35.0				1	35.0	0.0
rhodobacter azotoformans			29.0				1	29.0	0.0
rhodobacter capsulatus			29.0	27.7272727272727	32.5	Lyubetsky et al., 2020	3	29.742424242424235	4.772727272727298
rhodobacter sediminis	31.0	12.0					1	31.0	0.0
rhodobacter sp.			32.0				1	32.0	0.0
rhodobacter sphaeroides			27.0				1	27.0	0.0
rhodobacter veldkampii			26.0				1	26.0	0.0
rhodobacter vinaykumarii			29.0				1	29.0	0.0
rhodobium gokarnense			27.0				1	27.0	0.0
rhodobium orientis			27.0	27.3333333333333			2	27.16666666666665	0.3333333333333002
rhodoblastus acidophilus			27.0	26.25			2	26.625	0.75
rhodoblastus sphagnicola			20.0	23.75			2	21.875	3.75
rhodocista pekingensis	36.5	25.0					1	36.5	0.0
rhodococcus aetherivorans			29.0	29.0			2	29.0	0.0
rhodococcus artemisiae	28.5	10.0					1	28.5	0.0
rhodococcus baikonurensis			29.0				1	29.0	0.0
rhodococcus corynebacterioides			31.0				1	31.0	0.0
rhodococcus erythropolis			27.5	23.75			2	25.625	3.75
rhodococcus fascians			29.0				1	29.0	0.0
rhodococcus gordoniae			31.0				1	31.0	0.0
rhodococcus hoagii			29.0				1	29.0	0.0
rhodococcus humicola	29.0	10.0					1	29.0	0.0
rhodococcus imtechensis			29.0				1	29.0	0.0
rhodococcus jostii			29.0		22.5	Lyubetsky et al., 2020	2	25.75	6.5
rhodococcus jostii_a				29.167			1	29.167	0.0
rhodococcus koreensis			29.0	27.5			2	28.25	1.5
rhodococcus kyotonensis			29.0				1	29.0	0.0
rhodococcus maanshanensis			29.0	27.5			2	28.25	1.5
rhodococcus marinonascens			18.0	19.0			2	18.5	1.0
rhodococcus opacus			26.5	27.1851851851852			2	26.842592592592602	0.6851851851852011
rhodococcus pedocola	29.0	10.0					1	29.0	0.0
rhodococcus percolatus			29.0				1	29.0	0.0
rhodococcus phenolicus			29.0				1	29.0	0.0
rhodococcus psychrotolerans	18.0	4.0					1	18.0	0.0
rhodococcus pyridinivorans	33.5	10.0		31.611			2	32.5555	1.8889999999999993
rhodococcus rhodnii			29.0	29.0			2	29.0	0.0
rhodococcus rhodochrous			29.0	28.08			2	28.54	0.9200000000000017
rhodococcus ruber				30.69444444444445			1	30.69444444444445	0.0
rhodococcus sovatensis	29.0	10.0					1	29.0	0.0
rhodococcus triatomae_a				32.0			1	32.0	0.0
rhodococcus trifolii	33.5	15.0					1	33.5	0.0
rhodococcus tukisamuensis			29.0				1	29.0	0.0
rhodococcus wratislaviensis				29.227			1	29.227	0.0
rhodococcus yunnanensis	29.0	10.0	29.0				2	29.0	0.0
rhodococcus zopfii			29.0				1	29.0	0.0
rhodocyclus tenuis			26.0				1	26.0	0.0
rhodoferax antarcticus			20.3	19.25	15.0	Lyubetsky et al., 2020	3	18.183333333333334	5.300000000000001
rhodoferax fermentans			29.0	28.8			2	28.9	0.1999999999999993
rhodoferax ferrireducens			26.0	26.0			2	26.0	0.0
rhodoferax saidenbachensis	20.0	4.0	22.0	20.0			3	20.666666666666668	2.0
rhodoglobus aureus	22.0	0.0	20.5		22.0	BacDive	3	21.5	1.5
rhodoglobus vestalii	18.0	-2.0	17.95	18.0			3	17.983333333333334	0.05000000000000071
rhodohalobacter halophilus	40.0	20.0		40.0	40.0	ThermoBase	3	40.0	0.0
rhodomicrobium udaipurense				29.0			1	29.0	0.0
rhodomicrobium vannielii			26.0	25.2	30.0	Lyubetsky et al., 2020	3	27.066666666666666	4.800000000000001
rhodonellum ikkaensis			15.0				1	15.0	0.0
rhodonellum psychrophilum	5.0	0.0	15.0	10.555666666666667			3	10.185222222222222	10.0
rhodopila globiformis				32.0	25.0	aciDB	2	28.5	7.0
rhodopirellula baltica					29.0	Lyubetsky et al., 2020	1	29.0	0.0
rhodoplanes azumiensis	40.0	25.0			40.0	ThermoBase	2	40.0	0.0
rhodoplanes elegans			26.0	26.0			2	26.0	0.0
rhodoplanes roseus			33.0	32.6666666666667			2	32.83333333333335	0.3333333333333002
rhodoplanes serenus	35.0	20.0		35.0	35.0	BacDive	3	35.0	0.0
rhodoplanes sp.					23.0	aciDB	1	23.0	0.0
rhodoplanes tepidamans	40.0	25.0			40.0	BacDive;ThermoBase	2	40.0	0.0
rhodoplanes tepidicaeni	40.0	25.0			40.0	ThermoBase	2	40.0	0.0
rhodopseudomonas palustris			27.5				1	27.5	0.0
rhodopseudomonas palustris_j				28.571			1	28.571	0.0
rhodopseudomonas rhenobacensis			29.0				1	29.0	0.0
rhodopseudomonas sp.			26.0				1	26.0	0.0
rhodopseudomonas telluris	32.5	25.0					1	32.5	0.0
rhodopseudomonas thermotolerans	32.5	25.0					1	32.5	0.0
rhodosalinus sediminis	40.0	20.0		40.0	40.0	ThermoBase	3	40.0	0.0
rhodospirillum centenum			34.0				1	34.0	0.0
rhodospirillum rubrum			26.5	27.475	32.5	Lyubetsky et al., 2020	3	28.825	6.0
rhodospirillum_a centenum				41.0			1	41.0	0.0
rhodothalassium salexigens	40.0	20.0	26.0	40.0	40.0	ThermoBase	4	36.5	14.0
rhodothermus marinus	65.0	54.0	74.0	67.1111111111111	71.25	Lyubetsky et al., 2020;ThermoBase	4	69.34027777777777	9.0
rhodothermus profundi	72.5	55.0	70.0	70.83333333333333	72.5	ThermoBase	4	71.45833333333333	2.5
rhodovastum atsumiense	32.5	20.0					1	32.5	0.0
rhodovibrio salinarum	40.0	20.0		40.0	40.0	ThermoBase	3	40.0	0.0
rhodovulum adriaticum			26.0				1	26.0	0.0
rhodovulum iodosum			23.0				1	23.0	0.0
rhodovulum robiginosum			27.0				1	27.0	0.0
rhodovulum sulfidophilum			26.0	25.3333333333333	32.5	Lyubetsky et al., 2020	3	27.944444444444432	7.1666666666667
rhodovulum visakhapatnamense			27.0				1	27.0	0.0
rickettsia africae					33.0	Lyubetsky et al., 2020	1	33.0	0.0
rickettsia australis					33.0	Lyubetsky et al., 2020	1	33.0	0.0
rickettsia conorii					33.0	Lyubetsky et al., 2020	1	33.0	0.0
rickettsia japonica					33.0	Lyubetsky et al., 2020	1	33.0	0.0
rickettsia montanensis					33.0	Lyubetsky et al., 2020	1	33.0	0.0
rickettsia parkeri					33.0	Lyubetsky et al., 2020	1	33.0	0.0
rickettsia prowazekii			34.0		35.0	Lyubetsky et al., 2020	2	34.5	1.0
rickettsia rickettsii					33.0	Lyubetsky et al., 2020	1	33.0	0.0
rickettsia slovaca					33.0	Lyubetsky et al., 2020	1	33.0	0.0
rickettsia typhi			34.0	34.0	35.0	Lyubetsky et al., 2020	3	34.333333333333336	1.0
riemerella anatipestifer					37.0	Lyubetsky et al., 2020	1	37.0	0.0
riemerella columbipharyngis					37.0	BacDive	1	37.0	0.0
rivibacter subsaxonicus	26.5	10.0	27.0	26.5			3	26.666666666666668	0.5
rivicola pingtungensis	32.5	10.0		32.5			2	32.5	0.0
robbsia andropogonis			26.5				1	26.5	0.0
robertmurraya andreesenii					45.0	ThermoBase	1	45.0	0.0
robiginitalea biformata				29.875	28.5	BacDive;Lyubetsky et al., 2020	2	29.1875	1.375
robiginitalea myxolifaciens					30.0	BacDive	1	30.0	0.0
robiginitomaculum antarcticum	20.0	3.0	20.0	20.0	20.0	BacDive	4	20.0	0.0
roseateles asaccharophilus					28.5	BacDive	1	28.5	0.0
roseateles depolymerans					35.0	BacDive;Lyubetsky et al., 2020	1	35.0	0.0
roseburia hominis					37.0	Lyubetsky et al., 2020	1	37.0	0.0
roseibaca ekhonensis	16.0	10.0	20.0				2	18.0	4.0
roseibacillus ishigakijimensis	33.5	20.0		33.5			2	33.5	0.0
roseibacillus persicicus	33.5	15.0		33.5			2	33.5	0.0
roseibacillus ponti	33.5	15.0					1	33.5	0.0
roseibacterium beibuensis	29.0	15.0					1	29.0	0.0
roseibacterium elongatum			27.0				1	27.0	0.0
roseibium aquae	35.0	20.0		35.0			2	35.0	0.0
roseibium denhamense			26.0	26.0			2	26.0	0.0
roseibium hamelinense			26.0	26.0			2	26.0	0.0
roseicitreum antarcticum	26.0	0.0		26.0			2	26.0	0.0
roseiflexus castenholzii	50.0	45.0	48.0		50.0	BacDive;ThermoBase	3	49.333333333333336	2.0
roseiflexus sp.					60.0	ThermoBase	1	60.0	0.0
roseimarinus sediminis	33.0	17.0					1	33.0	0.0
roseisalinus antarcticus	21.0	3.0	20.0				2	20.5	1.0
roseisolibacter agri	22.5	15.0					1	22.5	0.0
roseitalea porphyridii	33.5	15.0		33.5			2	33.5	0.0
roseivirga echinicomitans	22.0	4.0		22.0			2	22.0	0.0
roseivirga ehrenbergii	24.0	4.0		24.0			2	24.0	0.0
roseivirga marina	27.5	4.0					1	27.5	0.0
roseivivax halodurans			29.0	29.0			2	29.0	0.0
roseivivax halotolerans			29.0	29.0			2	29.0	0.0
roseivivax isoporae	37.5	10.0		37.5			2	37.5	0.0
roseivivax marinus	32.0	4.0		32.0			2	32.0	0.0
roseivivax pacificus	32.5	10.0					1	32.5	0.0
rosenbergiella nectarea	29.0	4.0					1	29.0	0.0
roseobacter denitrificans			22.0	23.0	25.0	Lyubetsky et al., 2020	3	23.333333333333332	3.0
roseobacter litoralis			21.0	20.0	25.0	Lyubetsky et al., 2020	3	22.0	5.0
roseococcus suduntuyensis	25.5	20.0		25.5			2	25.5	0.0
roseococcus thiosulfatophilus			29.0				1	29.0	0.0
roseomonas aeriglobus	27.5	10.0					1	27.5	0.0
roseomonas aerilata					30.0	BacDive	1	30.0	0.0
roseomonas alkaliterrae	45.0	5.0					1	45.0	0.0
roseomonas aquatica	26.5	15.0	29.0				2	27.75	2.5
roseomonas arctica	19.0	4.0					1	19.0	0.0
roseomonas arcticisoli	27.5	10.0					1	27.5	0.0
roseomonas cervicalis			36.0				1	36.0	0.0
roseomonas deserti	32.5	13.0		32.5			2	32.5	0.0
roseomonas elaeocarpi	29.0	15.0					1	29.0	0.0
roseomonas fluminis	35.0	15.0					1	35.0	0.0
roseomonas gilardii			36.0		35.0	Lyubetsky et al., 2020	2	35.5	1.0
roseomonas ludipueritiae			29.0				1	29.0	0.0
roseomonas mucosa			31.0				1	31.0	0.0
roseomonas nepalensis	28.5	10.0		28.5			2	28.5	0.0
roseomonas pecuniae			29.0	29.0	30.0	BacDive	3	29.333333333333332	1.0
roseomonas riguiloci	27.5	15.0					1	27.5	0.0
roseomonas rosea			29.0		30.0	BacDive	2	29.5	1.0
roseomonas rubra	33.5	12.0					1	33.5	0.0
roseomonas sediminicola	31.0	10.0					1	31.0	0.0
roseomonas suffusca	32.5	13.0					1	32.5	0.0
roseomonas terricola	35.0	15.0					1	35.0	0.0
roseomonas vinacea	31.0	4.0					1	31.0	0.0
roseomonas wooponensis	36.0	15.0					1	36.0	0.0
roseospira visakhapatnamensis			27.0				1	27.0	0.0
roseovarius antarcticus	24.0	4.0					1	24.0	0.0
roseovarius atlanticus	26.5	4.0		26.5			2	26.5	0.0
roseovarius halotolerans	35.0	10.0		35.0			2	35.0	0.0
roseovarius marisflavi	32.5	0.0	23.0	32.5			3	29.333333333333332	9.5
roseovarius mucosus			29.0	29.0			2	29.0	0.0
roseovarius salinarum	33.0	20.0		33.0			2	33.0	0.0
roseovarius sp.			23.0				1	23.0	0.0
roseovarius tolerans			21.0	20.0			2	20.5	1.0
rossellomorea vietnamensis					35.0	BacDive	1	35.0	0.0
rothia aeria			29.0		29.0	BacDive	2	29.0	0.0
rothia aerolata			29.0				1	29.0	0.0
rothia dentocariosa					36.5	BacDive;Lyubetsky et al., 2020	1	36.5	0.0
rothia endophytica	35.0	4.0					1	35.0	0.0
rothia halotolerans					30.25	BacDive	1	30.25	0.0
rothia koreensis					33.5	BacDive	1	33.5	0.0
rothia kristinae				31.0	28.0	BacDive	2	29.5	3.0
rothia marina	27.5	5.0					1	27.5	0.0
rothia mucilaginosa			32.5	29.5	33.5	Lyubetsky et al., 2020	3	31.833333333333332	4.0
rothia terrae	35.0	15.0		35.0	35.0	BacDive	3	35.0	0.0
ruania albidiflava			29.0	28.25			2	28.625	0.75
rubellimicrobium thermophilum	48.5	28.0	47.0		48.5	ThermoBase	3	48.0	1.5
rubidimonas crustatorum	31.0	10.0					1	31.0	0.0
rubinisphaera brasiliensis				30.5			1	30.5	0.0
rubricella aquisinus	29.0	10.0		29.0			2	29.0	0.0
rubrimonas cliftonensis			29.0				1	29.0	0.0
rubritalea marina	27.5	8.0		27.5			2	27.5	0.0
rubritalea profundi	10.0	4.0					1	10.0	0.0
rubritalea sabuli	33.5	10.0					1	33.5	0.0
rubritalea spongiae	33.5	4.0					1	33.5	0.0
rubritalea squalenifaciens				26.0			1	26.0	0.0
rubritalea tangerina	33.5	15.0					1	33.5	0.0
rubritepida flocculans			50.0				1	50.0	0.0
rubrivirga marina	27.5	10.0		27.5			2	27.5	0.0
rubrivivax benzoatilyticus				35.0			1	35.0	0.0
rubrivivax gelatinosus			28.0	27.875	30.0	Lyubetsky et al., 2020	3	28.625	2.125
rubrobacter bracarensis	32.5	10.0					1	32.5	0.0
rubrobacter calidifluminis	60.0	43.0			60.0	ThermoBase	2	60.0	0.0
rubrobacter naiadicus	60.0	43.0			60.0	ThermoBase	2	60.0	0.0
rubrobacter radiotolerans			44.8	60.0	47.0	Lyubetsky et al., 2020	3	50.6	15.200000000000003
rubrobacter spartanus	50.0	45.0			50.0	ThermoBase	2	50.0	0.0
rubrobacter taiwanensis	60.0	30.0	57.6		60.0	ThermoBase	3	59.199999999999996	2.3999999999999986
rubrobacter xylanophilus			60.0		60.0	Lyubetsky et al., 2020;ThermoBase	2	60.0	0.0
rubrobacter_b xylanophilus				59.5			1	59.5	0.0
rudaea cellulosilytica	29.0	5.0		29.0			2	29.0	0.0
rudaibacter terrae	29.0	10.0					1	29.0	0.0
rudanella lutea					30.0	BacDive	1	30.0	0.0
ruegeria arenilitoris	33.5	4.0		33.5			2	33.5	0.0
ruegeria atlantica			20.5	20.0			2	20.25	0.5
ruegeria conchae	27.5	10.0		27.5			2	27.5	0.0
ruegeria denitrificans	26.0	15.0		26.0			2	26.0	0.0
ruegeria intermedia	41.0	15.0	33.0	41.0	41.0	ThermoBase	4	39.0	8.0
ruegeria kandeliae	33.5	10.0					1	33.5	0.0
ruegeria lacuscaerulensis			45.0	45.0			2	45.0	0.0
ruegeria marina	36.0	10.0					1	36.0	0.0
ruegeria marisrubri	38.5	20.0		38.5			2	38.5	0.0
ruegeria mobilis			29.0				1	29.0	0.0
ruegeria profundi	34.0	15.0		34.0			2	34.0	0.0
ruegeria scottomollicae			20.0				1	20.0	0.0
ruegeria_b marina				36.0			1	36.0	0.0
rufibacter glacialis	20.0	4.0		20.0			2	20.0	0.0
rufibacter quisquiliarum	28.5	4.0					1	28.5	0.0
rugosibacter aromaticivorans	32.0	20.0		32.0			2	32.0	0.0
rugosimonospora acidiphila					26.5	BacDive	1	26.5	0.0
rugosimonospora africana					26.5	BacDive	1	26.5	0.0
ruminiclostridium cellulolyticum					33.5	Lyubetsky et al., 2020	1	33.5	0.0
ruminiclostridium sufflavum					33.0	BacDive	1	33.0	0.0
ruminiclostridium thermocellum			60.0				1	60.0	0.0
ruminiclostridium_e siraeum				38.5			1	38.5	0.0
ruminococcus albus					39.5	Lyubetsky et al., 2020	1	39.5	0.0
ruminococcus champanellensis	39.0	33.0					1	39.0	0.0
ruminococcus_d albus				38.5			1	38.5	0.0
ruminococcus_e bromii_b				39.0			1	39.0	0.0
ruminococcus_f champanellensis				39.333			1	39.333	0.0
rummeliibacillus pycnus	29.0	5.0		29.0			2	29.0	0.0
rummeliibacillus suwonensis	41.0	20.0		41.0	41.0	ThermoBase	3	41.0	0.0
runella defluvii	32.5	15.0		32.5	32.5	BacDive	3	32.5	0.0
runella limosa				27.5			1	27.5	0.0
runella slithyformis			26.0		27.5	Lyubetsky et al., 2020	2	26.75	1.5
runella soli	29.0	15.0					1	29.0	0.0
runella zeae			29.0				1	29.0	0.0
rurimicrobium arvi	28.5	15.0					1	28.5	0.0
saccharedens versatilis	40.0	23.0			40.0	ThermoBase	2	40.0	0.0
saccharibacillus endophyticus	29.0	10.0					1	29.0	0.0
saccharibacillus kuerlensis	33.5	15.0					1	33.5	0.0
saccharicrinis carchari	29.0	10.0		29.0			2	29.0	0.0
saccharococcus thermophilus			59.0	65.0			2	62.0	6.0
saccharolobus caldissimus	85.0	65.0			85.0	ThermoBase	2	85.0	0.0
saccharolobus shibatae					81.0	ThermoBase	1	81.0	0.0
saccharolobus solfataricus	85.0	50.0			80.0	Lyubetsky et al., 2020;ThermoBase;aciDB	2	82.5	5.0
saccharomonospora azurea			34.0	32.5			2	33.25	1.5
saccharomonospora colocasiae	31.0	19.0					1	31.0	0.0
saccharomonospora cyanea			27.0	32.5			2	29.75	5.5
saccharomonospora glauca	50.0	37.0	47.0	47.66666666666666			3	48.22222222222222	3.0
saccharomonospora halophila			29.0				1	29.0	0.0
saccharomonospora paurometabolica			29.0				1	29.0	0.0
saccharomonospora viridis			45.0	48.75	48.75	Lyubetsky et al., 2020;ThermoBase	3	47.5	3.75
saccharomonospora xinjiangensis				32.5			1	32.5	0.0
saccharophagus degradans			26.5	27.0	30.0	BacDive	3	27.833333333333332	3.5
saccharopolyspora antimicrobica	32.5	20.0		32.5			2	32.5	0.0
saccharopolyspora cebuensis			29.0				1	29.0	0.0
saccharopolyspora deserti	32.5	14.0					1	32.5	0.0
saccharopolyspora erythraea			27.0				1	27.0	0.0
saccharopolyspora gregorii			26.0				1	26.0	0.0
saccharopolyspora halophila	32.5	10.0					1	32.5	0.0
saccharopolyspora hirsuta			33.0	32.5			2	32.75	0.5
saccharopolyspora hordei			44.0	45.0			2	44.5	1.0
saccharopolyspora phatthalungensis	31.0	18.0		31.0			2	31.0	0.0
saccharopolyspora rectivirgula			51.5				1	51.5	0.0
saccharopolyspora spinosa				26.0			1	26.0	0.0
saccharopolyspora subtropica	43.5	25.0	45.0	43.5	43.5	ThermoBase	4	43.875	1.5
saccharopolyspora thermophila			45.0				1	45.0	0.0
saccharospirillum impatiens	31.0	16.0	20.0				2	25.5	11.0
saccharospirillum salsuginis	35.0	15.0		35.0			2	35.0	0.0
saccharothrix coeruleofusca			27.0				1	27.0	0.0
saccharothrix espanaensis					28.0	Lyubetsky et al., 2020	1	28.0	0.0
saccharothrix longispora			27.0				1	27.0	0.0
saccharothrix lopnurensis	27.5	15.0					1	27.5	0.0
saccharothrix mutabilis			26.5				1	26.5	0.0
saccharothrix variisporea			27.0				1	27.0	0.0
saccharothrix yanglingensis	26.5	15.0					1	26.5	0.0
sagittula stellata			29.0				1	29.0	0.0
salaquimonas pukyongi	27.5	20.0		27.5			2	27.5	0.0
salarchaeum japonicum	40.0	20.0					1	40.0	0.0
salegentibacter echinorum	29.0	4.0		29.0			2	29.0	0.0
salegentibacter flavus	23.5	9.0	29.0				2	26.25	5.5
salegentibacter holothuriorum			27.0	20.5	20.5	BacDive	3	22.666666666666668	6.5
salegentibacter salarius					30.0	BacDive	1	30.0	0.0
salegentibacter salinarum					30.0	BacDive	1	30.0	0.0
salegentibacter sediminis	33.0	16.0		33.0			2	33.0	0.0
salibacter halophilus	33.0	20.0		33.0			2	33.0	0.0
salibacterium aidingense					37.0	BacDive	1	37.0	0.0
salibacterium halochares					37.0	BacDive	1	37.0	0.0
salibacterium qingdaonense			34.0		37.0	BacDive	2	35.5	3.0
salibacterium salarium					30.0	BacDive	1	30.0	0.0
salicibibacter halophilus	35.0	25.0		35.0			2	35.0	0.0
salilacibacter albus	32.5	15.0					1	32.5	0.0
salimesophilobacter vulgaris	35.0	10.0					1	35.0	0.0
salimicrobium album			35.0				1	35.0	0.0
salimicrobium flavidum			35.0	34.25	33.5	BacDive	3	34.25	1.5
salimicrobium halophilum			34.5				1	34.5	0.0
salinarchaeum chitinilyticum	40.0	20.0			40.0	ThermoBase	2	40.0	0.0
salinarchaeum sp000403645				38.5			1	38.5	0.0
salinarimonas ramus					28.0	BacDive	1	28.0	0.0
salinarimonas rosea	29.0	15.0		29.0			2	29.0	0.0
salinibacillus aidingensis	43.5	28.0			43.5	ThermoBase	2	43.5	0.0
salinibacillus xinjiangensis	38.5	25.0		38.5			2	38.5	0.0
salinibacter ruber				40.75	40.0	Lyubetsky et al., 2020	2	40.375	0.75
salinibacterium amurskyense	26.5	4.0	29.0				2	27.75	2.5
salinibacterium xinjiangense	18.5	4.0	20.0				2	19.25	1.5
salinicoccus alkaliphilus	32.0	10.0	35.0	32.5			3	33.166666666666664	3.0
salinicoccus carnicancri				33.5			1	33.5	0.0
salinicoccus halitifaciens	35.0	20.0					1	35.0	0.0
salinicoccus hispanicus			36.0	36.0			2	36.0	0.0
salinicoccus iranensis	35.0	5.0					1	35.0	0.0
salinicoccus roseus				36.0			1	36.0	0.0
salinicoccus siamensis			29.0				1	29.0	0.0
salinicola halophilus	35.0	15.0		35.0			2	35.0	0.0
salinicola peritrichatus	36.0	4.0		36.0			2	36.0	0.0
salinicola salarius	27.5	10.0	27.0	27.5			3	27.333333333333332	0.5
salinicola salarius_a				27.5			1	27.5	0.0
salinicola socius	33.5	15.0		33.5			2	33.5	0.0
salinicola zeshunii	32.5	10.0					1	32.5	0.0
salinifilum ghardaiensis	32.5	25.0					1	32.5	0.0
salinifilum proteinilyticum	40.0	30.0			40.0	ThermoBase	2	40.0	0.0
salinigranum halophilum	41.0	20.0		41.0	41.0	ThermoBase	3	41.0	0.0
salinimicrobium catena	33.0	15.0			33.0	BacDive	2	33.0	0.0
salinimicrobium flavum	29.0	4.0					1	29.0	0.0
salinimicrobium gaetbulicola	36.0	10.0					1	36.0	0.0
salinimicrobium terrae					28.0	BacDive	1	28.0	0.0
salinimicrobium xinjiangense	33.5	10.0	32.0	33.0	33.5	BacDive	4	33.0	1.5
salinimonas chungwhensis	32.5	10.0			32.5	BacDive	2	32.5	0.0
salinimonas lutimaris	27.5	10.0					1	27.5	0.0
salinirepens amamiensis	35.0	10.0					1	35.0	0.0
salinisphaera halophila	27.5	15.0		27.5			2	27.5	0.0
salinisphaera hydrothermalis	32.5	20.0	35.0	32.5			3	33.333333333333336	2.5
salinisphaera japonica	22.5	4.0		22.5			2	22.5	0.0
salinisphaera orenii	36.0	10.0		36.0			2	36.0	0.0
salinisphaera shabanensis	33.5	5.0	32.0	37.833333333333336			3	34.44444444444445	5.833333333333336
salinispira pacifica	35.0	20.0	35.0	35.0			3	35.0	0.0
salinispora arenicola	24.0	10.0	27.0		24.0	BacDive;Lyubetsky et al., 2020	3	25.0	3.0
salinispora tropica	21.5	10.0	27.0		21.5	BacDive;Lyubetsky et al., 2020	3	23.333333333333332	5.5
salinithrix halophila	40.0	30.0			40.0	ThermoBase	2	40.0	0.0
salinivibrio costicola			29.0	30.6666666666667			2	29.83333333333335	1.6666666666666998
salinivibrio proteolyticus	33.5	10.0	31.0	33.0			3	32.5	2.5
salinivibrio sharmensis	35.0	25.0	35.0	35.0			3	35.0	0.0
salinivirga cyanobacteriivorans	35.0	20.0		35.0			2	35.0	0.0
salipaludibacillus agaradhaerens					37.0	BacDive	1	37.0	0.0
salipaludibacillus neizhouensis					25.0	BacDive	1	25.0	0.0
salipiger aestuarii	27.5	15.0		27.5			2	27.5	0.0
salipiger bermudensis	31.5	10.0		31.5			2	31.5	0.0
salipiger marinus	26.5	4.0		26.5			2	26.5	0.0
salirhabdus euzebyi					37.5	BacDive	1	37.5	0.0
salirhabdus salicampi	35.0	15.0					1	35.0	0.0
salisaeta longa	41.5	25.0		41.5	41.5	ThermoBase	3	41.5	0.0
salisediminibacterium beveridgei				40.0			1	40.0	0.0
salisediminibacterium halotolerans					37.0	BacDive	1	37.0	0.0
salisediminibacterium selenitireducens				26.0			1	26.0	0.0
saliterribacillus persicus	35.0	20.0	35.0	35.0			3	35.0	0.0
salmonella bongori			34.0	33.5	37.0	Lyubetsky et al., 2020	3	34.833333333333336	3.5
salmonella enterica			35.6	36.7145	37.0	Lyubetsky et al., 2020	3	36.43816666666667	1.3999999999999986
salsuginimonas clara	27.5	20.0					1	27.5	0.0
samsonia erythrinae			29.0				1	29.0	0.0
sandarakinorhabdus limnophila			15.0	15.0			2	15.0	0.0
sanguibacter antarcticus	24.5	4.0		24.5			2	24.5	0.0
sanguibacter gelidistatuariae	23.0	3.0		23.0			2	23.0	0.0
sanguibacter hominis			35.0				1	35.0	0.0
sanguibacter inulinus			29.0				1	29.0	0.0
sanguibacter keddieii				27.5	27.5	Lyubetsky et al., 2020	2	27.5	0.0
sanguibacter marinus	27.5	15.0					1	27.5	0.0
sanguibacter suarezii				27.5			1	27.5	0.0
saprospira grandis					30.0	Lyubetsky et al., 2020	1	30.0	0.0
saprospira grandis_b				28.125			1	28.125	0.0
scardovia inopinata					40.25	Lyubetsky et al., 2020	1	40.25	0.0
scardovia wiggsiae			35.0				1	35.0	0.0
schaalia meyeri					33.5	Lyubetsky et al., 2020	1	33.5	0.0
schlegelella aquatica	50.0	30.0			50.0	ThermoBase	2	50.0	0.0
schlegelella thermodepolymerans			50.0	50.0			2	50.0	0.0
schleiferia thermophila	50.0	30.0	45.0	47.5	50.0	ThermoBase	4	48.125	5.0
schlesneria paludicola	20.5	4.0	24.0				2	22.25	3.5
scopulibacillus cellulosilyticus	31.5	20.0					1	31.5	0.0
scopulibacillus daqui	50.0	20.0		50.0	50.0	ThermoBase	3	50.0	0.0
scytonema hofmannii			23.0				1	23.0	0.0
scytonema javanicum			20.0				1	20.0	0.0
scytonema sp.			22.0				1	22.0	0.0
secundilactobacillus odoratitofui					30.0	BacDive	1	30.0	0.0
secundilactobacillus similis					37.0	BacDive	1	37.0	0.0
sedimentibacter hydroxybenzoicus			36.0	35.0			2	35.5	1.0
sedimenticola selenatireducens				27.0			1	27.0	0.0
sediminibacillus albus					37.0	BacDive	1	37.0	0.0
sediminibacillus halophilus					37.0	BacDive	1	37.0	0.0
sediminibacter furfurosus	27.5	10.0					1	27.5	0.0
sediminicola arcticus	15.0	4.0					1	15.0	0.0
sediminicola luteus	20.0	10.0					1	20.0	0.0
sediminicola_a luteus				20.0			1	20.0	0.0
sediminimonas qiaohouensis	29.0	15.0		29.0			2	29.0	0.0
sediminispirochaeta bajacaliforniensis			34.0	36.0			2	35.0	2.0
sediminispirochaeta smaragdinae			35.0				1	35.0	0.0
sediminitomix flava	27.5	15.0		32.5			2	30.0	5.0
sediminivirga luteola	36.0	4.0		36.0			2	36.0	0.0
segetibacter koreensis				22.5			1	22.5	0.0
segniliparus rotundus	33.0	28.0	29.0	33.1665	33.0	Lyubetsky et al., 2020	4	32.041624999999996	4.166499999999999
segniliparus rugosus			29.0	31.333			2	30.1665	2.3329999999999984
seinonella peptonophila	35.0	25.0	36.0	35.0			3	35.333333333333336	1.0
selenihalanaerobacter shriftii	38.0	16.0					1	38.0	0.0
selenomonas artemidis			40.0				1	40.0	0.0
selenomonas bovis	39.0	27.0	39.0				2	39.0	0.0
selenomonas lacticifex			29.0				1	29.0	0.0
selenomonas lipolytica	40.0	30.0	40.0		40.0	ThermoBase	3	40.0	0.0
selenomonas noxia	40.0	30.0			40.0	ThermoBase	2	40.0	0.0
selenomonas ruminantium					37.5	Lyubetsky et al., 2020	1	37.5	0.0
selenomonas sputigena				36.667	37.5	Lyubetsky et al., 2020	2	37.0835	0.8329999999999984
seonamhaeicola algicola	33.5	10.0		33.5			2	33.5	0.0
serinibacter salmoneus					28.0	BacDive	1	28.0	0.0
serinicoccus marinus	35.0	10.0		35.0	28.5	BacDive	3	32.833333333333336	6.5
serinicoccus profundi					30.0	BacDive	1	30.0	0.0
serratia aquatilis			33.0				1	33.0	0.0
serratia entomophila			29.0				1	29.0	0.0
serratia ficaria			29.0				1	29.0	0.0
serratia fonticola					31.75	BacDive;Lyubetsky et al., 2020	1	31.75	0.0
serratia liquefaciens				26.0	33.5	Lyubetsky et al., 2020	2	29.75	7.5
serratia marcescens			31.15	29.9491525423729	33.5	Lyubetsky et al., 2020	3	31.533050847457634	3.5508474576271
serratia microhaemolytica	34.5	18.0					1	34.5	0.0
serratia myotis	27.5	4.0					1	27.5	0.0
serratia nematodiphila	33.5	4.0		33.5	33.5	BacDive	3	33.5	0.0
serratia odorifera			29.0				1	29.0	0.0
serratia plymuthica			29.0				1	29.0	0.0
serratia proteamaculans			29.0		33.5	Lyubetsky et al., 2020	2	31.25	4.5
serratia rubidaea			31.0		33.5	Lyubetsky et al., 2020	2	32.25	2.5
serratia sp.			27.0		41.0	aciDB	2	34.0	14.0
serratia symbiotica			29.0				1	29.0	0.0
serratia ureilytica			32.0	25.5	25.5	BacDive	3	27.666666666666668	6.5
serratia vespertilionis	27.5	4.0					1	27.5	0.0
sharpea azabuensis					37.0	BacDive	1	37.0	0.0
shewanella abyssi			10.0				1	10.0	0.0
shewanella aestuarii	27.5	4.0					1	27.5	0.0
shewanella algae			20.0				1	20.0	0.0
shewanella algicola	20.0	4.0					1	20.0	0.0
shewanella amazonensis			31.0				1	31.0	0.0
shewanella arctica	20.0	4.0					1	20.0	0.0
shewanella atlantica	10.0	4.0	10.0	10.0			3	10.0	0.0
shewanella baltica				16.63333333333335			1	16.63333333333335	0.0
shewanella benthica	5.0	0.0	5.0				2	5.0	0.0
shewanella canadensis	10.0	4.0	10.0	10.0			3	10.0	0.0
shewanella carassii	35.0	10.0		35.0			2	35.0	0.0
shewanella chilikensis	29.0	25.0					1	29.0	0.0
shewanella colwelliana			25.0				1	25.0	0.0
shewanella corallii	26.0	10.0		26.0			2	26.0	0.0
shewanella decolorationis				31.75			1	31.75	0.0
shewanella denitrificans	22.5	4.0	26.0	24.555555555555568			3	24.35185185185186	3.5
shewanella dokdonensis	27.5	10.0		27.5			2	27.5	0.0
shewanella donghaensis	17.0	5.0	17.1	17.0			3	17.033333333333335	0.10000000000000142
shewanella electrodiphila	15.0	0.0					1	15.0	0.0
shewanella fidelis	22.5	4.0	26.5				2	24.5	4.0
shewanella fodinae	33.5	22.0		33.5			2	33.5	0.0
shewanella frigidimarina			21.0	20.5	21.0	Lyubetsky et al., 2020	3	20.833333333333332	0.5
shewanella gelidii	26.0	4.0					1	26.0	0.0
shewanella gelidimarina	16.0	0.0	16.95				2	16.475	0.9499999999999993
shewanella hafniensis			24.0				1	24.0	0.0
shewanella halifaxensis	10.0	4.0	16.0	11.666666666666666			3	12.555555555555555	6.0
shewanella hanedai	15.0	0.0	16.0	14.83333333333335			3	15.277777777777784	1.16666666666665
shewanella irciniae	24.0	12.0					1	24.0	0.0
shewanella japonica	22.5	10.0	26.0	22.5			3	23.666666666666668	3.5
shewanella kaireitica	13.0	2.0					1	13.0	0.0
shewanella litorisediminis	33.5	10.0		33.5			2	33.5	0.0
shewanella livingstonensis			15.0				1	15.0	0.0
shewanella loihica			21.0	19.5			2	20.25	1.5
shewanella marinintestina	22.5	4.0					1	22.5	0.0
shewanella marisflavi				33.5			1	33.5	0.0
shewanella maritima	30.5	10.0		30.5			2	30.5	0.0
shewanella morhuae			23.0				1	23.0	0.0
shewanella olleyana	21.0	2.0					1	21.0	0.0
shewanella oneidensis			22.0		30.0	Lyubetsky et al., 2020	2	26.0	8.0
shewanella pacifica	22.5	4.0					1	22.5	0.0
shewanella pealeana				26.75	25.0	Lyubetsky et al., 2020	2	25.875	1.75
shewanella piezotolerans				17.5			1	17.5	0.0
shewanella pneumatophori	27.0	4.0					1	27.0	0.0
shewanella profunda	27.5	4.0	27.0				2	27.25	0.5
shewanella psychrophila	12.5	0.0		12.5			2	12.5	0.0
shewanella putrefaciens			27.0	26.875	32.5	Lyubetsky et al., 2020	3	28.791666666666668	5.625
shewanella sairae	22.5	4.0	20.0				2	21.25	2.5
shewanella schlegeliana	22.5	4.0		22.5			2	22.5	0.0
shewanella sediminis	10.0	4.0	17.0	13.333333333333334			3	13.444444444444445	7.0
shewanella sp.			18.75				1	18.75	0.0
shewanella sp000832025				20.0			1	20.0	0.0
shewanella spongiae	15.0	5.0					1	15.0	0.0
shewanella surugensis			10.0				1	10.0	0.0
shewanella vesiculosa	17.5	-4.0		17.5			2	17.5	0.0
shewanella violacea			4.0	8.0	7.0	Lyubetsky et al., 2020	3	6.333333333333333	4.0
shewanella waksmanii	22.5	4.0					1	22.5	0.0
shewanella woodyi			24.0	25.4165	22.5	Lyubetsky et al., 2020	3	23.972166666666666	2.916499999999999
shigella boydii			35.0				1	35.0	0.0
shigella dysenteriae			34.0		37.0	Lyubetsky et al., 2020	2	35.5	3.0
shigella flexneri			35.0				1	35.0	0.0
shigella sonnei			34.0		37.0	Lyubetsky et al., 2020	2	35.5	3.0
shimia biformata	33.5	20.0					1	33.5	0.0
shimia isoporae	27.5	20.0		27.5			2	27.5	0.0
shimia marina	32.5	15.0		32.5			2	32.5	0.0
shimwellia blattae			33.0				1	33.0	0.0
shimwellia pseudoproteus			29.0	29.0	30.0	BacDive	3	29.333333333333332	1.0
shinella curvata	31.5	4.0					1	31.5	0.0
shinella yambaruensis	27.5	15.0					1	27.5	0.0
shouchella lehensis					25.0	BacDive	1	25.0	0.0
shouchella oshimensis					30.0	BacDive	1	30.0	0.0
siansivirga jejuensis	27.5	15.0					1	27.5	0.0
siansivirga zeaxanthinifaciens				27.5			1	27.5	0.0
siccibacter turicensis					27.0	BacDive	1	27.0	0.0
siccirubricoccus deserti	32.5	4.0		32.5			2	32.5	0.0
silanimonas algicola	27.5	15.0					1	27.5	0.0
silanimonas lenta	47.0	25.0	42.0	47.0	47.0	ThermoBase	4	45.75	5.0
silanimonas mangrovi	33.5	10.0					1	33.5	0.0
silvibacterium bohemicum	23.0	20.0		23.0	23.0	aciDB	3	23.0	0.0
silvibacterium dinghuense					32.5	aciDB	1	32.5	0.0
silvimonas terrae	27.5	15.0		27.5			2	27.5	0.0
simiduia agarivorans	32.5	15.0		32.5			2	32.5	0.0
simiduia areninigrae	27.5	10.0					1	27.5	0.0
simiduia litorea	29.0	7.0					1	29.0	0.0
siminovitchia composti					50.0	ThermoBase	1	50.0	0.0
siminovitchia sediminis					50.0	ThermoBase	1	50.0	0.0
siminovitchia thermophila					50.0	ThermoBase	1	50.0	0.0
simplicispira limi			27.0		30.0	BacDive	2	28.5	3.0
simplicispira metamorpha			27.5				1	27.5	0.0
simplicispira piscis	20.0	4.0					1	20.0	0.0
simplicispira psychrophila			20.0				1	20.0	0.0
simplicispira soli	26.0	15.0					1	26.0	0.0
simplicispira suum	29.0	4.0					1	29.0	0.0
singulisphaera acidiphila	23.0	4.0	26.0		23.0	Lyubetsky et al., 2020	3	24.0	3.0
singulisphaera rosea	23.0	4.0					1	23.0	0.0
sinibacillus soli	50.0	30.0			50.0	ThermoBase	2	50.0	0.0
sinimarinibacterium flocculans	38.5	14.0		38.5			2	38.5	0.0
sinobacterium norvegicum	18.0	4.0					1	18.0	0.0
sinomicrobium oceani	32.5	10.0					1	32.5	0.0
sinomicrobium soli	32.5	10.0					1	32.5	0.0
sinomonas atrocyanea			29.0		28.0	BacDive	2	28.5	1.0
sinomonas humi	32.0	24.0					1	32.0	0.0
sinomonas soli	33.5	15.0					1	33.5	0.0
sinorhizobium arboris			29.0				1	29.0	0.0
sinorhizobium aridi				29.333			1	29.333	0.0
sinorhizobium chiapanecum			29.0				1	29.0	0.0
sinorhizobium fredii					27.5	Lyubetsky et al., 2020	1	27.5	0.0
sinorhizobium kostiense			29.0				1	29.0	0.0
sinorhizobium medicae					27.5	Lyubetsky et al., 2020	1	27.5	0.0
sinorhizobium meliloti			27.0		27.5	Lyubetsky et al., 2020	2	27.25	0.5
sinorhizobium xinjiangense			29.0				1	29.0	0.0
sinosporangium siamense	27.5	20.0					1	27.5	0.0
siphonobacter aquaeclarae				33.5			1	33.5	0.0
siphonobacter intestinalis	27.5	4.0					1	27.5	0.0
skermanella aerolata	31.0	5.0		29.25			2	30.125	1.75
skermanella rosea	29.5	12.0		29.5			2	29.5	0.0
skermanella rubra	32.5	20.0					1	32.5	0.0
skermanella xinjiangensis	32.5	17.0					1	32.5	0.0
skermania piniformis			26.5				1	26.5	0.0
slackia faecicanis					37.0	BacDive	1	37.0	0.0
slackia heliotrinireducens				38.5	40.0	Lyubetsky et al., 2020	2	39.25	1.5
slackia piriformis					37.0	BacDive	1	37.0	0.0
smaragdicoccus niigatensis				25.25			1	25.25	0.0
smithella propionica			36.0				1	36.0	0.0
sneathiella glossodoripedis				40.0			1	40.0	0.0
sodalis glossinidius			26.5		25.0	Lyubetsky et al., 2020	2	25.75	1.5
soehngenia saccharolytica	33.5	15.0	34.0				2	33.75	0.5
solibacillus cecembensis					25.0	BacDive	1	25.0	0.0
solibacillus silvestris			29.0	27.9165			2	28.45825	1.0835000000000008
solidesulfovibrio marrakechensis					37.0	BacDive	1	37.0	0.0
solimicrobium silvestre	20.0	0.0					1	20.0	0.0
solimonas flava	27.5	10.0					1	27.5	0.0
solimonas fluminis	27.5	20.0					1	27.5	0.0
solirubrobacter pauli			27.0				1	27.0	0.0
solirubrobacter phytolaccae	29.0	15.0					1	29.0	0.0
solirubrobacter soli				26.5			1	26.5	0.0
solirubrobacter taibaiensis	29.0	7.0					1	29.0	0.0
solitalea canadensis	24.0	10.0	26.0	25.33333333333333			3	25.11111111111111	2.0
solitalea koreensis	29.0	10.0		29.0			2	29.0	0.0
solitalea longa	20.0	5.0		20.0			2	20.0	0.0
soonwooa buanensis					30.0	BacDive	1	30.0	0.0
sorangium arenae	34.0	18.0					1	34.0	0.0
sorangium cellulosum			34.0		20.0	Lyubetsky et al., 2020	2	27.0	14.0
sorangium dawidii	34.0	18.0					1	34.0	0.0
sorangium reichenbachii	34.0	18.0					1	34.0	0.0
spelaeicoccus albus	29.0	10.0		29.0			2	29.0	0.0
sphaerimonospora mesophila	37.5	20.0	38.0				2	37.75	0.5
sphaerobacter thermophilus	55.0	40.0	55.0		55.0	ThermoBase	3	55.0	0.0
sphaerochaeta associata	32.0	20.0					1	32.0	0.0
sphaerochaeta globosa	27.5	15.0	27.5	27.9165			3	27.638833333333334	0.4164999999999992
sphaerochaeta pleomorpha	27.5	15.0	27.5	26.6665			3	27.222166666666666	0.8335000000000008
sphaerospermopsis aphanizomenoides			27.5				1	27.5	0.0
sphaerospermopsis kisseleviana			23.0				1	23.0	0.0
sphaerospermopsis reniformis			20.0				1	20.0	0.0
sphaerotilus hippei			26.0	26.0			2	26.0	0.0
sphaerotilus montanus			26.0	26.0			2	26.0	0.0
sphaerotilus natans			26.0				1	26.0	0.0
sphingoaurantiacus polygranulatus	29.0	4.0					1	29.0	0.0
sphingobacterium anhuiense	27.5	4.0					1	27.5	0.0
sphingobacterium bambusae	31.0	11.0					1	31.0	0.0
sphingobacterium caeni	32.5	10.0					1	32.5	0.0
sphingobacterium cellulitidis	32.5	15.0		32.5			2	32.5	0.0
sphingobacterium changzhouense	27.5	10.0					1	27.5	0.0
sphingobacterium cladoniae	27.5	15.0					1	27.5	0.0
sphingobacterium detergens	33.5	15.0		33.5			2	33.5	0.0
sphingobacterium faecium			29.0				1	29.0	0.0
sphingobacterium ginsenosidimutans	27.5	18.0					1	27.5	0.0
sphingobacterium haloxyli	29.0	20.0		29.0			2	29.0	0.0
sphingobacterium humi	33.5	15.0		33.5			2	33.5	0.0
sphingobacterium lactis			29.0				1	29.0	0.0
sphingobacterium mizutaii			27.0				1	27.0	0.0
sphingobacterium mucilaginosum	31.0	10.0					1	31.0	0.0
sphingobacterium multivorum				29.3333333333333			1	29.3333333333333	0.0
sphingobacterium pakistanense	32.0	16.0					1	32.0	0.0
sphingobacterium paucimobilis				31.25			1	31.25	0.0
sphingobacterium populi	29.0	10.0					1	29.0	0.0
sphingobacterium shayense	33.5	10.0		33.5			2	33.5	0.0
sphingobacterium siyangense	33.5	4.0					1	33.5	0.0
sphingobacterium sp.			31.0				1	31.0	0.0
sphingobacterium spiritivorum			29.0	29.0			2	29.0	0.0
sphingobacterium thalpophilum			32.5				1	32.5	0.0
sphingobacterium thermophilum	42.5	20.0			42.5	ThermoBase	2	42.5	0.0
sphingobacterium yanglingense	29.0	10.0		29.0			2	29.0	0.0
sphingobium algicola	27.5	10.0					1	27.5	0.0
sphingobium amiense			29.0				1	29.0	0.0
sphingobium chungangianum	29.0	15.0					1	29.0	0.0
sphingobium chungbukense			29.0				1	29.0	0.0
sphingobium cloacae			26.5				1	26.5	0.0
sphingobium endophyticum	29.0	7.0					1	29.0	0.0
sphingobium francense			29.0				1	29.0	0.0
sphingobium fuliginis			29.0				1	29.0	0.0
sphingobium herbicidovorans			29.0				1	29.0	0.0
sphingobium indicum			29.0				1	29.0	0.0
sphingobium japonicum			29.0				1	29.0	0.0
sphingobium paulinellae	27.5	5.0					1	27.5	0.0
sphingobium quisquiliarum				28.667			1	28.667	0.0
sphingobium soli	26.5	15.0					1	26.5	0.0
sphingobium sp001556865				20.0			1	20.0	0.0
sphingobium vulgare			29.0				1	29.0	0.0
sphingobium xanthum	29.0	15.0					1	29.0	0.0
sphingobium xenophagum			29.0	28.8			2	28.9	0.1999999999999993
sphingobium yanoikuyae				28.75			1	28.75	0.0
sphingomicrobium aestuariivivum	35.0	15.0					1	35.0	0.0
sphingomicrobium astaxanthinifaciens	33.5	20.0		33.5			2	33.5	0.0
sphingomicrobium flavum	33.5	10.0					1	33.5	0.0
sphingomicrobium marinum	33.5	20.0					1	33.5	0.0
sphingomonadales bacterium					4.2	aciDB	1	4.2	0.0
sphingomonas abaci			27.0				1	27.0	0.0
sphingomonas adhaesiva			31.0				1	31.0	0.0
sphingomonas aerolata			22.0	22.0			2	22.0	0.0
sphingomonas aerophila	29.0	4.0		29.0			2	29.0	0.0
sphingomonas aestuarii			29.0				1	29.0	0.0
sphingomonas antarctica	20.0	4.0					1	20.0	0.0
sphingomonas astaxanthinifaciens	40.0	20.0			40.0	ThermoBase	2	40.0	0.0
sphingomonas aurantiaca			24.0	22.0			2	23.0	2.0
sphingomonas azotifigens				31.0			1	31.0	0.0
sphingomonas carotinifaciens	29.0	15.0		29.0			2	29.0	0.0
sphingomonas changbaiensis			29.0				1	29.0	0.0
sphingomonas daechungensis	29.0	15.0					1	29.0	0.0
sphingomonas difficilis	29.0	20.0					1	29.0	0.0
sphingomonas dokdonensis			26.0				1	26.0	0.0
sphingomonas echinoides			29.0				1	29.0	0.0
sphingomonas endophytica	28.5	12.0		28.75			2	28.625	0.25
sphingomonas faeni			22.0	22.0			2	22.0	0.0
sphingomonas fennica			23.0				1	23.0	0.0
sphingomonas flava	27.5	18.0					1	27.5	0.0
sphingomonas gimensis	29.0	15.0					1	29.0	0.0
sphingomonas ginsenosidimutans	27.5	18.0		23.75			2	25.625	3.75
sphingomonas ginsenosidivorax	27.5	4.0		27.5			2	27.5	0.0
sphingomonas glacialis			23.0	22.0			2	22.5	1.0
sphingomonas haloaromaticamans	33.5	10.0					1	33.5	0.0
sphingomonas hankyongensis	27.5	18.0					1	27.5	0.0
sphingomonas hunanensis	27.5	5.0					1	27.5	0.0
sphingomonas insulae			27.0				1	27.0	0.0
sphingomonas japonica			27.0				1	27.0	0.0
sphingomonas jaspsi	36.0	20.0					1	36.0	0.0
sphingomonas jatrophae	29.0	15.0					1	29.0	0.0
sphingomonas jejuensis	22.5	15.0					1	22.5	0.0
sphingomonas jinjuensis	27.5	20.0		27.5			2	27.5	0.0
sphingomonas kyeonggiensis	26.5	15.0		26.5			2	26.5	0.0
sphingomonas kyungheensis	26.5	18.0					1	26.5	0.0
sphingomonas limnosediminicola	27.5	15.0					1	27.5	0.0
sphingomonas lutea	27.5	10.0					1	27.5	0.0
sphingomonas metalli	27.5	15.0		27.5			2	27.5	0.0
sphingomonas molluscorum	26.5	7.0					1	26.5	0.0
sphingomonas montana	22.5	4.0					1	22.5	0.0
sphingomonas montis	31.5	20.0					1	31.5	0.0
sphingomonas mucosissima			26.0				1	26.0	0.0
sphingomonas naasensis	29.0	10.0		29.0			2	29.0	0.0
sphingomonas naphthae	26.5	10.0					1	26.5	0.0
sphingomonas oligophenolica			29.0				1	29.0	0.0
sphingomonas oryziterrae	27.5	20.0	29.0				2	28.25	1.5
sphingomonas palustris	27.5	15.0					1	27.5	0.0
sphingomonas panacis	27.5	10.0		27.5			2	27.5	0.0
sphingomonas panni			27.0				1	27.0	0.0
sphingomonas parapaucimobilis			31.0				1	31.0	0.0
sphingomonas parvus	35.0	10.0					1	35.0	0.0
sphingomonas paucimobilis			32.0				1	32.0	0.0
sphingomonas phyllosphaerae			27.0				1	27.0	0.0
sphingomonas polyaromaticivorans	26.0	20.0					1	26.0	0.0
sphingomonas pseudosanguinis			29.0				1	29.0	0.0
sphingomonas psychrolutea	20.0	0.0		20.0			2	20.0	0.0
sphingomonas rhizophila	27.5	10.0					1	27.5	0.0
sphingomonas roseiflava			29.0				1	29.0	0.0
sphingomonas rubra			27.0				1	27.0	0.0
sphingomonas sanxanigenens			29.0				1	29.0	0.0
sphingomonas sp.					4.2	aciDB	1	4.2	0.0
sphingomonas sp001555965				20.0			1	20.0	0.0
sphingomonas sp001556185				20.0			1	20.0	0.0
sphingomonas sp001557215				20.0			1	20.0	0.0
sphingomonas sp900109205				20.0			1	20.0	0.0
sphingomonas tabacisoli	32.5	25.0					1	32.5	0.0
sphingomonas taxi			26.0				1	26.0	0.0
sphingomonas trueperi			26.5				1	26.5	0.0
sphingomonas ursincola			26.0				1	26.0	0.0
sphingomonas xinjiangensis			29.0				1	29.0	0.0
sphingomonas yantingensis	29.0	15.0		29.0			2	29.0	0.0
sphingomonas yunnanensis			29.0				1	29.0	0.0
sphingomonas_e fennica				29.25			1	29.25	0.0
sphingopyxis alaskensis			29.0	7.0			2	18.0	22.0
sphingopyxis baekryungensis			29.0				1	29.0	0.0
sphingopyxis italica	27.5	10.0		27.5			2	27.5	0.0
sphingopyxis nepalensis	28.5	15.0					1	28.5	0.0
sphingopyxis panaciterrulae	27.5	25.0		27.5			2	27.5	0.0
sphingopyxis sp.			29.0				1	29.0	0.0
sphingopyxis terrae				28.5			1	28.5	0.0
sphingorhabdus contaminans	28.5	15.0					1	28.5	0.0
sphingorhabdus litoris	27.75	15.0					1	27.75	0.0
sphingorhabdus marina	27.75	15.0					1	27.75	0.0
sphingorhabdus pacifica	29.0	5.0					1	29.0	0.0
sphingorhabdus planktonica	21.0	11.0	20.0				2	20.5	1.0
sphingorhabdus sp.			20.0				1	20.0	0.0
sphingosinicella microcystinivorans			29.0				1	29.0	0.0
sphingosinicella xenopeptidilytica	28.5	5.0	27.0				2	27.75	1.5
spirilliplanes yamanashiensis					28.0	BacDive	1	28.0	0.0
spirillospora albida			27.0				1	27.0	0.0
spirillum pleomorphum			10.0				1	10.0	0.0
spirochaeta africana	33.5	15.0	30.1		33.5	Lyubetsky et al., 2020	3	32.36666666666667	3.3999999999999986
spirochaeta asiatica	35.0	20.0	36.9				2	35.95	1.8999999999999986
spirochaeta dissipatitropha	35.0	13.0	33.0				2	34.0	2.0
spirochaeta lutea	32.5	15.0					1	32.5	0.0
spirochaeta perfilievii	29.0	4.0					1	29.0	0.0
spirochaeta psychrophila	15.0	0.0	15.0				2	15.0	0.0
spirochaeta thermophila	67.0	40.0	65.0		67.0	Lyubetsky et al., 2020;ThermoBase	3	66.33333333333333	2.0
spirochaeta_a thermophila_a				65.667			1	65.667	0.0
spirochaeta_b africana				34.25			1	34.25	0.0
spiroplasma apis			32.0		34.5	Lyubetsky et al., 2020	2	33.25	2.5
spiroplasma atrichopogonis					30.0	Lyubetsky et al., 2020	1	30.0	0.0
spiroplasma cantharicola	32.0	10.0			32.0	Lyubetsky et al., 2020	2	32.0	0.0
spiroplasma chrysopicola					30.0	Lyubetsky et al., 2020	1	30.0	0.0
spiroplasma citri				31.0	32.0	Lyubetsky et al., 2020	2	31.5	1.0
spiroplasma clarkii			26.0				1	26.0	0.0
spiroplasma corruscae					32.0	Lyubetsky et al., 2020	1	32.0	0.0
spiroplasma culicicola					37.0	Lyubetsky et al., 2020	1	37.0	0.0
spiroplasma diminutum					32.0	Lyubetsky et al., 2020	1	32.0	0.0
spiroplasma floricola			31.0				1	31.0	0.0
spiroplasma helicoides					32.0	Lyubetsky et al., 2020	1	32.0	0.0
spiroplasma kunkelii	31.0	20.0			30.0	Lyubetsky et al., 2020	2	30.5	1.0
spiroplasma litorale	32.0	10.0			32.0	Lyubetsky et al., 2020	2	32.0	0.0
spiroplasma melliferum			31.0	32.25			2	31.625	1.25
spiroplasma mirum			33.0	33.5	37.0	Lyubetsky et al., 2020	3	34.5	4.0
spiroplasma sabaudiense					30.0	Lyubetsky et al., 2020	1	30.0	0.0
spiroplasma sp.			31.0				1	31.0	0.0
spiroplasma syrphidicola	32.0	10.0		29.0	32.0	Lyubetsky et al., 2020	3	31.0	3.0
spiroplasma taiwanense	27.5	22.0			30.0	Lyubetsky et al., 2020	2	28.75	2.5
spiroplasma turonicum					30.0	Lyubetsky et al., 2020	1	30.0	0.0
spiroplasma velocicrescens			34.0				1	34.0	0.0
spirosoma aerophilum	29.0	10.0					1	29.0	0.0
spirosoma arcticum	20.0	4.0					1	20.0	0.0
spirosoma flavum	20.0	4.0					1	20.0	0.0
spirosoma fluviale	27.5	4.0					1	27.5	0.0
spirosoma linguale			26.0				1	26.0	0.0
spirosoma luteum			20.0				1	20.0	0.0
spirosoma oryzae	29.0	10.0					1	29.0	0.0
spirosoma panaciterrae					30.0	BacDive	1	30.0	0.0
spirosoma radiotolerans	27.5	10.0					1	27.5	0.0
spirosoma rigui					25.0	Lyubetsky et al., 2020	1	25.0	0.0
spirosoma sp.			27.0				1	27.0	0.0
spirosoma spitsbergense			20.0				1	20.0	0.0
spirulina sp.			22.0				1	22.0	0.0
spirulina subsalsa			23.0				1	23.0	0.0
spongiibacter marinus			26.0	27.4165			2	26.70825	1.4164999999999992
spongiibacter taiwanensis	32.5	4.0					1	32.5	0.0
spongiibacter tropicus	32.5	10.0		32.5			2	32.5	0.0
spongitalea numazuensis	33.5	17.0					1	33.5	0.0
sporacetigenium mesophilum	39.0	20.0					1	39.0	0.0
sporanaerobacter acetigenes	40.0	25.0	40.1	40.0	40.0	ThermoBase	4	40.025	0.10000000000000142
sporichthya polymorpha				27.0			1	27.0	0.0
sporobacter termitidis			35.0	34.25			2	34.625	0.75
sporobacterium olearium	38.5	25.0					1	38.5	0.0
sporocytophaga myxococcoides			26.0				1	26.0	0.0
sporohalobacter lortetii			44.4				1	44.4	0.0
sporohalobacter salinus	45.0	30.0	40.0	45.0	45.0	ThermoBase	4	43.75	5.0
sporolactobacillus inulinus			32.0				1	32.0	0.0
sporolactobacillus laevolacticus			29.0	28.7			2	28.85	0.3000000000000007
sporolactobacillus putidus	35.0	30.0	35.0	35.0			3	35.0	0.0
sporolituus thermophilus	55.0	45.0	55.0		55.0	ThermoBase	3	55.0	0.0
sporomusa acidovorans	35.0	20.0	33.95				2	34.475	1.0499999999999972
sporomusa intestinalis	36.0	15.0					1	36.0	0.0
sporomusa ovata	34.0	15.0	32.0				2	33.0	2.0
sporomusa paucivorans			35.0				1	35.0	0.0
sporomusa rhizae	35.0	15.0	33.0				2	34.0	2.0
sporomusa silvacetica			26.0				1	26.0	0.0
sporomusa sphaeroides	34.0	15.0	32.0	35.0			3	33.666666666666664	3.0
sporosalibacterium faouarense	40.0	20.0	40.0		40.0	BacDive;ThermoBase	3	40.0	0.0
sporosarcina globispora			15.5				1	15.5	0.0
sporosarcina luteola	27.5	10.0		27.5			2	27.5	0.0
sporosarcina newyorkensis			35.0				1	35.0	0.0
sporosarcina psychrophila			18.5	18.125	25.0	Lyubetsky et al., 2020	3	20.541666666666668	6.875
sporosarcina saromensis	27.0	5.0					1	27.0	0.0
sporosarcina sp.			20.0				1	20.0	0.0
sporosarcina terrae	32.5	10.0					1	32.5	0.0
sporosarcina thermotolerans	33.5	15.0					1	33.5	0.0
sporosarcina ureae					25.0	Lyubetsky et al., 2020	1	25.0	0.0
sporotomaculum syntrophicum	37.5	28.0		37.5			2	37.5	0.0
stackebrandtia albiflava					30.25	BacDive	1	30.25	0.0
stackebrandtia cavernae	29.0	15.0					1	29.0	0.0
stackebrandtia nassauensis			29.0	26.667	26.0	BacDive	3	27.222333333333335	3.0
stanieria sp.			24.0				1	24.0	0.0
staphylococcus arlettae			35.0	34.0			2	34.5	1.0
staphylococcus aureus				35.21212328767125	33.5	Lyubetsky et al., 2020	2	34.35606164383562	1.7121232876712469
staphylococcus auricularis	35.0	20.0					1	35.0	0.0
staphylococcus capitis	35.0	18.0	35.0	34.666666666666664	35.0	Lyubetsky et al., 2020	4	34.916666666666664	0.3333333333333357
staphylococcus carnosus	35.0	15.0	36.0	35.0			3	35.333333333333336	1.0
staphylococcus cohnii			35.0	34.4285714285714			2	34.7142857142857	0.5714285714285978
staphylococcus condimenti			36.0				1	36.0	0.0
staphylococcus devriesei				31.5			1	31.5	0.0
staphylococcus epidermidis	33.5	15.0	35.5	33.36010144927537	33.5	Lyubetsky et al., 2020	4	33.96502536231884	2.139898550724631
staphylococcus equorum			34.0	35.25	30.0	Lyubetsky et al., 2020	3	33.083333333333336	5.25
staphylococcus fleurettii			36.0				1	36.0	0.0
staphylococcus haemolyticus	35.0	18.0	34.0	33.8009696969697	35.0	Lyubetsky et al., 2020	4	34.450242424242425	1.1990303030302982
staphylococcus hominis	35.0	20.0	33.0	33.32142857142856			3	33.77380952380952	2.0
staphylococcus hyicus	32.5	22.0		32.5	32.5	Lyubetsky et al., 2020	3	32.5	0.0
staphylococcus intermedius	35.0	15.0		35.5			2	35.25	0.5
staphylococcus kloosii			35.0	34.0			2	34.5	1.0
staphylococcus lugdunensis			36.0	34.639	35.0	Lyubetsky et al., 2020	3	35.213	1.360999999999997
staphylococcus lutrae					37.0	Lyubetsky et al., 2020	1	37.0	0.0
staphylococcus massiliensis	33.5	25.0					1	33.5	0.0
staphylococcus muscae			36.0				1	36.0	0.0
staphylococcus nepalensis			36.0				1	36.0	0.0
staphylococcus pasteuri			34.0	31.6			2	32.8	2.3999999999999986
staphylococcus pettenkoferi				34.25			1	34.25	0.0
staphylococcus pseudintermedius			36.0	35.0			2	35.5	1.0
staphylococcus saprophyticus	31.5	10.0	35.0	32.0	31.5	Lyubetsky et al., 2020	4	32.5	3.5
staphylococcus simiae				33.0			1	33.0	0.0
staphylococcus simulans	32.5	15.0	35.5	33.25	32.5	Lyubetsky et al., 2020	4	33.4375	3.0
staphylococcus sp.			34.0				1	34.0	0.0
staphylococcus succinus				31.0	28.0	Lyubetsky et al., 2020	2	29.5	3.0
staphylococcus warneri	35.0	15.0	33.0	32.33322222222223	35.0	Lyubetsky et al., 2020	4	33.833305555555555	2.6667777777777673
staphylococcus warneri_a				33.5			1	33.5	0.0
staphylococcus xylosus			36.2		30.0	Lyubetsky et al., 2020	2	33.1	6.200000000000003
staphylothermus hellenicus	85.0	70.0	85.0	85.0	85.0	BacDive;ThermoBase	4	85.0	0.0
staphylothermus marinus	92.0	65.0	88.0	91.16666666666669	92.0	Lyubetsky et al., 2020;ThermoBase	4	90.79166666666667	4.0
stappia indica	31.0	4.0		31.0			2	31.0	0.0
stappia stellulata			26.0	26.0			2	26.0	0.0
stappia taiwanensis	27.5	10.0					1	27.5	0.0
starkeya koreensis	29.0	4.0					1	29.0	0.0
starkeya novella	27.5	10.0		27.25			2	27.375	0.25
starkeya sp.			26.0				1	26.0	0.0
stella humosa			29.0				1	29.0	0.0
stella vacuolata			29.0		28.0	BacDive	2	28.5	1.0
stenotrophobacter namibiensis	35.5	20.0					1	35.5	0.0
stenotrophobacter roseus	34.5	16.0					1	34.5	0.0
stenotrophobacter terrae	31.55	17.0					1	31.55	0.0
stenotrophomonas acidaminiphila	32.5	20.0	34.0	33.75			3	33.416666666666664	1.5
stenotrophomonas chelatiphaga	32.5	25.0		32.5			2	32.5	0.0
stenotrophomonas humi				26.0			1	26.0	0.0
stenotrophomonas koreensis			31.0	28.5			2	29.75	2.5
stenotrophomonas maltophilia			29.0	28.3333333333333			2	28.66666666666665	0.6666666666666998
stenotrophomonas maltophilia_f				35.0			1	35.0	0.0
stenotrophomonas sp.			31.0		15.27	aciDB	2	23.134999999999998	15.73
stenotrophomonas terrae			29.0	26.0			2	27.5	3.0
stenoxybacter acetivorans			29.0				1	29.0	0.0
steroidobacter agariperforans			3.0				1	3.0	0.0
steroidobacter denitrificans	29.0	20.0		29.0			2	29.0	0.0
sterolibacterium denitrificans	31.0	15.0					1	31.0	0.0
stetteria hydrogenophila	95.0	70.0	94.1		95.0	ThermoBase	3	94.7	0.9000000000000057
stigmatella aurantiaca				28.3333333333333			1	28.3333333333333	0.0
stigmatella erecta				28.0425531914894			1	28.0425531914894	0.0
stigonema ocellatum			20.0				1	20.0	0.0
streptacidiphilus albus					17.5	aciDB	1	17.5	0.0
streptacidiphilus carbonis					22.5	aciDB	1	22.5	0.0
streptacidiphilus durhamensis	26.0	10.0					1	26.0	0.0
streptacidiphilus jiangxiensis			29.0		25.0	aciDB	2	27.0	4.0
streptacidiphilus neutrinimicus					17.5	aciDB	1	17.5	0.0
streptacidiphilus torunensis	27.0	10.0					1	27.0	0.0
streptoalloteichus hindustanus	45.0	20.0	27.0	45.0	45.0	ThermoBase	4	40.5	18.0
streptoalloteichus sp.			26.0				1	26.0	0.0
streptoalloteichus tenebrarius			32.5				1	32.5	0.0
streptobacillus moniliformis					36.0	Lyubetsky et al., 2020	1	36.0	0.0
streptococcus agalactiae			32.0	34.6666666666667	37.0	Lyubetsky et al., 2020	3	34.555555555555564	5.0
streptococcus anginosus					37.0	Lyubetsky et al., 2020	1	37.0	0.0
streptococcus caballi			36.0				1	36.0	0.0
streptococcus constellatus					37.0	Lyubetsky et al., 2020	1	37.0	0.0
streptococcus cristatus					37.0	Lyubetsky et al., 2020	1	37.0	0.0
streptococcus devriesei			34.0				1	34.0	0.0
streptococcus dysgalactiae					37.0	Lyubetsky et al., 2020	1	37.0	0.0
streptococcus equi					37.0	Lyubetsky et al., 2020	1	37.0	0.0
streptococcus ferus	39.5	25.0		39.5			2	39.5	0.0
streptococcus gallolyticus					37.0	Lyubetsky et al., 2020	1	37.0	0.0
streptococcus gordonii				20.0	37.0	Lyubetsky et al., 2020	2	28.5	17.0
streptococcus ictaluri				37.5			1	37.5	0.0
streptococcus infantarius			36.0	35.667	37.0	Lyubetsky et al., 2020	3	36.22233333333333	1.3329999999999984
streptococcus intermedius					37.0	Lyubetsky et al., 2020	1	37.0	0.0
streptococcus lutetiensis					37.0	Lyubetsky et al., 2020	1	37.0	0.0
streptococcus macedonicus			26.0				1	26.0	0.0
streptococcus merionis				27.5			1	27.5	0.0
streptococcus minor	33.5	25.0		32.25			2	32.875	1.25
streptococcus mitis				36.3			1	36.3	0.0
streptococcus mutans				29.593			1	29.593	0.0
streptococcus oralis					37.0	Lyubetsky et al., 2020	1	37.0	0.0
streptococcus parasanguinis					37.0	Lyubetsky et al., 2020	1	37.0	0.0
streptococcus parauberis					36.0	Lyubetsky et al., 2020	1	36.0	0.0
streptococcus pasteurianus				37.667	37.0	Lyubetsky et al., 2020	2	37.3335	0.6670000000000016
streptococcus phocae			35.0				1	35.0	0.0
streptococcus pneumoniae				35.958	37.0	Lyubetsky et al., 2020	2	36.479	1.0420000000000016
streptococcus pyogenes				34.889	37.0	Lyubetsky et al., 2020	2	35.944500000000005	2.110999999999997
streptococcus salivarius				37.8888888888889	37.0	Lyubetsky et al., 2020	2	37.44444444444445	0.8888888888888999
streptococcus sanguinis					37.0	Lyubetsky et al., 2020	1	37.0	0.0
streptococcus sanguinis_c				20.0			1	20.0	0.0
streptococcus sp001556435				25.667			1	25.667	0.0
streptococcus suis					37.0	Lyubetsky et al., 2020	1	37.0	0.0
streptococcus thermophilus			39.9	42.7915	40.0	ThermoBase	3	40.897166666666664	2.8915000000000006
streptococcus uberis					37.0	Lyubetsky et al., 2020	1	37.0	0.0
streptohalobacillus salinus					37.0	BacDive	1	37.0	0.0
streptomonospora algeriensis	32.5	20.0					1	32.5	0.0
streptomonospora salina			29.0				1	29.0	0.0
streptomyces abyssalis	32.5	28.0		32.5			2	32.5	0.0
streptomyces acidiscabies				27.0			1	27.0	0.0
streptomyces acidomyceticus			26.0				1	26.0	0.0
streptomyces acidoresistans			26.0				1	26.0	0.0
streptomyces actuosus			26.0				1	26.0	0.0
streptomyces adephospholyticus			26.0				1	26.0	0.0
streptomyces afghaniensis			27.0				1	27.0	0.0
streptomyces aizunensis			26.0				1	26.0	0.0
streptomyces akiyoshiensis			26.0				1	26.0	0.0
streptomyces alanosinicus			27.0				1	27.0	0.0
streptomyces albaduncus			27.0				1	27.0	0.0
streptomyces albidoflavus			26.0				1	26.0	0.0
streptomyces albireticuli			27.0				1	27.0	0.0
streptomyces alboflavus			26.0				1	26.0	0.0
streptomyces albohelvatus			26.0				1	26.0	0.0
streptomyces alboniger			27.0				1	27.0	0.0
streptomyces albospinus			27.0				1	27.0	0.0
streptomyces albovinaceus			26.0				1	26.0	0.0
streptomyces albulus			27.0				1	27.0	0.0
streptomyces albus				28.3548387096774	27.5	Lyubetsky et al., 2020	2	27.927419354838698	0.8548387096773986
streptomyces alkaliphilus	32.5	25.0					1	32.5	0.0
streptomyces alkalithermotolerans	29.0	16.0					1	29.0	0.0
streptomyces alni			27.0				1	27.0	0.0
streptomyces althioticus			27.0				1	27.0	0.0
streptomyces amakusaensis			27.0				1	27.0	0.0
streptomyces ambofaciens				27.3333333333333			1	27.3333333333333	0.0
streptomyces amphibiosporus			26.0				1	26.0	0.0
streptomyces amritsarensis	26.0	12.0		26.0			2	26.0	0.0
streptomyces anandii			27.0				1	27.0	0.0
streptomyces anthocyanicus			26.5				1	26.5	0.0
streptomyces antibioticus			26.0				1	26.0	0.0
streptomyces antifibrinolyticus			26.0				1	26.0	0.0
streptomyces antimycoticus			27.0				1	27.0	0.0
streptomyces anulatus			26.5				1	26.5	0.0
streptomyces aomiensis	26.5	15.0					1	26.5	0.0
streptomyces argillaceus			26.0				1	26.0	0.0
streptomyces armeniacus			27.0				1	27.0	0.0
streptomyces aspergilloides			26.0				1	26.0	0.0
streptomyces atratus			27.0				1	27.0	0.0
streptomyces atrofaciens			26.0				1	26.0	0.0
streptomyces atroolivaceus			27.0				1	27.0	0.0
streptomyces aurantiacus			26.0				1	26.0	0.0
streptomyces aureocirculatus			26.5				1	26.5	0.0
streptomyces aureomonopodiales			26.0				1	26.0	0.0
streptomyces aureoverticillatus			26.5				1	26.5	0.0
streptomyces aureus			27.0				1	27.0	0.0
streptomyces aurigineus			26.0				1	26.0	0.0
streptomyces avermitilis			27.0	27.9	32.5	Lyubetsky et al., 2020	3	29.133333333333336	5.5
streptomyces avidinii				27.3333333333333			1	27.3333333333333	0.0
streptomyces axinellae			29.0				1	29.0	0.0
streptomyces azureus			27.0				1	27.0	0.0
streptomyces bacillaris			26.0				1	26.0	0.0
streptomyces badius			27.0				1	27.0	0.0
streptomyces bambusae	29.0	10.0					1	29.0	0.0
streptomyces beijiangensis	14.0	0.0	29.0				2	21.5	15.0
streptomyces bellus			27.0				1	27.0	0.0
streptomyces bicolor			26.0				1	26.0	0.0
streptomyces bluensis			27.0				1	27.0	0.0
streptomyces bobili			26.5				1	26.5	0.0
streptomyces boninensis	26.0	10.0					1	26.0	0.0
streptomyces bottropensis				26.0			1	26.0	0.0
streptomyces brasiliensis			27.0				1	27.0	0.0
streptomyces brunneogriseus			26.0				1	26.0	0.0
streptomyces bullii			31.0				1	31.0	0.0
streptomyces cacaoi			26.5				1	26.5	0.0
streptomyces caelestis			27.0				1	27.0	0.0
streptomyces caesius			26.0				1	26.0	0.0
streptomyces caespitosus			26.0				1	26.0	0.0
streptomyces calidiresistens	41.0	28.0			41.0	ThermoBase	2	41.0	0.0
streptomyces californicus			26.0				1	26.0	0.0
streptomyces canadensis			26.0				1	26.0	0.0
streptomyces canalis	31.0	16.0					1	31.0	0.0
streptomyces canarius			27.0				1	27.0	0.0
streptomyces candidus			27.0				1	27.0	0.0
streptomyces canescens			26.0				1	26.0	0.0
streptomyces caniferus			27.0				1	27.0	0.0
streptomyces canus			27.0				1	27.0	0.0
streptomyces capoamus			27.0				1	27.0	0.0
streptomyces capuensis			26.0				1	26.0	0.0
streptomyces carnosus			26.0				1	26.0	0.0
streptomyces carpaticus			27.0				1	27.0	0.0
streptomyces carpinensis			27.0				1	27.0	0.0
streptomyces carzinostaticus			26.0				1	26.0	0.0
streptomyces castelarensis			27.0				1	27.0	0.0
streptomyces cattleya			27.0	26.0			2	26.5	1.0
streptomyces cellostaticus			27.0				1	27.0	0.0
streptomyces celluloflavus			27.0				1	27.0	0.0
streptomyces cellulosae			27.0				1	27.0	0.0
streptomyces cerasinus	33.5	20.0					1	33.5	0.0
streptomyces chattanoogensis			27.0				1	27.0	0.0
streptomyces chrestomyceticus			26.5				1	26.5	0.0
streptomyces chromofuscus			26.5				1	26.5	0.0
streptomyces chromogenus			26.0				1	26.0	0.0
streptomyces chryseus			26.5				1	26.5	0.0
streptomyces cinereoruber			27.0				1	27.0	0.0
streptomyces cinereospinus			27.0				1	27.0	0.0
streptomyces cinereus			31.0				1	31.0	0.0
streptomyces cinerochromogenes			27.0				1	27.0	0.0
streptomyces cinnabarinus			26.5				1	26.5	0.0
streptomyces cinnamonensis			27.0				1	27.0	0.0
streptomyces cinnamoneus			27.0				1	27.0	0.0
streptomyces cirratus			27.0				1	27.0	0.0
streptomyces ciscaucasicus			27.0				1	27.0	0.0
streptomyces citreus			26.0				1	26.0	0.0
streptomyces citricolor			26.0				1	26.0	0.0
streptomyces coelescens			26.5				1	26.5	0.0
streptomyces coeliatus			26.0				1	26.0	0.0
streptomyces coelicolor			26.0				1	26.0	0.0
streptomyces coerulatus			26.0				1	26.0	0.0
streptomyces coeruleofuscus			26.5				1	26.5	0.0
streptomyces coeruleoprunus			27.0				1	27.0	0.0
streptomyces coeruleorubidus			26.5				1	26.5	0.0
streptomyces coerulescens			27.0				1	27.0	0.0
streptomyces conglobatus			26.0				1	26.0	0.0
streptomyces coralus			26.0				1	26.0	0.0
streptomyces corchorusii			27.0				1	27.0	0.0
streptomyces coriofaciens			26.0				1	26.0	0.0
streptomyces craterifer			26.0				1	26.0	0.0
streptomyces cremeus			27.0				1	27.0	0.0
streptomyces curacoi			27.0				1	27.0	0.0
streptomyces cuspidosporus			27.0				1	27.0	0.0
streptomyces cyaneofuscatus			26.5				1	26.5	0.0
streptomyces cyaneogriseus			26.0				1	26.0	0.0
streptomyces cyaneus			27.0				1	27.0	0.0
streptomyces cyanocolor			26.0				1	26.0	0.0
streptomyces cyanogenus			26.0				1	26.0	0.0
streptomyces cyanoglomerus			26.0				1	26.0	0.0
streptomyces cyslabdanicus	24.0	12.0					1	24.0	0.0
streptomyces daghestanicus			26.5				1	26.5	0.0
streptomyces deccanensis	40.0	28.0			40.0	ThermoBase	2	40.0	0.0
streptomyces decoyicus			29.0				1	29.0	0.0
streptomyces diastaticus			26.0	29.0			2	27.5	3.0
streptomyces diastatochromogenes			27.0				1	27.0	0.0
streptomyces djakartensis			27.0				1	27.0	0.0
streptomyces drozdowiczii			29.0				1	29.0	0.0
streptomyces durhamensis			27.0				1	27.0	0.0
streptomyces echinatus			27.0				1	27.0	0.0
streptomyces ederensis			27.0				1	27.0	0.0
streptomyces endophyticus	24.0	10.0					1	24.0	0.0
streptomyces endus			27.0				1	27.0	0.0
streptomyces enissocaesilis			27.0				1	27.0	0.0
streptomyces erythrogriseus			27.0				1	27.0	0.0
streptomyces eurocidicus			27.0				1	27.0	0.0
streptomyces europaeiscabiei			29.0				1	29.0	0.0
streptomyces eurythermus			27.0				1	27.0	0.0
streptomyces fasiculatus			26.0				1	26.0	0.0
streptomyces ferrugineus	32.0	15.0		32.0			2	32.0	0.0
streptomyces filamentosus			27.0	27.0			2	27.0	0.0
streptomyces fimbriatus			27.0				1	27.0	0.0
streptomyces finlayi			26.0				1	26.0	0.0
streptomyces flaveus			33.0				1	33.0	0.0
streptomyces flavidovirens			27.0				1	27.0	0.0
streptomyces flavochromogenes			26.0				1	26.0	0.0
streptomyces flavofungini			27.0				1	27.0	0.0
streptomyces flavogriseus			27.0				1	27.0	0.0
streptomyces flavotricini			26.5				1	26.5	0.0
streptomyces flavovariabilis			27.0				1	27.0	0.0
streptomyces flavovirens			26.0				1	26.0	0.0
streptomyces flavoviridis			27.0				1	27.0	0.0
streptomyces flocculus			27.0				1	27.0	0.0
streptomyces fradiae			27.0				1	27.0	0.0
streptomyces fragilis			27.0				1	27.0	0.0
streptomyces fulvoviolaceus			26.0				1	26.0	0.0
streptomyces fulvoviridis			26.0				1	26.0	0.0
streptomyces fumanus			27.0				1	27.0	0.0
streptomyces fumigatiscleroticus			27.0				1	27.0	0.0
streptomyces fungicidicus			26.0				1	26.0	0.0
streptomyces galbus			27.0				1	27.0	0.0
streptomyces galilaeus			26.0				1	26.0	0.0
streptomyces galtieri			26.0				1	26.0	0.0
streptomyces gangtokensis			26.0				1	26.0	0.0
streptomyces gannmycicus			26.0				1	26.0	0.0
streptomyces gardneri			27.0				1	27.0	0.0
streptomyces gedanensis			26.0				1	26.0	0.0
streptomyces gelaticus			26.5				1	26.5	0.0
streptomyces geysiriensis			27.0				1	27.0	0.0
streptomyces ghanaensis			27.0				1	27.0	0.0
streptomyces gibsonii			26.0				1	26.0	0.0
streptomyces gilvosporeus			26.0				1	26.0	0.0
streptomyces glaucescens			26.0				1	26.0	0.0
streptomyces glaucosporus			34.0				1	34.0	0.0
streptomyces glaucus			27.0				1	27.0	0.0
streptomyces globisporus			26.0				1	26.0	0.0
streptomyces glomeroaurantiacus			26.5				1	26.5	0.0
streptomyces glycovorans	32.5	12.0					1	32.5	0.0
streptomyces goshikiensis			27.0				1	27.0	0.0
streptomyces gougerotii			27.0				1	27.0	0.0
streptomyces griseoaurantiacus			26.5				1	26.5	0.0
streptomyces griseochromogenes			27.0				1	27.0	0.0
streptomyces griseoflavus			27.0	26.0			2	26.5	1.0
streptomyces griseofuscus			27.0				1	27.0	0.0
streptomyces griseoincarnatus			26.5				1	26.5	0.0
streptomyces griseoloalbus			26.5				1	26.5	0.0
streptomyces griseoluteus			27.0				1	27.0	0.0
streptomyces griseomycini			26.5				1	26.5	0.0
streptomyces griseoplanus			27.0				1	27.0	0.0
streptomyces griseoroseus			26.0				1	26.0	0.0
streptomyces griseorubens			27.0				1	27.0	0.0
streptomyces griseoruber			27.0				1	27.0	0.0
streptomyces griseorubiginosus			26.5				1	26.5	0.0
streptomyces griseosporeus			27.0				1	27.0	0.0
streptomyces griseostramineus			26.5				1	26.5	0.0
streptomyces griseoviridis			27.0				1	27.0	0.0
streptomyces griseus			26.0	28.0526315789474			2	27.0263157894737	2.0526315789473983
streptomyces gulbargensis	40.5	28.0			40.5	ThermoBase	2	40.5	0.0
streptomyces haliclonae	27.5	15.0		27.5			2	27.5	0.0
streptomyces hawaiiensis			27.0				1	27.0	0.0
streptomyces hebeiensis			29.0				1	29.0	0.0
streptomyces heilongjiangensis			27.0				1	27.0	0.0
streptomyces heimi			26.0				1	26.0	0.0
streptomyces helvaticus			26.5				1	26.5	0.0
streptomyces heteromorphus			26.0				1	26.0	0.0
streptomyces himastatinicus			26.0				1	26.0	0.0
streptomyces hiroshimensis			27.0				1	27.0	0.0
streptomyces hirsutus			27.0				1	27.0	0.0
streptomyces horton			26.0				1	26.0	0.0
streptomyces humi	32.0	24.0		32.0			2	32.0	0.0
streptomyces humidus			27.0				1	27.0	0.0
streptomyces humiferus			27.0				1	27.0	0.0
streptomyces hydrogenans			27.0				1	27.0	0.0
streptomyces hygroatrocyaneus			26.0				1	26.0	0.0
streptomyces hygroscopicus			26.5				1	26.5	0.0
streptomyces indiaensis	28.5	14.0					1	28.5	0.0
streptomyces indicus			27.0				1	27.0	0.0
streptomyces indigocolor			26.0				1	26.0	0.0
streptomyces indigoferus			27.0				1	27.0	0.0
streptomyces intermedius			26.5				1	26.5	0.0
streptomyces inusitatus			27.0				1	27.0	0.0
streptomyces ipomoeae			27.0				1	27.0	0.0
streptomyces janthinus			26.5				1	26.5	0.0
streptomyces jumonjinensis			26.0				1	26.0	0.0
streptomyces kagawaensis			26.0				1	26.0	0.0
streptomyces kanamyceticus			27.0				1	27.0	0.0
streptomyces kaniharaensis			26.0				1	26.0	0.0
streptomyces karnatakensis			26.0				1	26.0	0.0
streptomyces kashimirensis			27.0				1	27.0	0.0
streptomyces kasugaensis			27.0				1	27.0	0.0
streptomyces kasugaspinus			26.0				1	26.0	0.0
streptomyces katrae			27.0				1	27.0	0.0
streptomyces kitasatoensis			26.0				1	26.0	0.0
streptomyces klenkii	32.5	28.0		32.5			2	32.5	0.0
streptomyces kobenensis			26.0				1	26.0	0.0
streptomyces krainskii			26.0				1	26.0	0.0
streptomyces kunmingensis			27.0				1	27.0	0.0
streptomyces kurssanovii			26.5				1	26.5	0.0
streptomyces lactacystinicus	24.0	15.0					1	24.0	0.0
streptomyces laeteviolaceus			26.0				1	26.0	0.0
streptomyces lanatus			27.0				1	27.0	0.0
streptomyces lasaliensis			26.0				1	26.0	0.0
streptomyces lateritius			27.0				1	27.0	0.0
streptomyces laurentii			27.0				1	27.0	0.0
streptomyces lavendofoliae			26.5				1	26.5	0.0
streptomyces lavendulae			26.5				1	26.5	0.0
streptomyces lavenduligriseus			27.0				1	27.0	0.0
streptomyces lavendulocolor			27.0				1	27.0	0.0
streptomyces lazureus			26.0				1	26.0	0.0
streptomyces levis			27.0				1	27.0	0.0
streptomyces levoris			26.0				1	26.0	0.0
streptomyces libani			27.0				1	27.0	0.0
streptomyces lienomycini			27.0				1	27.0	0.0
streptomyces litmocidini			27.0				1	27.0	0.0
streptomyces litmocolor			26.0				1	26.0	0.0
streptomyces lividans			26.0				1	26.0	0.0
streptomyces lividoclavatus			26.0				1	26.0	0.0
streptomyces lividus			26.0				1	26.0	0.0
streptomyces lomondensis			27.0				1	27.0	0.0
streptomyces longisporoflavus			27.0				1	27.0	0.0
streptomyces longispororuber			27.0				1	27.0	0.0
streptomyces longisporus			26.5				1	26.5	0.0
streptomyces longissimus			26.0				1	26.0	0.0
streptomyces longwoodensis			27.0				1	27.0	0.0
streptomyces lucensis			27.0				1	27.0	0.0
streptomyces lunaelactis	23.0	10.0		23.0			2	23.0	0.0
streptomyces luridus			27.0				1	27.0	0.0
streptomyces lusitanus			27.0				1	27.0	0.0
streptomyces luteireticuli			26.0				1	26.0	0.0
streptomyces luteocolor			26.0				1	26.0	0.0
streptomyces luteogriseus			26.0	26.5			2	26.25	0.5
streptomyces luteolutescens			26.0				1	26.0	0.0
streptomyces luteosporeus			32.0				1	32.0	0.0
streptomyces lydicus			27.0				1	27.0	0.0
streptomyces lysosuperificus			26.0				1	26.0	0.0
streptomyces macromomyceticus			26.0				1	26.0	0.0
streptomyces macrosporeus			26.0				1	26.0	0.0
streptomyces macrosporus			42.0				1	42.0	0.0
streptomyces malachiticus			26.0				1	26.0	0.0
streptomyces malachitofuscus			26.5				1	26.5	0.0
streptomyces malachitorectus			26.0				1	26.0	0.0
streptomyces malayensis			26.0				1	26.0	0.0
streptomyces marinus	26.5	20.0					1	26.5	0.0
streptomyces marokkonensis	29.0	15.0		29.0			2	29.0	0.0
streptomyces massasporeus			27.0				1	27.0	0.0
streptomyces matensis			27.0				1	27.0	0.0
streptomyces mauvecolor			27.0				1	27.0	0.0
streptomyces megasporus			43.0	45.0			2	44.0	2.0
streptomyces melanogenes			27.0				1	27.0	0.0
streptomyces michiganensis			27.0				1	27.0	0.0
streptomyces microflavus			26.5	28.25			2	27.375	1.75
streptomyces miharaensis			26.0				1	26.0	0.0
streptomyces minoensis			26.0				1	26.0	0.0
streptomyces minutiscleroticus			27.0				1	27.0	0.0
streptomyces mirabilis			27.0				1	27.0	0.0
streptomyces misawanensis			26.0				1	26.0	0.0
streptomyces misionensis			27.0				1	27.0	0.0
streptomyces mobaraensis			27.0				1	27.0	0.0
streptomyces moderatus			26.0				1	26.0	0.0
streptomyces murayamaensis			26.0				1	26.0	0.0
streptomyces mutabilis			27.0				1	27.0	0.0
streptomyces mutomycini			27.0				1	27.0	0.0
streptomyces mycarofaciens			26.0				1	26.0	0.0
streptomyces myxogenes			26.0				1	26.0	0.0
streptomyces naganishii			27.0				1	27.0	0.0
streptomyces nanhaiensis	32.5	10.0					1	32.5	0.0
streptomyces naraensis			26.0				1	26.0	0.0
streptomyces narbonensis			27.0				1	27.0	0.0
streptomyces nashvillensis			27.0				1	27.0	0.0
streptomyces natalensis			26.0				1	26.0	0.0
streptomyces neyagawaensis			27.0				1	27.0	0.0
streptomyces nigellus			26.0				1	26.0	0.0
streptomyces niger			27.0				1	27.0	0.0
streptomyces nigrescens			27.0				1	27.0	0.0
streptomyces nitrosporeus			27.0				1	27.0	0.0
streptomyces niveoruber			27.0				1	27.0	0.0
streptomyces nobilis			26.0				1	26.0	0.0
streptomyces noboritoensis			27.0				1	27.0	0.0
streptomyces nodosus			27.0				1	27.0	0.0
streptomyces nogalater			27.0				1	27.0	0.0
streptomyces nojiriensis			27.0				1	27.0	0.0
streptomyces noursei			27.0				1	27.0	0.0
streptomyces novaecaesareae			27.0				1	27.0	0.0
streptomyces ochraceiscleroticus			27.0				1	27.0	0.0
streptomyces odorifer			26.0				1	26.0	0.0
streptomyces olivaceiscleroticus			27.0				1	27.0	0.0
streptomyces olivaceoviridis			26.5				1	26.5	0.0
streptomyces olivaceus			27.0				1	27.0	0.0
streptomyces olivicoloratus	29.0	15.0					1	29.0	0.0
streptomyces olivochromogenes			26.5				1	26.5	0.0
streptomyces olivogriseus			26.0				1	26.0	0.0
streptomyces olivoverticillatus			27.0				1	27.0	0.0
streptomyces olivoviridis			26.0				1	26.0	0.0
streptomyces omiyaensis			27.0				1	27.0	0.0
streptomyces orinoci			27.0				1	27.0	0.0
streptomyces oryzae	27.5	14.0					1	27.5	0.0
streptomyces ostreogriseus			26.0				1	26.0	0.0
streptomyces owasiensis			26.0				1	26.0	0.0
streptomyces pactum			27.0				1	27.0	0.0
streptomyces padanus			26.0				1	26.0	0.0
streptomyces pallidus			26.0				1	26.0	0.0
streptomyces palmae	32.5	15.0		32.5			2	32.5	0.0
streptomyces panayensis			26.0				1	26.0	0.0
streptomyces paradoxus			27.0				1	27.0	0.0
streptomyces parvulus			27.0				1	27.0	0.0
streptomyces parvus			27.0				1	27.0	0.0
streptomyces paucisporogenes			26.0				1	26.0	0.0
streptomyces pentaticus			26.0				1	26.0	0.0
streptomyces peruviensis			26.0				1	26.0	0.0
streptomyces peucetius			27.0				1	27.0	0.0
streptomyces phaeochromogenes			27.0				1	27.0	0.0
streptomyces phaeofaciens			27.0				1	27.0	0.0
streptomyces phaeopurpureus			27.0				1	27.0	0.0
streptomyces phaeoverticillatus			27.0				1	27.0	0.0
streptomyces pharetrae			29.0				1	29.0	0.0
streptomyces platensis			27.0				1	27.0	0.0
streptomyces plicatus			27.0				1	27.0	0.0
streptomyces pluricolorescens			27.0				1	27.0	0.0
streptomyces polychromogenes			27.0				1	27.0	0.0
streptomyces polymachus	29.0	10.0					1	29.0	0.0
streptomyces poonensis			27.0				1	27.0	0.0
streptomyces prasinopilosus			27.0				1	27.0	0.0
streptomyces prasinosporus			27.0				1	27.0	0.0
streptomyces prasinus			27.0				1	27.0	0.0
streptomyces pristinaespiralis			26.0				1	26.0	0.0
streptomyces prunicolor			27.0				1	27.0	0.0
streptomyces pseudoechinosporeus			27.0				1	27.0	0.0
streptomyces pseudogriseolus			27.0				1	27.0	0.0
streptomyces pseudovenezuelae			27.0				1	27.0	0.0
streptomyces pulcher			26.0				1	26.0	0.0
streptomyces pulveraceus			27.0				1	27.0	0.0
streptomyces puniceus			27.0				1	27.0	0.0
streptomyces puniciscabiei					30.0	aciDB	1	30.0	0.0
streptomyces purpureus			27.0				1	27.0	0.0
streptomyces purpurogeneiscleroticus			27.0				1	27.0	0.0
streptomyces pyridomyceticus			26.0				1	26.0	0.0
streptomyces radiopugnans				35.0			1	35.0	0.0
streptomyces ramocissimus			26.0				1	26.0	0.0
streptomyces ramulosus			27.0				1	27.0	0.0
streptomyces rangoonensis			26.0				1	26.0	0.0
streptomyces rapamycinicus			27.0				1	27.0	0.0
streptomyces recifensis			27.0				1	27.0	0.0
streptomyces rectiverticillatus			26.0				1	26.0	0.0
streptomyces rectiviolaceus			27.0				1	27.0	0.0
streptomyces regalis			26.0				1	26.0	0.0
streptomyces regensis			27.0				1	27.0	0.0
streptomyces reticuli			27.0				1	27.0	0.0
streptomyces reticuliscabiei			29.0				1	29.0	0.0
streptomyces ribosidificus			26.0				1	26.0	0.0
streptomyces rimofaciens			26.0				1	26.0	0.0
streptomyces rishiriensis			27.0				1	27.0	0.0
streptomyces rochei				26.0			1	26.0	0.0
streptomyces roietensis	32.0	15.0					1	32.0	0.0
streptomyces rosa			26.0				1	26.0	0.0
streptomyces roseiscleroticus			27.0				1	27.0	0.0
streptomyces roseochromogenus			26.0				1	26.0	0.0
streptomyces roseocinereus			26.0				1	26.0	0.0
streptomyces roseogriseus			26.0				1	26.0	0.0
streptomyces roseolilacinus			27.0				1	27.0	0.0
streptomyces roseolus			26.5				1	26.5	0.0
streptomyces roseoluteus			26.0				1	26.0	0.0
streptomyces roseoverticillatus			26.0				1	26.0	0.0
streptomyces roseoviolaceus			26.5				1	26.5	0.0
streptomyces roseoviridis			27.0				1	27.0	0.0
streptomyces roseus			26.0				1	26.0	0.0
streptomyces rubellomurinus			26.0				1	26.0	0.0
streptomyces ruber			27.0				1	27.0	0.0
streptomyces rubiginosohelvolus			27.0				1	27.0	0.0
streptomyces rubiginosus			27.0				1	27.0	0.0
streptomyces rubrisoli	27.5	21.0					1	27.5	0.0
streptomyces rubrogriseus			27.0				1	27.0	0.0
streptomyces rutgersensis			26.5				1	26.5	0.0
streptomyces ryensis			26.0				1	26.0	0.0
streptomyces sahachiroi			26.0				1	26.0	0.0
streptomyces sannanensis	30.5	17.0	27.0				2	28.75	3.5
streptomyces saraceticus			26.0				1	26.0	0.0
streptomyces scabiei			26.0				1	26.0	0.0
streptomyces scabrisporus			29.0				1	29.0	0.0
streptomyces sclerogranulatus			26.0				1	26.0	0.0
streptomyces sclerotialus			27.0				1	27.0	0.0
streptomyces scopuliridis				26.0			1	26.0	0.0
streptomyces senoensis			26.0				1	26.0	0.0
streptomyces seoulensis			29.0				1	29.0	0.0
streptomyces setonensis			26.0				1	26.0	0.0
streptomyces shiodaensis			26.0				1	26.0	0.0
streptomyces showdoensis			27.0				1	27.0	0.0
streptomyces sioyaensis			27.0				1	27.0	0.0
streptomyces sodiiphilus			29.0				1	29.0	0.0
streptomyces somaliensis			29.0	26.0			2	27.5	3.0
streptomyces sp000424765				23.5			1	23.5	0.0
streptomyces sp002847285				27.0			1	27.0	0.0
streptomyces spadicis			26.0				1	26.0	0.0
streptomyces sparsogenes			27.0				1	27.0	0.0
streptomyces spectabilis			27.0				1	27.0	0.0
streptomyces speibonae			29.0				1	29.0	0.0
streptomyces spinichromogenes			26.0				1	26.0	0.0
streptomyces spinicoumarensis			26.0				1	26.0	0.0
streptomyces spinoverrucosus			27.0				1	27.0	0.0
streptomyces spiralis			27.0				1	27.0	0.0
streptomyces spiroverticillatus			27.0				1	27.0	0.0
streptomyces spongiae	27.5	15.0					1	27.5	0.0
streptomyces sporocinereus			27.0				1	27.0	0.0
streptomyces sporoclivatus			27.0				1	27.0	0.0
streptomyces spororaveus			27.0				1	27.0	0.0
streptomyces sporoverrucosus			27.0				1	27.0	0.0
streptomyces steffisburgensis			26.0				1	26.0	0.0
streptomyces stelliscabiei			29.0				1	29.0	0.0
streptomyces stramineus			29.0				1	29.0	0.0
streptomyces subrutilus			27.0				1	27.0	0.0
streptomyces sulfonofaciens			27.0				1	27.0	0.0
streptomyces sulphureus			27.0				1	27.0	0.0
streptomyces sviceus			26.0	32.5			2	29.25	6.5
streptomyces synnematoformans			29.0				1	29.0	0.0
streptomyces tacrolimicus			26.0				1	26.0	0.0
streptomyces takataensis			26.0				1	26.0	0.0
streptomyces tanashiensis			27.0				1	27.0	0.0
streptomyces tateyamensis	27.5	15.0	29.0				2	28.25	1.5
streptomyces tauricus			27.0				1	27.0	0.0
streptomyces tenjimariensis			26.0				1	26.0	0.0
streptomyces termitum			27.0				1	27.0	0.0
streptomyces tetanusemus			26.0				1	26.0	0.0
streptomyces thermoalcalitolerans			45.0				1	45.0	0.0
streptomyces thermoautotrophicus	65.0	10.0	55.0				2	60.0	10.0
streptomyces thermocarboxydovorans			45.0				1	45.0	0.0
streptomyces thermocarboxydus			45.0				1	45.0	0.0
streptomyces thermodiastaticus			38.0	36.5			2	37.25	1.5
streptomyces thermoflavus			45.0				1	45.0	0.0
streptomyces thermogriseus			52.0				1	52.0	0.0
streptomyces thermolineatus			42.0				1	42.0	0.0
streptomyces thermophilus			46.5				1	46.5	0.0
streptomyces thermospinosisporus			45.0				1	45.0	0.0
streptomyces thermotolerans			26.0				1	26.0	0.0
streptomyces thermoviolaceus			46.0				1	46.0	0.0
streptomyces thermovulgaris			41.0	40.3333333333333			2	40.66666666666665	0.6666666666666998
streptomyces torulosus			27.0				1	27.0	0.0
streptomyces tosaensis			26.0				1	26.0	0.0
streptomyces toxytricini			27.0				1	27.0	0.0
streptomyces toyocaensis			26.0				1	26.0	0.0
streptomyces triangulatus			26.0				1	26.0	0.0
streptomyces triostinicus			26.0				1	26.0	0.0
streptomyces tropicalensis			26.0				1	26.0	0.0
streptomyces tsusimaensis			26.0				1	26.0	0.0
streptomyces tuirus			27.0				1	27.0	0.0
streptomyces tumuli			26.0				1	26.0	0.0
streptomyces tunisialbus	29.0	20.0					1	29.0	0.0
streptomyces turgidiscabies				29.0			1	29.0	0.0
streptomyces umbrinus			27.0				1	27.0	0.0
streptomyces umbrosus			26.0				1	26.0	0.0
streptomyces variabilis			27.0				1	27.0	0.0
streptomyces variegatus			27.0				1	27.0	0.0
streptomyces varius			26.0				1	26.0	0.0
streptomyces varsoviensis			26.5				1	26.5	0.0
streptomyces vastus			27.0				1	27.0	0.0
streptomyces vellosus			26.0				1	26.0	0.0
streptomyces vendargensis			26.0				1	26.0	0.0
streptomyces venezuelae			27.0	26.0			2	26.5	1.0
streptomyces verne			26.0				1	26.0	0.0
streptomyces verrucosisporus	33.5	20.0		33.5			2	33.5	0.0
streptomyces versipellis			26.0				1	26.0	0.0
streptomyces verticillus			26.0				1	26.0	0.0
streptomyces vinaceus			27.0				1	27.0	0.0
streptomyces vinaceusdrappus			27.0				1	27.0	0.0
streptomyces violaceochromogenes			26.5				1	26.5	0.0
streptomyces violaceolatus			26.5				1	26.5	0.0
streptomyces violaceorectus			26.5				1	26.5	0.0
streptomyces violaceoruber			26.0				1	26.0	0.0
streptomyces violaceorubidus			27.0				1	27.0	0.0
streptomyces violaceus			26.5				1	26.5	0.0
streptomyces violaceusniger			27.0	32.5			2	29.75	5.5
streptomyces violarus			26.5				1	26.5	0.0
streptomyces violascens			26.5				1	26.5	0.0
streptomyces violens			27.0				1	27.0	0.0
streptomyces virginiae			27.0				1	27.0	0.0
streptomyces viridifaciens			26.0				1	26.0	0.0
streptomyces viridis			27.0				1	27.0	0.0
streptomyces viridiviolaceus			26.5				1	26.5	0.0
streptomyces viridobrunneus			27.0				1	27.0	0.0
streptomyces viridochromogenes			26.5				1	26.5	0.0
streptomyces viridochromogenes_b				26.0			1	26.0	0.0
streptomyces viridodiastaticus			26.5				1	26.5	0.0
streptomyces viridogenes			26.0				1	26.0	0.0
streptomyces vitaminophilus	29.5	15.0	27.0				2	28.25	2.5
streptomyces vulgaris			26.0				1	26.0	0.0
streptomyces wadayamensis			26.0				1	26.0	0.0
streptomyces wedmorensis			27.0	26.0			2	26.5	1.0
streptomyces werraensis			27.0				1	27.0	0.0
streptomyces xanthochromogenes			27.0				1	27.0	0.0
streptomyces xanthocidicus			27.0				1	27.0	0.0
streptomyces xantholiticus			27.0				1	27.0	0.0
streptomyces xanthophaeus			27.0				1	27.0	0.0
streptomyces xiamenensis				32.5			1	32.5	0.0
streptomyces xinghaiensis				28.25			1	28.25	0.0
streptomyces xishensis	32.5	28.0					1	32.5	0.0
streptomyces xylanilyticus	33.5	20.0					1	33.5	0.0
streptomyces yerevanensis			27.0				1	27.0	0.0
streptomyces yokosukanensis			27.0				1	27.0	0.0
streptomyces yunnanensis			29.0				1	29.0	0.0
streptomyces zaomyceticus			27.0				1	27.0	0.0
streptomyces zhihengii	27.5	10.0		27.5			2	27.5	0.0
streptosporangium becharense	31.0	20.0		31.0			2	31.0	0.0
streptosporangium brasiliense			27.0				1	27.0	0.0
streptosporangium jomthongense	29.0	12.0					1	29.0	0.0
streptosporangium koreanum			27.0				1	27.0	0.0
streptosporangium longisporum			27.0				1	27.0	0.0
streptosporangium nondiastaticum			29.0				1	29.0	0.0
streptosporangium oxazolinicum	26.5	13.0					1	26.5	0.0
streptosporangium saharense	31.0	20.0					1	31.0	0.0
streptosporangium sandarakinum	29.0	20.0	27.0	29.0			3	28.333333333333332	2.0
streptosporangium sibiricum			26.0				1	26.0	0.0
streptosporangium violaceochromogenes	33.5	25.0	27.0	33.5			3	31.333333333333332	6.5
streptoverticillium reticulum			26.0				1	26.0	0.0
streptoverticillium verticillium			27.0				1	27.0	0.0
stutzerimonas stutzeri					35.0	Lyubetsky et al., 2020	1	35.0	0.0
stygiolobus azoricus	80.0	57.0	80.2		80.0	ThermoBase	3	80.06666666666666	0.20000000000000284
subsaxibacter broadyi	8.0	-2.0					1	8.0	0.0
subsaxibacter sediminis	15.0	5.0					1	15.0	0.0
subsaximicrobium saxinquilinus	10.5	-2.0	22.0				2	16.25	11.5
subsaximicrobium wynnwilliamsii	10.5	-2.0	22.0	10.5			3	14.333333333333334	11.5
subtercola boreus	16.0	2.0	24.0	16.0	22.0	BacDive	4	19.5	8.0
subtercola frigoramans	16.0	-2.0	24.0	16.0	22.0	BacDive	4	19.5	8.0
subtercola lobariae	20.0	4.0		20.0			2	20.0	0.0
subtercola vilae	12.5	5.0		12.5			2	12.5	0.0
succinatimonas hippei	37.5	30.0					1	37.5	0.0
succinispira mobilis			36.0	36.0	37.0	BacDive	3	36.333333333333336	1.0
succinivibrio dextrinosolvens			38.0				1	38.0	0.0
sulfitobacter brevis	14.5	3.0	20.0	17.25			3	17.25	5.5
sulfitobacter delicatus				25.5			1	25.5	0.0
sulfitobacter dubius				25.5			1	25.5	0.0
sulfitobacter faviae	27.5	10.0					1	27.5	0.0
sulfitobacter guttiformis	16.0	4.0	20.0	18.0			3	18.0	4.0
sulfitobacter indolifex	27.5	15.0		27.5			2	27.5	0.0
sulfitobacter litoralis	20.0	4.0	20.0	20.0			3	20.0	0.0
sulfitobacter marinus	22.5	4.0		22.5			2	22.5	0.0
sulfitobacter mediterraneus	22.5	4.0	27.0	24.75			3	24.75	4.5
sulfitobacter sp.			27.0				1	27.0	0.0
sulfoacidibacillus thermotolerans					43.0	aciDB	1	43.0	0.0
sulfobacillus acidophilus			45.0		47.75	ThermoBase;aciDB	2	46.375	2.75
sulfobacillus benefaciens	38.5	30.0	38.5		38.0	aciDB	3	38.333333333333336	0.5
sulfobacillus sibiricus			52.5				1	52.5	0.0
sulfobacillus thermosulfidooxidans	52.5	20.0	49.3		45.0	ThermoBase;aciDB	3	48.93333333333334	7.5
sulfobacillus thermotolerans	40.0	20.0	40.05				2	40.025	0.04999999999999716
sulfodiicoccus acidiphilus	67.5	50.0		67.5	67.5	ThermoBase	3	67.5	0.0
sulfolobales sp.					70.0	aciDB	1	70.0	0.0
sulfolobus acidocaldarius	72.5	55.0	70.0		72.5	Lyubetsky et al., 2020;ThermoBase;aciDB	3	71.66666666666667	2.5
sulfolobus islandicus					76.5	ThermoBase;aciDB	1	76.5	0.0
sulfolobus metallicus	65.0	50.0	67.5				2	66.25	2.5
sulfolobus shibatae			73.0				1	73.0	0.0
sulfolobus solfataricus			80.5				1	80.5	0.0
sulfolobus sp.			87.1		83.0	ThermoBase;aciDB	2	85.05	4.099999999999994
sulfolobus tengchongensis	85.0	65.0	85.2		85.0	ThermoBase	3	85.06666666666666	0.20000000000000284
sulfolobus tokodaii			77.5				1	77.5	0.0
sulfolobus yangmingensis	80.0	65.0	79.8		80.0	ThermoBase	3	79.93333333333334	0.20000000000000284
sulfopaludibacter sp.					14.0	aciDB	1	14.0	0.0
sulfophobococcus zilligii	87.0	70.0	90.15				2	88.575	3.1500000000000057
sulfotelmatobacter kueseliae					14.0	aciDB	1	14.0	0.0
sulfotelmatobacter sp.					14.0	aciDB	1	14.0	0.0
sulfotelmatomonas gaucii					14.0	aciDB	1	14.0	0.0
sulfuracidifex metallicus					65.0	ThermoBase;aciDB	1	65.0	0.0
sulfuracidifex tepidarius					65.0	ThermoBase;aciDB	1	65.0	0.0
sulfuricella denitrificans			22.0	22.0	22.0	BacDive	3	22.0	0.0
sulfuricurvum kujiense					25.0	BacDive	1	25.0	0.0
sulfuricurvum sp.					15.27	aciDB	1	15.27	0.0
sulfuriferula multivorans	23.5	8.0	35.0	23.5			3	27.333333333333332	11.5
sulfuriferula thiophila	32.0	5.0					1	32.0	0.0
sulfuriflexus mobilis	31.0	5.0		31.0			2	31.0	0.0
sulfurifustis variabilis	43.5	28.0		43.5	43.5	ThermoBase	3	43.5	0.0
sulfurihydrogenibium azorense	68.0	50.0	68.0	68.0	68.0	BacDive;ThermoBase	4	68.0	0.0
sulfurihydrogenibium kristjanssonii	68.0	40.0	67.9		68.0	BacDive;ThermoBase	3	67.96666666666667	0.09999999999999432
sulfurihydrogenibium rodmanii	75.0	55.0	71.45		75.0	BacDive;ThermoBase	3	73.81666666666666	3.549999999999997
sulfurihydrogenibium subterraneum	62.5	40.0	61.75	62.833333333333336	62.5	ThermoBase	4	62.395833333333336	1.0833333333333357
sulfurihydrogenibium yellowstonense	70.0	55.0	70.1		70.0	ThermoBase	3	70.03333333333333	0.09999999999999432
sulfurimonas autotrophica			24.0	24.25			2	24.125	0.25
sulfurimonas denitrificans			25.0	22.3335			2	23.66675	2.666499999999999
sulfurimonas gotlandica	15.0	4.0	15.0	17.75			3	15.916666666666666	2.75
sulfurimonas paralvinellae			30.1		30.0	BacDive	2	30.05	0.10000000000000142
sulfurirhabdus autotrophica			15.0				1	15.0	0.0
sulfurisphaera javensis	82.5	60.0			82.5	ThermoBase	2	82.5	0.0
sulfurisphaera ohwakuensis	84.0	63.0	80.1		84.0	ThermoBase	3	82.7	3.9000000000000057
sulfurisphaera tokodaii	80.0	70.0			80.0	ThermoBase;aciDB	2	80.0	0.0
sulfurivermis fontis	45.0	25.0		45.0	45.0	ThermoBase	3	45.0	0.0
sulfurivirga caldicuralii	52.5	30.0	52.55	53.333333333333336	52.5	ThermoBase	4	52.72083333333333	0.8333333333333357
sulfurospirillum arsenophilum					20.0	BacDive	1	20.0	0.0
sulfurospirillum barnesii					33.0	BacDive;Lyubetsky et al., 2020	1	33.0	0.0
sulfurospirillum cavolei					30.0	BacDive	1	30.0	0.0
sulfurospirillum deleyianum			29.0		28.0	Lyubetsky et al., 2020	2	28.5	1.0
sulfurovum aggregans	33.0	15.0	32.0				2	32.5	1.0
sulfurovum lithotrophicum	29.0	10.0			29.0	BacDive	2	29.0	0.0
sulfurovum riftiae	35.0	25.0	35.0				2	35.0	0.0
sulfurovum sp.					15.27	aciDB	1	15.27	0.0
superficieibacter electus	35.0	25.0		35.0			2	35.0	0.0
suttonella indologenes			33.0				1	33.0	0.0
suttonella ornithocola				33.5	33.5	BacDive	2	33.5	0.0
symbiobacterium ostreiconchae	55.0	50.0	60.0		55.0	ThermoBase	3	56.666666666666664	5.0
symbiobacterium terraclitae	55.0	40.0	55.0	55.0	55.0	ThermoBase	4	55.0	0.0
symbiobacterium thermophilum	60.0	45.0	60.0	60.0	60.0	Lyubetsky et al., 2020	4	60.0	0.0
symbiobacterium toebii			60.3				1	60.3	0.0
symbiobacterium turbinis	60.0	55.0	55.0				2	57.5	5.0
symploca muscorum			20.0				1	20.0	0.0
synechococcus bigranulatus					56.0	ThermoBase	1	56.0	0.0
synechococcus elongatus			35.0				1	35.0	0.0
synechococcus leopoliensis			21.0				1	21.0	0.0
synechococcus lividus			65.0				1	65.0	0.0
synechococcus sp.			22.0				1	22.0	0.0
synechocystis aquatilis			22.0				1	22.0	0.0
synechocystis bourrellyi			35.0				1	35.0	0.0
synechocystis limnetica			8.0				1	8.0	0.0
synechocystis pevalekii			22.0				1	22.0	0.0
synechocystis salina			22.0				1	22.0	0.0
synechocystis sp.			31.0				1	31.0	0.0
synergistes jonesii				39.0			1	39.0	0.0
syntrophobacter fumaroxidans					37.0	Lyubetsky et al., 2020	1	37.0	0.0
syntrophobacter wolinii			33.0				1	33.0	0.0
syntrophobotulus glycolicus				36.333			1	36.333	0.0
syntrophococcus sucromutans	38.5	30.0					1	38.5	0.0
syntrophomonas erecta	38.5	25.0					1	38.5	0.0
syntrophomonas sapovorans			35.0				1	35.0	0.0
syntrophomonas wolfei			36.0		36.0	Lyubetsky et al., 2020	2	36.0	0.0
syntrophorhabdus aromaticivorans	36.0	25.0					1	36.0	0.0
syntrophotalea acetylenica					31.0	Lyubetsky et al., 2020	1	31.0	0.0
syntrophotalea carbinolica					35.0	Lyubetsky et al., 2020	1	35.0	0.0
syntrophothermus lipocalidus	55.0	45.0	55.2	55.0	55.0	Lyubetsky et al., 2020;ThermoBase	4	55.05	0.20000000000000284
syntrophus aciditrophicus	35.0	25.0		34.5835	35.0	Lyubetsky et al., 2020	3	34.86116666666667	0.4164999999999992
syntrophus buswellii			35.0				1	35.0	0.0
tabrizicola fusiformis	33.5	15.0					1	33.5	0.0
tagaea marina	32.5	20.0					1	32.5	0.0
taibaiella chishuiensis	20.0	10.0					1	20.0	0.0
taibaiella koreensis	27.5	10.0					1	27.5	0.0
taibaiella smilacinae	26.5	7.0					1	26.5	0.0
taibaiella yonginensis	29.0	18.0					1	29.0	0.0
tamlana crocina	27.5	20.0					1	27.5	0.0
tamlana nanhaiensis	27.5	15.0					1	27.5	0.0
tamlana sedimentorum	29.0	5.0					1	29.0	0.0
tangfeifania diversioriginum	34.0	25.0		34.0			2	34.0	0.0
tannerella forsythia					37.0	Lyubetsky et al., 2020	1	37.0	0.0
tateyamaria pelophila			20.0				1	20.0	0.0
tatlockia massiliensis				26.5			1	26.5	0.0
tatumella citrea			27.0		25.0	Lyubetsky et al., 2020	2	26.0	2.0
tatumella punctata			26.5				1	26.5	0.0
tatumella terrea			26.5				1	26.5	0.0
taylorella equigenitalis					36.0	Lyubetsky et al., 2020	1	36.0	0.0
telluria chitinolytica	32.5	20.0					1	32.5	0.0
telluria mixta	32.5	20.0					1	32.5	0.0
tellurimicrobium multivorans	35.5	14.0					1	35.5	0.0
tellurirhabdus rosea	35.0	10.0					1	35.0	0.0
telmatobacter bradus	24.0	4.0	22.0				2	23.0	2.0
telmatocola sphagniphila	23.0	6.0		23.0			2	23.0	0.0
telmatospirillum siberiense	26.5	4.0		26.5			2	26.5	0.0
tenacibaculum adriaticum	22.0	5.0		22.0	22.0	BacDive	3	22.0	0.0
tenacibaculum aestuarii	33.5	9.0					1	33.5	0.0
tenacibaculum aiptasiae	32.5	8.0					1	32.5	0.0
tenacibaculum ascidiaceicola	33.5	10.0					1	33.5	0.0
tenacibaculum caenipelagi	27.5	10.0		27.5			2	27.5	0.0
tenacibaculum dicentrarchi	23.5	4.0					1	23.5	0.0
tenacibaculum discolor	27.5	14.0		27.5	27.5	BacDive	3	27.5	0.0
tenacibaculum gallaicum	27.5	14.0		27.5	27.5	BacDive	3	27.5	0.0
tenacibaculum haliotis	20.0	10.0					1	20.0	0.0
tenacibaculum halocynthiae	26.5	4.0					1	26.5	0.0
tenacibaculum holothuriorum	28.5	15.0		28.5			2	28.5	0.0
tenacibaculum insulae	19.0	4.0					1	19.0	0.0
tenacibaculum jejuense	27.5	15.0		27.5			2	27.5	0.0
tenacibaculum litopenaei	32.5	10.0					1	32.5	0.0
tenacibaculum litoreum	37.5	5.0					1	37.5	0.0
tenacibaculum lutimaris	33.5	10.0		33.5	33.5	BacDive	3	33.5	0.0
tenacibaculum maritimum			26.0				1	26.0	0.0
tenacibaculum mesophilum	31.5	15.0		31.5			2	31.5	0.0
tenacibaculum ovolyticum			15.0	15.0			2	15.0	0.0
tenacibaculum skagerrakense	31.0	10.0		31.0	31.0	BacDive	3	31.0	0.0
tenacibaculum soleae	23.5	14.0		23.5			2	23.5	0.0
tenacibaculum xiamenense	29.0	16.0					1	29.0	0.0
tenggerimyces flavus	26.5	10.0		26.5			2	26.5	0.0
tenggerimyces mesophilus	29.0	10.0					1	29.0	0.0
tenuibacillus multivorans	38.5	21.0		38.5			2	38.5	0.0
tepidamorphus gemmatus	47.5	25.0	50.0	48.75	47.5	ThermoBase	4	48.4375	2.5
tepidanaerobacter acetatoxydans				38.75			1	38.75	0.0
tepidanaerobacter syntrophicus	47.5	25.0	45.0		47.5	ThermoBase	3	46.666666666666664	2.5
tepidibacillus decaturensis	35.0	20.0					1	35.0	0.0
tepidibacillus fermentans	51.0	36.0	50.0		51.0	ThermoBase	3	50.666666666666664	1.0
tepidibacillus infernus	50.0	25.0	50.0		50.0	ThermoBase	3	50.0	0.0
tepidibacter formicigenes	45.0	35.0	45.0		45.0	ThermoBase	3	45.0	0.0
tepidibacter thalassicus	50.0	33.0	50.0		50.0	ThermoBase	3	50.0	0.0
tepidicaulis marinus	42.0	16.0		42.0	42.0	ThermoBase	3	42.0	0.0
tepidicella baoligensis	45.0	20.0		45.0	45.0	ThermoBase	3	45.0	0.0
tepidicella xavieri	45.0	25.0	45.0	45.0	45.0	BacDive;ThermoBase	4	45.0	0.0
tepidiforma bonchosmolovskayae	52.0	42.0		52.0	52.0	ThermoBase	3	52.0	0.0
tepidimicrobium ferriphilum	50.0	26.0	50.0		50.0	BacDive;ThermoBase	3	50.0	0.0
tepidimicrobium xylanilyticum	60.0	25.0	60.0		60.0	BacDive;ThermoBase	3	60.0	0.0
tepidimonas alkaliphilus	45.0	37.0		45.0	45.0	ThermoBase	3	45.0	0.0
tepidimonas aquatica			50.0				1	50.0	0.0
tepidimonas fonticaldi	55.0	35.0		55.0	55.0	ThermoBase	3	55.0	0.0
tepidimonas ignava	52.5	35.0	52.45	51.25	52.5	ThermoBase	4	52.175	1.25
tepidimonas sediminis	47.5	45.0		47.5	47.5	ThermoBase	3	47.5	0.0
tepidimonas taiwanensis	55.0	35.0		55.0	55.0	ThermoBase	3	55.0	0.0
tepidimonas thermarum	52.5	25.0	50.0	52.5	52.5	ThermoBase	4	51.875	2.5
tepidiphilus margaritifer	50.0	25.0	50.0		50.0	ThermoBase	3	50.0	0.0
tepidiphilus succinatimandens	55.0	35.0	55.0		55.0	BacDive;ThermoBase	3	55.0	0.0
tepidiphilus thermophilus	52.5	30.0	50.0		52.5	ThermoBase	3	51.666666666666664	2.5
tepidisphaera mucosa	48.5	20.0			48.5	ThermoBase	2	48.5	0.0
terasakiella brassicae	34.5	4.0		34.5			2	34.5	0.0
teredinibacter turnerae	32.5	20.0		32.5			2	32.5	0.0
teredinibacter turnerae_b				32.5			1	32.5	0.0
terrabacter aeriphilus					30.0	BacDive	1	30.0	0.0
terrabacter aerolatus			29.0		30.0	BacDive	2	29.5	1.0
terrabacter koreensis	29.0	20.0					1	29.0	0.0
terrabacter lapilli					28.0	BacDive	1	28.0	0.0
terrabacter terrigena					29.0	BacDive	1	29.0	0.0
terrabacter tumescens			26.5	28.6666666666667			2	27.58333333333335	2.1666666666667
terracidiphilus gabretensis	22.0	12.0		22.0	24.0	aciDB	3	22.666666666666668	2.0
terracoccus luteus			29.0		28.0	BacDive	2	28.5	1.0
terribacillus aidingensis	33.5	4.0		33.5			2	33.5	0.0
terribacillus goriensis					30.0	BacDive	1	30.0	0.0
terribacillus halophilus					25.0	BacDive	1	25.0	0.0
terribacillus saccharophilus					25.0	BacDive	1	25.0	0.0
terriglobus albidus	33.0	10.0	33.0				2	33.0	0.0
terriglobus roseus					17.5	Lyubetsky et al., 2020	1	17.5	0.0
terriglobus saanensis			20.0	20.0	25.0	BacDive	3	21.666666666666668	5.0
terriglobus sp.					17.5	aciDB	1	17.5	0.0
terrimesophilobacter mesophilus					28.0	BacDive	1	28.0	0.0
terrimonas arctica	23.5	4.0					1	23.5	0.0
terrimonas ferruginea	28.5	10.0		28.5			2	28.5	0.0
terrimonas lutea	28.5	10.0					1	28.5	0.0
terrimonas terrae	29.0	15.0					1	29.0	0.0
terrisporobacter glycolicus			35.0				1	35.0	0.0
terrisporobacter petrolearius	40.0	15.0			40.0	ThermoBase	2	40.0	0.0
tessaracoccus profundi	37.5	10.0					1	37.5	0.0
tetragenococcus halophilus			27.5		32.5	Lyubetsky et al., 2020	2	30.0	5.0
tetragenococcus koreensis			29.0		30.0	BacDive	2	29.5	1.0
tetragenococcus osmophilus					30.0	BacDive	1	30.0	0.0
tetrasphaera duodecadis			27.0				1	27.0	0.0
tetrasphaera elongata			29.0				1	29.0	0.0
tetrasphaera remsis			29.0				1	29.0	0.0
thalassobacillus cyri	40.0	5.0	35.0	38.333333333333336	40.0	BacDive;ThermoBase	4	38.333333333333336	5.0
thalassobacillus devorans					37.0	BacDive	1	37.0	0.0
thalassobacillus hwangdonensis	40.0	15.0			40.0	ThermoBase	2	40.0	0.0
thalassobacillus pellis					37.0	BacDive	1	37.0	0.0
thalassobacter stenotrophicus	24.0	13.0		24.875			2	24.4375	0.875
thalassobaculum fulvum	35.0	20.0					1	35.0	0.0
thalassobaculum litoreum	32.5	10.0		31.6665			2	32.08325	0.8335000000000008
thalassobaculum salexigens			27.0				1	27.0	0.0
thalassobius activus	26.0	15.0					1	26.0	0.0
thalassobius aestuarii			35.0				1	35.0	0.0
thalassobius autumnalis	26.0	15.0		26.0			2	26.0	0.0
thalassobius gelatinovorus			26.0	26.0			2	26.0	0.0
thalassobius litorarius	27.5	20.0					1	27.5	0.0
thalassobius mediterraneus			27.0				1	27.0	0.0
thalassococcus halodurans	32.0	12.0		32.0			2	32.0	0.0
thalassococcus lentus	26.5	15.0					1	26.5	0.0
thalassolituus oleivorans	22.5	4.0		21.375			2	21.9375	1.125
thalassomonas actiniarum	27.5	15.0		27.5			2	27.5	0.0
thalassomonas haliotis	27.5	15.0					1	27.5	0.0
thalassomonas viridans			26.0				1	26.0	0.0
thalassorhabdus alkalitolerans	38.5	20.0					1	38.5	0.0
thalassospira alkalitolerans	32.0	4.0		32.0			2	32.0	0.0
thalassospira lucentensis			13.0				1	13.0	0.0
thalassospira povalilytica	43.0	8.0		43.0	43.0	ThermoBase	3	43.0	0.0
thalassospira profundimaris	22.0	10.0		22.0			2	22.0	0.0
thalassospira sp.			22.0				1	22.0	0.0
thalassospira sp001907695				27.5			1	27.5	0.0
thalassospira tepidiphila	43.0	8.0	35.0	40.333333333333336	43.0	ThermoBase	4	40.333333333333336	8.0
thalassospira xiamenensis	22.0	4.0		22.0			2	22.0	0.0
thalassotalea agarivorans					25.0	BacDive	1	25.0	0.0
thalassotalea atypica	26.0	4.0					1	26.0	0.0
thalassotalea coralli	27.5	20.0					1	27.5	0.0
thalassotalea euphylliae	27.5	20.0					1	27.5	0.0
thalassotalea ganghwensis	35.0	15.0	34.0		35.0	BacDive	3	34.666666666666664	1.0
thalassotalea profundi	27.5	4.0					1	27.5	0.0
thalassotalea sediminis	33.0	4.0					1	33.0	0.0
thauera aromatica				29.6			1	29.6	0.0
thauera chlorobenzoica					33.5	Lyubetsky et al., 2020	1	33.5	0.0
thauera humireducens	31.0	10.0					1	31.0	0.0
thauera hydrothermalis	47.5	37.0					1	47.5	0.0
thauera selenatis			26.0				1	26.0	0.0
thauera sinica	32.5	4.0					1	32.5	0.0
thauera sp.			35.0				1	35.0	0.0
thaumarchaeota archaeon					77.0	aciDB	1	77.0	0.0
thermacetogenium phaeum	58.0	40.0	56.5	58.0	58.0	Lyubetsky et al., 2020;ThermoBase	4	57.625	1.5
thermaerobacter composti	70.0	52.0	65.0		70.0	ThermoBase	3	68.33333333333333	5.0
thermaerobacter litoralis	70.0	52.0	55.0		70.0	ThermoBase	3	65.0	15.0
thermaerobacter marianensis	75.0	50.0	73.45	74.16666666666667	72.5	Lyubetsky et al., 2020;ThermoBase	4	73.77916666666667	2.5
thermaerobacter nagasakiensis	70.0	52.0	70.0		70.0	ThermoBase	3	70.0	0.0
thermaerobacter subterraneus	70.0	55.0	65.0	66.66666666666667	70.0	ThermoBase	4	67.91666666666667	5.0
thermanaeromonas burensis	65.0	55.0	65.0		65.0	ThermoBase	3	65.0	0.0
thermanaeromonas toyohensis	70.0	55.0	70.0	70.0	70.0	ThermoBase	4	70.0	0.0
thermanaerothrix daxensis					65.0	ThermoBase	1	65.0	0.0
thermanaerovibrio acidaminovorans	52.5	40.0	55.0	54.16666666666666	55.0	Lyubetsky et al., 2020;ThermoBase	4	54.166666666666664	2.5
thermanaerovibrio velox	62.5	45.0	59.95	61.66666666666666	62.5	ThermoBase	4	61.65416666666667	2.549999999999997
thermasporomyces composti	52.5	35.0	50.0	51.25	52.5	ThermoBase	4	51.5625	2.5
thermicanus aegyptius	57.5	37.0	55.0	56.25	57.5	ThermoBase	4	56.5625	2.5
thermincola carboxydiphila	55.0	37.0	55.0		55.0	ThermoBase	3	55.0	0.0
thermincola ferriacetica	58.5	45.0	60.0	58.333333333333336	58.5	ThermoBase	4	58.833333333333336	1.6666666666666643
thermincola potens					55.0	ThermoBase	1	55.0	0.0
thermithiobacillus tepidarius	44.0	20.0	44.5	44.0	44.0	ThermoBase	4	44.125	0.5
thermoactinomyces daqus	55.0	45.0	55.0		55.0	ThermoBase	3	55.0	0.0
thermoactinomyces guangxiensis	47.5	37.0					1	47.5	0.0
thermoactinomyces intermedius			53.0				1	53.0	0.0
thermoactinomyces khenchelensis	52.5	37.0			52.5	ThermoBase	2	52.5	0.0
thermoactinomyces sp.			50.0				1	50.0	0.0
thermoactinomyces vulgaris			50.0				1	50.0	0.0
thermoactinomyces_a daqus				55.0			1	55.0	0.0
thermoactinospora rubra	50.0	28.0			50.0	ThermoBase	2	50.0	0.0
thermoanaerobacter acetoethylicus	65.0	40.0	60.0		65.0	ThermoBase	3	63.333333333333336	5.0
thermoanaerobacter brockii	57.5	40.0	64.0		65.0	Lyubetsky et al., 2020;ThermoBase	3	62.166666666666664	7.5
thermoanaerobacter cellulolyticus			65.0				1	65.0	0.0
thermoanaerobacter ethanolicus	69.0	37.0	64.9	65.22233333333334			3	66.37411111111112	4.099999999999994
thermoanaerobacter italicus	72.5	45.0	65.0		70.0	Lyubetsky et al., 2020;ThermoBase	3	69.16666666666667	7.5
thermoanaerobacter keratinophilus			70.0				1	70.0	0.0
thermoanaerobacter kivui	66.0	50.0	62.0	62.0	66.0	Lyubetsky et al., 2020;ThermoBase	4	64.0	4.0
thermoanaerobacter mathranii	72.5	50.0	63.45		63.75	Lyubetsky et al., 2020;ThermoBase	3	66.56666666666666	9.049999999999997
thermoanaerobacter pentosaceus	70.0	50.0	70.0		70.0	ThermoBase	3	70.0	0.0
thermoanaerobacter pseudethanolicus			65.0	64.02799999999999	66.5	Lyubetsky et al., 2020;ThermoBase	3	65.176	2.4720000000000084
thermoanaerobacter siderophilus	70.0	39.0	69.3		70.0	ThermoBase	3	69.76666666666667	0.7000000000000028
thermoanaerobacter sp.			60.0		60.0	ThermoBase	2	60.0	0.0
thermoanaerobacter sulfurigignens	65.0	34.0	64.05		65.0	ThermoBase	3	64.68333333333334	0.9500000000000028
thermoanaerobacter sulfurophilus	57.5	44.0	55.0		66.5	ThermoBase	3	59.666666666666664	11.5
thermoanaerobacter thermocopriae	60.0	47.0	60.0	64.02766666666666	60.0	ThermoBase	4	61.00691666666667	4.027666666666661
thermoanaerobacter thermohydrosulfuricus			62.0		68.0	ThermoBase	2	65.0	6.0
thermoanaerobacter uzonensis	61.0	33.0	60.55		61.0	ThermoBase	3	60.85	0.45000000000000284
thermoanaerobacter wiegelii	66.5	38.0	66.25	65.33333333333333	66.5	Lyubetsky et al., 2020	4	66.14583333333333	1.1666666666666714
thermoanaerobacterium aciditolerans	55.0	37.0	57.5		55.0	ThermoBase	3	55.833333333333336	2.5
thermoanaerobacterium aotearoense	61.5	35.0	62.8	62.0	61.5	ThermoBase	4	61.95	1.2999999999999972
thermoanaerobacterium bryantii			58.0				1	58.0	0.0
thermoanaerobacterium butyriciformans	52.5	35.0		52.5	52.5	ThermoBase	3	52.5	0.0
thermoanaerobacterium calidifontis	52.5	38.0			52.5	ThermoBase	2	52.5	0.0
thermoanaerobacterium saccharolyticum	60.0	45.0	60.0		60.0	ThermoBase	3	60.0	0.0
thermoanaerobacterium sp.			55.0				1	55.0	0.0
thermoanaerobacterium thermosaccharolyticum	58.5	30.0	53.0	58.5	58.0	Lyubetsky et al., 2020;ThermoBase	4	57.0	5.5
thermoanaerobacterium thermostercoris	60.0	40.0	60.0				2	60.0	0.0
thermoanaerobacterium thermosulfurigenes	60.0	35.0	59.75		60.0	ThermoBase	3	59.916666666666664	0.25
thermoanaerobacterium xylanolyticum	60.0	45.0	60.0	60.0	60.0	Lyubetsky et al., 2020;ThermoBase	4	60.0	0.0
thermoanaerobaculum aquaticum	60.0	50.0	60.0				2	60.0	0.0
thermoascus aegyptiacus					40.0	ThermoBase	1	40.0	0.0
thermoascus aurantiacus					50.5	ThermoBase	1	50.5	0.0
thermoascus crustaceus					40.0	ThermoBase	1	40.0	0.0
thermoascus thermophilus					47.5	ThermoBase	1	47.5	0.0
thermobacillus composti	50.0	32.0	50.0		50.0	ThermoBase	3	50.0	0.0
thermobacillus xylanilyticus			55.0		55.0	ThermoBase	2	55.0	0.0
thermobaculum terrenum			60.9		67.0	ThermoBase	2	63.95	6.100000000000001
thermobifida alba	42.5	20.0					1	42.5	0.0
thermobifida cellulosilytica			45.0	45.0			2	45.0	0.0
thermobifida fusca			49.5	50.85	44.5	Lyubetsky et al., 2020;ThermoBase	3	48.28333333333333	6.350000000000001
thermobifida halotolerans	45.0	20.0					1	45.0	0.0
thermobispora bispora			52.5	55.625	57.5	Lyubetsky et al., 2020	3	55.208333333333336	5.0
thermobrachium celere			63.4	57.5			2	60.45	5.899999999999999
thermocatellispora tengchongensis	47.5	28.0		47.5	47.5	ThermoBase	3	47.5	0.0
thermochaetoides thermophila					50.0	ThermoBase	1	50.0	0.0
thermochromatium tepidum	49.0	34.0	48.0	48.25	49.0	ThermoBase	4	48.5625	1.0
thermocladium modestius	75.0	45.0	75.0		75.0	ThermoBase;aciDB	3	75.0	0.0
thermocladium sp.					63.5	aciDB	1	63.5	0.0
thermoclostridium caenicola					60.0	BacDive;ThermoBase	1	60.0	0.0
thermoclostridium stercorarium					63.75	Lyubetsky et al., 2020;ThermoBase	1	63.75	0.0
thermococcus acidaminovorans	85.0	56.0	84.95		85.0	ThermoBase	3	84.98333333333333	0.04999999999999716
thermococcus aegaeus	89.0	50.0	89.5		90.0	ThermoBase	3	89.5	1.0
thermococcus aggregans	88.0	60.0	85.0		88.0	ThermoBase	3	87.0	3.0
thermococcus alcaliphilus	85.0	56.0	84.9		85.0	ThermoBase	3	84.96666666666667	0.09999999999999432
thermococcus atlanticus	85.0	70.0	87.4		85.0	ThermoBase	3	85.8	2.4000000000000057
thermococcus barophilus	85.0	48.0	84.95		85.0	Lyubetsky et al., 2020;ThermoBase	3	84.98333333333333	0.04999999999999716
thermococcus barossii	82.5	60.0	81.45	81.25	82.5	ThermoBase	4	81.925	1.25
thermococcus bergensis					80.0	ThermoBase	1	80.0	0.0
thermococcus camini					77.5	ThermoBase	1	77.5	0.0
thermococcus celer			84.95	86.5	88.0	Lyubetsky et al., 2020;ThermoBase	3	86.48333333333333	3.049999999999997
thermococcus celericrescens	80.0	50.0	79.9	80.0	80.0	ThermoBase	4	79.975	0.09999999999999432
thermococcus chitonophagus	85.0	60.0	85.0		85.0	Lyubetsky et al., 2020;ThermoBase	3	85.0	0.0
thermococcus cleftensis	88.0	55.0	80.0	86.5	88.0	ThermoBase	4	85.625	8.0
thermococcus coalescens	87.0	57.0	90.0		87.0	ThermoBase	3	88.0	3.0
thermococcus eurythermalis	85.0	50.0		85.0	85.0	ThermoBase	3	85.0	0.0
thermococcus fumicolans	87.5	73.0	84.55		85.0	ThermoBase	3	85.68333333333334	2.950000000000003
thermococcus gammatolerans	88.0	55.0	88.7	88.0	88.0	ThermoBase	4	88.175	0.7000000000000028
thermococcus gorgonarius	84.0	68.0	85.0	84.5	84.0	Lyubetsky et al., 2020;ThermoBase	4	84.375	1.0
thermococcus guaymasensis	88.0	56.0	88.0	88.0	88.0	Lyubetsky et al., 2020;ThermoBase	4	88.0	0.0
thermococcus henrietii					82.5	ThermoBase	1	82.5	0.0
thermococcus hydrothermalis	85.0	55.0	79.9		85.0	ThermoBase	3	83.3	5.099999999999994
thermococcus indicus					80.0	ThermoBase	1	80.0	0.0
thermococcus kodakarensis	85.0	60.0	60.0	81.77766666666666	85.0	ThermoBase	4	77.94441666666667	25.0
thermococcus litoralis	85.0	55.0	85.0		88.0	Lyubetsky et al., 2020;ThermoBase	3	86.0	3.0
thermococcus marinus	88.0	55.0	88.0		88.0	ThermoBase	3	88.0	0.0
thermococcus nautili	87.5	55.0	87.8	87.5	87.5	ThermoBase	4	87.575	0.29999999999999716
thermococcus onnurineus	80.0	63.0		80.0	80.0	ThermoBase	3	80.0	0.0
thermococcus pacificus	84.0	70.0	85.0	84.5	84.0	Lyubetsky et al., 2020;ThermoBase	4	84.375	1.0
thermococcus paralvinellae	82.0	50.0	80.0		82.0	ThermoBase	3	81.33333333333333	2.0
thermococcus peptonophilus	87.5	60.0	85.1	84.375	86.25	Lyubetsky et al., 2020;ThermoBase	4	85.80625	3.125
thermococcus piezophilus	75.0	60.0		75.0	75.0	ThermoBase	3	75.0	0.0
thermococcus prieurii	80.0	60.0	88.6		80.0	ThermoBase	3	82.86666666666666	8.599999999999994
thermococcus profundus	80.0	50.0	80.15	80.0	80.0	Lyubetsky et al., 2020;ThermoBase	4	80.0375	0.15000000000000568
thermococcus radiotolerans	88.0	55.0	88.0	88.0	88.0	ThermoBase	4	88.0	0.0
thermococcus sibiricus	78.0	40.0	79.5		78.0	ThermoBase	3	78.5	1.5
thermococcus siculi	85.0	50.0	83.9	83.75	85.0	ThermoBase	4	84.4125	1.25
thermococcus sp.			82.75		83.5	ThermoBase	2	83.125	0.75
thermococcus stetteri	75.0	55.0	74.9	75.0	75.0	ThermoBase	4	74.975	0.09999999999999432
thermococcus thioreducens	84.0	55.0	84.5	84.0	84.0	ThermoBase	4	84.125	0.5
thermococcus waiotapuensis	85.0	60.0	84.45		85.0	ThermoBase	3	84.81666666666666	0.5499999999999972
thermococcus zilligii	77.5	55.0	75.0	76.66666666666667	77.5	ThermoBase	4	76.66666666666667	2.5
thermococcus_a litoralis				85.0			1	85.0	0.0
thermococcus_a sibiricus				78.0			1	78.0	0.0
thermococcus_a sp001484685				85.0			1	85.0	0.0
thermococcus_b barophilus				85.0			1	85.0	0.0
thermocrinis albus	85.0	55.0	80.0	80.33333333333333			3	81.77777777777777	5.0
thermocrinis jamiesonii	80.0	70.0	80.0		80.0	ThermoBase	3	80.0	0.0
thermocrinis minervae	75.0	65.0	75.0		75.0	BacDive;ThermoBase	3	75.0	0.0
thermocrinis ruber	80.0	44.0	79.95	80.0	80.0	Lyubetsky et al., 2020;ThermoBase	4	79.9875	0.04999999999999716
thermocrinis_a minervae				75.0			1	75.0	0.0
thermocrispum agreste	50.0	20.0	45.0	48.333333333333336			3	47.77777777777778	5.0
thermocrispum municipale	44.0	20.0	47.0	46.88888888888889			3	45.96296296296296	3.0
thermodesulfatator atlanticus	67.5	55.0	67.5	68.33333333333333			3	67.77777777777777	0.8333333333333286
thermodesulfatator autotrophicus	67.5	50.0	65.0	67.5			3	66.66666666666667	2.5
thermodesulfatator indicus	70.0	55.0	70.0	70.0	70.0	ThermoBase	4	70.0	0.0
thermodesulfitimonas autotrophica	65.0	45.0		65.0			2	65.0	0.0
thermodesulfobacterium commune	70.0	45.0	69.8	70.0	70.0	Lyubetsky et al., 2020;ThermoBase	4	69.95	0.20000000000000284
thermodesulfobacterium geofontis	83.0	70.0	80.0	83.0	83.0	ThermoBase	4	82.25	3.0
thermodesulfobacterium hveragerdense	72.0	55.0	67.5	68.5			3	69.33333333333333	4.5
thermodesulfobacterium hydrogeniphilum	75.0	50.0	72.25	72.5			3	73.25	2.75
thermodesulfobacterium sp.			65.0				1	65.0	0.0
thermodesulfobacterium thermophilum			65.0	65.0			2	65.0	0.0
thermodesulfobium acidiphilum	55.0	37.0		53.3335	55.0	aciDB	3	54.444500000000005	1.6664999999999992
thermodesulfobium narugense	52.5	37.0	52.5	51.25	52.5	Lyubetsky et al., 2020;ThermoBase	4	52.1875	1.25
thermodesulfomicrobium thermophilum					55.0	ThermoBase	1	55.0	0.0
thermodesulforhabdus norvegica	60.0	44.0	58.0	60.0			3	59.333333333333336	2.0
thermodesulfovibrio aggregans	60.0	45.0	60.0	60.0	60.0	ThermoBase	4	60.0	0.0
thermodesulfovibrio hydrogeniphilus	65.0	50.0	65.0				2	65.0	0.0
thermodesulfovibrio islandicus	65.0	45.0	65.2				2	65.1	0.20000000000000284
thermodesulfovibrio thiophilus	55.0	45.0	55.0	55.0	55.0	ThermoBase	4	55.0	0.0
thermodesulfovibrio yellowstonii			60.0	62.5	65.0	Lyubetsky et al., 2020;ThermoBase	3	62.5	5.0
thermodiscus maritimus	90.0	75.0	90.0				2	90.0	0.0
thermofilum adornatum					80.0	ThermoBase	1	80.0	0.0
thermofilum carboxyditrophus					92.0	ThermoBase	1	92.0	0.0
thermofilum librum			85.0				1	85.0	0.0
thermofilum pendens	87.5	85.0	88.0		87.5	Lyubetsky et al., 2020;ThermoBase	3	87.66666666666667	0.5
thermofilum uzonense	85.0	70.0			85.0	ThermoBase	2	85.0	0.0
thermoflavifilum aggregans	60.0	35.0	60.0	60.0			3	60.0	0.0
thermoflavifilum thermophilum					55.0	ThermoBase	1	55.0	0.0
thermoflavimicrobium dichotomicum			47.5				1	47.5	0.0
thermoflexus hugenholtzii	73.75	68.0		73.75	73.75	ThermoBase	3	73.75	0.0
thermogemmatispora carboxidivorans	55.0	40.0	55.0	55.0	55.0	ThermoBase	4	55.0	0.0
thermogemmatispora foliorum	62.5	45.0			62.5	ThermoBase	2	62.5	0.0
thermogemmatispora onikobensis	62.5	50.0		62.5	62.5	ThermoBase	3	62.5	0.0
thermogladius calderae	84.0	80.0		84.0	84.0	ThermoBase	3	84.0	0.0
thermogladius shockii	84.0	64.0	85.0		84.0	ThermoBase	3	84.33333333333333	1.0
thermogutta hypogea	52.0	30.0					1	52.0	0.0
thermogutta terrifontis	57.5	25.0		57.5			2	57.5	0.0
thermogymnomonas acidicola	60.0	38.0	60.0		60.0	aciDB	3	60.0	0.0
thermohalobacter berrensis	65.0	45.0	65.1				2	65.05	0.09999999999999432
thermohydrogenium kirishiense	65.0	45.0	62.0				2	63.5	3.0
thermoleophilum album	60.0	45.0	55.0	60.0			3	58.333333333333336	5.0
thermoleophilum minutum	60.0	45.0	57.5				2	58.75	2.5
thermolithobacter carboxydivorans	70.0	40.0	65.0				2	67.5	5.0
thermolithobacter ferrireducens	73.0	50.0	68.0				2	70.5	5.0
thermolongibacillus altinsuensis	55.0	40.0	55.0				2	55.0	0.0
thermolongibacillus kozakliensis	60.0	40.0	55.0				2	57.5	5.0
thermomarinilinea lacunifontana	55.0	37.0	50.2		60.0	ThermoBase	3	55.06666666666666	9.799999999999997
thermomicrobium carboxidum	70.0	50.0	65.0		70.0	ThermoBase	3	68.33333333333333	5.0
thermomicrobium roseum	72.5	45.0	70.0		70.0	Lyubetsky et al., 2020;ThermoBase	3	70.83333333333333	2.5
thermomonas brevis	32.5	4.0		32.5			2	32.5	0.0
thermomonas fusca	32.5	4.0		32.5			2	32.5	0.0
thermomonas haemolytica			45.2				1	45.2	0.0
thermomonas hydrothermalis	50.0	30.0	50.55		50.0	ThermoBase	3	50.18333333333334	0.5499999999999972
thermomonas sp.			50.0				1	50.0	0.0
thermomonospora amylolytica					45.0	ThermoBase	1	45.0	0.0
thermomonospora catenispora	52.5	37.0		52.5	52.5	ThermoBase	3	52.5	0.0
thermomonospora cellulosilytica					45.0	ThermoBase	1	45.0	0.0
thermomonospora chromogena			50.0				1	50.0	0.0
thermomonospora curvata	50.0	40.0	48.0	50.833333333333336	50.0	ThermoBase	4	49.708333333333336	2.8333333333333357
thermomyces dupontii					47.5	ThermoBase	1	47.5	0.0
thermomyces ibadanensis					44.5	ThermoBase	1	44.5	0.0
thermomyces lanuginosus					47.5	ThermoBase	1	47.5	0.0
thermomyces stellatus					40.0	ThermoBase	1	40.0	0.0
thermonema lapsum			60.0				1	60.0	0.0
thermonema rossianum	60.0	35.0	54.95		60.0	ThermoBase	3	58.31666666666666	5.049999999999997
thermophagus xiamenensis	50.0	35.0	55.0	50.0	50.0	ThermoBase	4	51.25	5.0
thermoplasma acidophilum	59.0	45.0	59.0	57.7221111111111	59.0	Lyubetsky et al., 2020;ThermoBase;aciDB	4	58.680527777777776	1.2778888888889028
thermoplasma volcanium	60.0	33.0	60.0	58.750111111111096	60.0	Lyubetsky et al., 2020;ThermoBase;aciDB	4	59.687527777777774	1.2498888888889041
thermoplasmatales archaeon					22.0	aciDB	1	22.0	0.0
thermopolyspora flexuosa	50.0	40.0	37.0	50.0			3	45.666666666666664	13.0
thermoproteus sp.					80.45	aciDB	1	80.45	0.0
thermoproteus tenax	90.0	85.0	87.0		90.0	Lyubetsky et al., 2020;ThermoBase;aciDB	3	89.0	3.0
thermoproteus thermophilus	85.0	75.0			85.0	ThermoBase	2	85.0	0.0
thermoproteus uzoniensis	90.0	74.0	85.65		90.0	Lyubetsky et al., 2020;ThermoBase	3	88.55	4.349999999999994
thermorudis peleae	65.0	55.0			65.0	ThermoBase	2	65.0	0.0
thermorudis pharmacophila	70.5	53.0			70.5	ThermoBase	2	70.5	0.0
thermosediminibacter litoriperuensis	64.0	43.0	65.0	64.0	64.0	ThermoBase	4	64.25	1.0
thermosediminibacter oceani	64.0	43.0	67.0	66.22233333333334	68.0	Lyubetsky et al., 2020;ThermoBase	4	66.30558333333333	4.0
thermosinus carboxydivorans	60.0	40.0	60.0	60.0	60.0	ThermoBase	4	60.0	0.0
thermosipho activus	65.0	44.0	65.0		65.0	ThermoBase	3	65.0	0.0
thermosipho affectus	70.0	37.0	70.0	70.0	70.0	ThermoBase	4	70.0	0.0
thermosipho africanus	75.0	35.0	71.55	72.5	75.0	Lyubetsky et al., 2020;ThermoBase	4	73.5125	3.450000000000003
thermosipho atlanticus	65.0	45.0	65.0		65.0	ThermoBase	3	65.0	0.0
thermosipho geolei	70.0	45.0	70.1		70.0	ThermoBase	3	70.03333333333333	0.09999999999999432
thermosipho globiformans	68.0	40.0	66.55		68.0	ThermoBase	3	67.51666666666667	1.4500000000000028
thermosipho japonicus	72.0	45.0	71.0		72.0	ThermoBase	3	71.66666666666667	1.0
thermosipho melanesiensis	70.0	45.0	69.95	70.0	70.0	Lyubetsky et al., 2020;ThermoBase	4	69.9875	0.04999999999999716
thermosipho_a atlanticus				60.0			1	60.0	0.0
thermosphaera aggregans	85.0	65.0	85.0	85.0	85.0	BacDive;Lyubetsky et al., 2020;ThermoBase	4	85.0	0.0
thermosporothrix hazakensis	50.0	31.0	50.0		50.0	ThermoBase	3	50.0	0.0
thermosporothrix narukonensis	50.0	30.0			50.0	ThermoBase	2	50.0	0.0
thermostaphylospora grisealba	50.0	40.0			50.0	ThermoBase	2	50.0	0.0
thermostichus lividus					65.0	ThermoBase	1	65.0	0.0
thermostilla marina	55.0	30.0			55.0	ThermoBase	2	55.0	0.0
thermosulfidibacter takaii	70.0	55.0	70.0	70.0	70.0	ThermoBase	4	70.0	0.0
thermosulfurimonas dismutans	74.0	50.0	72.05	74.0	74.0	ThermoBase	4	73.5125	1.9500000000000028
thermosulfuriphilus ammonigenes	65.0	47.0		65.0	65.0	ThermoBase	3	65.0	0.0
thermosynechococcus elongatus			47.5				1	47.5	0.0
thermosynechococcus vestitus					57.0	ThermoBase	1	57.0	0.0
thermosynechococcus vulcanus			50.0				1	50.0	0.0
thermosyntropha lipolytica	63.0	52.0	63.85		63.0	ThermoBase	3	63.28333333333333	0.8500000000000014
thermosyntropha tengcongensis	60.0	55.0			60.0	ThermoBase	2	60.0	0.0
thermotalea metallivorans	50.0	30.0	50.0	51.6665	50.0	ThermoBase	4	50.416624999999996	1.6664999999999992
thermothelomyces fergusii					50.0	ThermoBase	1	50.0	0.0
thermothelomyces hinnuleus					42.5	ThermoBase	1	42.5	0.0
thermothelomyces myriococcoides					45.0	ThermoBase	1	45.0	0.0
thermothelomyces thermophilus					47.5	ThermoBase	1	47.5	0.0
thermothielavioides terrestris					42.5	ThermoBase	1	42.5	0.0
thermothrix azorensis	77.0	63.0	78.0		77.0	ThermoBase	3	77.33333333333333	1.0
thermothrix thiopara	71.5	62.0	72.5		71.5	ThermoBase	3	71.83333333333333	1.0
thermotoga caldifontis	60.0	50.0	69.75		70.0	ThermoBase	3	66.58333333333333	10.0
thermotoga maritima	80.0	55.0	80.0	78.55566666666667	80.0	Lyubetsky et al., 2020;ThermoBase	4	79.63891666666666	1.4443333333333328
thermotoga naphthophila	80.0	48.0	77.15				2	78.575	2.8499999999999943
thermotoga neapolitana	80.0	55.0	79.0	78.75	80.0	Lyubetsky et al., 2020;ThermoBase	4	79.4375	1.25
thermotoga petrophila	80.0	47.0	77.25	77.77766666666666	80.0	ThermoBase	4	78.75691666666667	2.75
thermotoga profunda	60.0	50.0	60.15		60.0	ThermoBase	3	60.050000000000004	0.14999999999999858
thermotoga sp.			78.0		80.0	ThermoBase	2	79.0	2.0
thermotomaculum hydrothermale	55.0	37.0	55.0		55.0	ThermoBase	3	55.0	0.0
thermotunica guangxiensis	52.5	37.0			52.5	ThermoBase	2	52.5	0.0
thermovenabulum ferriorganovorum	64.0	45.0			64.0	ThermoBase	2	64.0	0.0
thermovenabulum gondwanense	65.0	50.0	65.0	65.0	65.0	ThermoBase	4	65.0	0.0
thermovibrio ammonificans	75.0	69.0	74.9	74.66666666666667	75.0	ThermoBase	4	74.89166666666667	0.3333333333333286
thermovibrio guaymasensis	77.5	50.0	75.0	76.25	77.5	ThermoBase	4	76.5625	2.5
thermovibrio ruber	75.0	50.0	77.5		75.0	ThermoBase	3	75.83333333333333	2.5
thermovirga lienii	58.0	37.0	55.0	57.0	58.0	ThermoBase	4	57.0	3.0
thermovorax subterraneus	71.0	50.0	70.5		71.0	ThermoBase	3	70.83333333333333	0.5
thermus amyloliquefaciens	62.5	50.0		62.5	62.5	ThermoBase	3	62.5	0.0
thermus antranikianii	67.5	50.0	70.0	68.75	70.0	ThermoBase	4	69.0625	2.5
thermus aquaticus	70.0	40.0	69.35	69.52366666666667	70.0	Lyubetsky et al., 2020;ThermoBase	4	69.71841666666667	0.6500000000000057
thermus arciformis	70.0	40.0		70.0	70.0	ThermoBase	3	70.0	0.0
thermus brockianus			65.4	70.0	70.0	Lyubetsky et al., 2020;ThermoBase	3	68.46666666666667	4.599999999999994
thermus caldifontis	60.0	50.0		60.0	60.0	ThermoBase	3	60.0	0.0
thermus caliditerrae	65.0	50.0	65.0	65.0	70.0	ThermoBase	4	66.25	5.0
thermus composti	70.0	40.0	45.0	70.0	70.0	ThermoBase	4	63.75	25.0
thermus filiformis	71.5	37.0	70.0		73.0	ThermoBase	3	71.5	3.0
thermus igniterrae	67.5	45.0	70.15	67.5	65.0	ThermoBase	4	67.5375	5.150000000000006
thermus islandicus	65.0	45.0	65.0	65.0	65.0	ThermoBase	4	65.0	0.0
thermus kawarayensis	68.0	40.0	68.0		68.0	ThermoBase	3	68.0	0.0
thermus oshimai			65.0	66.25	70.0	Lyubetsky et al., 2020;ThermoBase	3	67.08333333333333	5.0
thermus parvatiensis	70.0	60.0		70.0	68.75	Lyubetsky et al., 2020;ThermoBase	3	69.58333333333333	1.25
thermus rehai					67.5	ThermoBase	1	67.5	0.0
thermus scotoductus	65.0	42.0	68.15	66.18333333333334	67.5	Lyubetsky et al., 2020;ThermoBase	4	66.70833333333334	3.1500000000000057
thermus sp.			68.5				1	68.5	0.0
thermus sp000236585				92.4			1	92.4	0.0
thermus tengchongensis	65.0	55.0	65.0	65.0	65.0	ThermoBase	4	65.0	0.0
thermus thermamylovorans	65.0	37.0		65.0	65.0	ThermoBase	3	65.0	0.0
thermus thermophilus	68.5	47.0	68.45	71.06914285714286	68.5	ThermoBase	4	69.12978571428572	2.6191428571428617
thermus yunnanensis	67.5	40.0			67.5	ThermoBase	2	67.5	0.0
thermus_a filiformis				70.0			1	70.0	0.0
thioalkalivibrio sp000025545				34.0			1	34.0	0.0
thioalkalivibrio_a sulfidiphilus				35.0			1	35.0	0.0
thiobacillus denitrificans				29.4285714285714	30.0	Lyubetsky et al., 2020	2	29.7142857142857	0.5714285714286014
thiobacillus sp.			22.2				1	22.2	0.0
thiobacillus thioparus			29.6	29.0			2	29.3	0.6000000000000014
thiobacillus thiophilus	27.5	-2.0			27.5	BacDive	2	27.5	0.0
thiobacter subterraneus	52.5	35.0	51.4		52.5	ThermoBase	3	52.13333333333333	1.1000000000000014
thiocapsa litoralis			26.0				1	26.0	0.0
thiocapsa marina			26.0	29.0	32.5	BacDive	3	29.166666666666668	6.5
thioclava atlantica	32.5	4.0		32.5			2	32.5	0.0
thioclava pacifica	35.0	15.0		35.0			2	35.0	0.0
thiocystis cadagnonensis	20.0	5.0					1	20.0	0.0
thiocystis chemoclinalis	20.0	5.0					1	20.0	0.0
thiocystis violascens					30.0	Lyubetsky et al., 2020	1	30.0	0.0
thiofaba tepidiphila	45.0	20.0	45.0		45.0	BacDive;ThermoBase	3	45.0	0.0
thioflavicoccus mobilis					27.5	Lyubetsky et al., 2020	1	27.5	0.0
thiogranum longum	32.0	19.0		32.0			2	32.0	0.0
thiohalobacter thiocyanaticus	32.0	20.0		32.0			2	32.0	0.0
thiohalocapsa marina			27.0		30.0	BacDive	2	28.5	3.0
thiohalospira alkaliphila					35.0	BacDive	1	35.0	0.0
thiohalospira halophila				33.5			1	33.5	0.0
thiolapillus brandeum			35.0				1	35.0	0.0
thiolinea disciformis	27.5	4.0		27.5			2	27.5	0.0
thiomicrorhabdus arctica	12.35	-2.0	15.0	13.0125			3	13.454166666666666	2.6500000000000004
thiomicrorhabdus chilensis	36.0	32.0	28.0	36.0			3	33.333333333333336	8.0
thiomicrorhabdus frisia	33.5	31.0	29.0				2	31.25	4.5
thiomicrorhabdus psychrophila	15.0	-2.0	15.0				2	15.0	0.0
thiomicrospira pelophila				25.5			1	25.5	0.0
thiomonas arsenitoxydans					30.0	aciDB	1	30.0	0.0
thiomonas bhubaneswarensis	33.5	25.0		33.5			2	33.5	0.0
thiomonas delicata	32.5	15.0	29.0	30.41666666666665			3	30.638888888888886	3.5
thiomonas intermedia	32.5	17.0		29.58333333333335	30.0	Lyubetsky et al., 2020;aciDB	3	30.694444444444446	2.91666666666665
thiomonas islandica			50.0				1	50.0	0.0
thiomonas sp.					15.27	aciDB	1	15.27	0.0
thiomonas thermosulfata	51.25	34.0			51.25	ThermoBase	2	51.25	0.0
thiophaeococcus mangrovi					30.0	BacDive	1	30.0	0.0
thioprofundum hispidum	39.0	29.0	39.0				2	39.0	0.0
thioprofundum lithotrophicum	50.0	30.0	50.0		50.0	ThermoBase	3	50.0	0.0
thioreductor micantisoli	32.0	20.0	32.05				2	32.025	0.04999999999999716
thiorhodococcus alkaliphilus	27.0	25.0					1	27.0	0.0
thiorhodococcus kakinadensis					30.0	BacDive	1	30.0	0.0
thiorhodospira sibirica			26.0	26.75			2	26.375	0.75
thiorhodovibrio sp000228725				33.0			1	33.0	0.0
thiorhodovibrio winogradskyi	33.0	14.0					1	33.0	0.0
thiothrix disciformis			23.0				1	23.0	0.0
thiothrix eikelboomii			20.0				1	20.0	0.0
thiothrix fructosivorans			10.0	10.0			2	10.0	0.0
thiothrix lacustris	24.0	5.0	23.0	23.33333333333333			3	23.444444444444443	1.0
thiothrix nivea	27.5	6.0		27.5			2	27.5	0.0
thiothrix sp.			17.0				1	17.0	0.0
thiothrix unzii			26.0	26.0			2	26.0	0.0
thiotrichales bacterium					15.44	aciDB	1	15.44	0.0
thiovirga sulfuroxydans	32.0	15.0					1	32.0	0.0
thorsellia anophelis			32.0		30.0	BacDive	2	31.0	2.0
thorsellia kandunguensis			29.0				1	29.0	0.0
thorsellia kenyensis			29.0				1	29.0	0.0
tibeticola sediminis	41.0	30.0		41.0	41.0	ThermoBase	3	41.0	0.0
tindallia californiensis			36.0	35.0			2	35.5	1.0
tindallia texcoconensis	35.0	25.0	35.0				2	35.0	0.0
tissierella creatinini			36.0				1	36.0	0.0
tissierella creatinophila	32.0	10.0	31.0				2	31.5	1.0
tissierella praeacuta			15.0				1	15.0	0.0
tistlia consotensis				29.5			1	29.5	0.0
tistrella bauzanensis	15.0	1.0	20.0				2	17.5	5.0
tolumonas auensis	22.0	12.0		22.0	22.0	BacDive;Lyubetsky et al., 2020	3	22.0	0.0
tolumonas osonensis	22.0	15.0	26.0	22.0	22.0	BacDive	4	23.0	4.0
tolypothrix distorta			20.0				1	20.0	0.0
tolypothrix tenuis			22.0				1	22.0	0.0
tomitella biformata	20.0	-5.0	20.0	20.0			3	20.0	0.0
trabulsiella guamensis			36.0	33.5			2	34.75	2.5
trabulsiella odontotermitis	31.5	28.0		31.5			2	31.5	0.0
trabulsiella odontotermitis_a				31.5			1	31.5	0.0
tranquillimonas alkanivorans	43.0	10.0			43.0	ThermoBase	2	43.0	0.0
treponema azotonutricium			23.0				1	23.0	0.0
treponema caldarium			50.0				1	50.0	0.0
treponema pallidum			33.0		37.0	Lyubetsky et al., 2020	2	35.0	4.0
treponema parvum			36.0				1	36.0	0.0
treponema pectinovorum			36.0				1	36.0	0.0
treponema phagedenis				37.5			1	37.5	0.0
treponema primitia			26.0		30.0	Lyubetsky et al., 2020	2	28.0	4.0
treponema putidum					37.0	Lyubetsky et al., 2020	1	37.0	0.0
treponema sp.			36.0				1	36.0	0.0
treponema succinifaciens					37.0	Lyubetsky et al., 2020	1	37.0	0.0
treponema_b denticola				36.0			1	36.0	0.0
treponema_g caldarium				36.0			1	36.0	0.0
trichococcus collinsii			27.0				1	27.0	0.0
trichococcus ilyis					30.0	BacDive	1	30.0	0.0
trichococcus patagoniensis	29.0	-5.0	27.0	29.0			3	28.333333333333332	2.0
trichormus azollae			22.0				1	22.0	0.0
trichormus doliolum			24.0				1	24.0	0.0
trichormus variabilis			34.8				1	34.8	0.0
trinickia soli					28.0	BacDive	1	28.0	0.0
tritonibacter horizontis	32.5	4.0					1	32.5	0.0
tropheryma whipplei					37.0	Lyubetsky et al., 2020	1	37.0	0.0
tropicibacter phthalicicus	22.5	15.0					1	22.5	0.0
truepera radiovictrix			46.0	50.0	50.0	ThermoBase	3	48.666666666666664	4.0
trueperella bernardiae			36.0				1	36.0	0.0
trueperella bialowiezensis					37.0	BacDive	1	37.0	0.0
trueperella bonasi					37.0	BacDive	1	37.0	0.0
tsukamurella paurometabola			29.0	29.2857142857143			2	29.14285714285715	0.2857142857142989
tsukamurella pseudospumae				23.5			1	23.5	0.0
tsukamurella pulmonis			32.0	31.0			2	31.5	1.0
tsukamurella soli			29.0				1	29.0	0.0
tsukamurella strandjordii			31.0				1	31.0	0.0
tuberibacillus calidus	52.5	40.0	50.0		52.5	ThermoBase	3	51.666666666666664	2.5
tumebacillus luteolus	32.5	25.0					1	32.5	0.0
tumebacillus permanentifrigoris	27.5	5.0			27.5	BacDive	2	27.5	0.0
tundrisphaera lichenicola	18.5	4.0					1	18.5	0.0
tunicatimonas pelagia	27.5	20.0					1	27.5	0.0
turicimonas muris	34.0	20.0		34.0			2	34.0	0.0
turneriella parva					29.0	Lyubetsky et al., 2020	1	29.0	0.0
tychonema bourrellyi			20.0				1	20.0	0.0
uliginosibacterium gangwonense	27.5	4.0					1	27.5	0.0
uliginosibacterium paludis	35.0	15.0					1	35.0	0.0
ulvibacter antarcticus					25.0	BacDive	1	25.0	0.0
ulvibacter litoralis	22.0	4.0	24.0	22.666666666666668			3	22.88888888888889	2.0
umboniibacter marinipuniceus	26.5	5.0		26.5			2	26.5	0.0
umezakia natans			20.0				1	20.0	0.0
uncultured acidilobus					80.0	aciDB	1	80.0	0.0
uncultured cyanobacterium			26.0				1	26.0	0.0
undibacterium amnicola	22.5	10.0					1	22.5	0.0
undibacterium aquatile	23.0	4.0		23.0			2	23.0	0.0
undibacterium arcticum	20.0	4.0					1	20.0	0.0
undibacterium danionis	24.0	4.0					1	24.0	0.0
undibacterium parvum			22.0	22.0			2	22.0	0.0
undibacterium squillarum	27.5	20.0		27.5			2	27.5	0.0
unidentified bacterium			31.0				1	31.0	0.0
ureaplasma parvum					36.0	Lyubetsky et al., 2020	1	36.0	0.0
ureaplasma urealyticum	32.5	20.0		32.5	36.5	Lyubetsky et al., 2020	3	33.833333333333336	4.0
ureibacillus composti	55.0	37.0	50.0	52.5	55.0	ThermoBase	4	53.125	5.0
ureibacillus defluvii	55.0	25.0			55.0	ThermoBase	2	55.0	0.0
ureibacillus suwonensis			51.0				1	51.0	0.0
ureibacillus terrenus			54.0	53.3333333333333			2	53.66666666666665	0.6666666666666998
ureibacillus thermophilus			50.0	50.0			2	50.0	0.0
ureibacillus thermosphaericus	60.0	33.0	46.5	52.833333333333336	60.0	ThermoBase	4	54.833333333333336	13.5
vadicella arenosi	27.5	4.0					1	27.5	0.0
vagococcus elongatus					37.0	BacDive	1	37.0	0.0
vagococcus fluvialis			33.0				1	33.0	0.0
vagococcus salmoninarum			29.0				1	29.0	0.0
vallitalea guaymasensis	32.5	20.0					1	32.5	0.0
variovorax boronicumulans					30.0	BacDive	1	30.0	0.0
variovorax dokdonensis			29.0		30.0	BacDive	2	29.5	1.0
variovorax gossypii			27.0				1	27.0	0.0
variovorax humicola	27.5	4.0					1	27.5	0.0
variovorax paradoxus				29.6363636363636			1	29.6363636363636	0.0
variovorax soli					30.0	BacDive	1	30.0	0.0
veillonella magna	38.5	21.0					1	38.5	0.0
veillonella parvula					33.5	Lyubetsky et al., 2020	1	33.5	0.0
veillonella_a magna				35.0			1	35.0	0.0
venenivibrio stagnispumantis	70.0	45.0	70.0		70.0	ThermoBase	3	70.0	0.0
verminephrobacter aporrectodeae			21.0				1	21.0	0.0
verrucomicrobia bacterium					15.44	aciDB	1	15.44	0.0
verrucomicrobiales bacterium					15.44	aciDB	1	15.44	0.0
verrucomicrobium sp.					35.0	aciDB	1	35.0	0.0
verrucomicrobium spinosum				32.0			1	32.0	0.0
verrucosispora endophytica	27.5	20.0					1	27.5	0.0
verrucosispora gifhornensis			35.0				1	35.0	0.0
verrucosispora sediminis	32.5	20.0					1	32.5	0.0
vibrio adaptatus			18.0				1	18.0	0.0
vibrio aerogenes			27.0				1	27.0	0.0
vibrio aestuarianus			26.0				1	26.0	0.0
vibrio albensis			26.0				1	26.0	0.0
vibrio alfacsensis	33.5	20.0		33.5			2	33.5	0.0
vibrio alginolyticus			31.05				1	31.05	0.0
vibrio algivorus	27.5	4.0		27.5			2	27.5	0.0
vibrio algosus			26.0				1	26.0	0.0
vibrio anguillarum			23.0	18.0	20.0	Lyubetsky et al., 2020	3	20.333333333333332	5.0
vibrio atypicus	20.0	16.0		20.0			2	20.0	0.0
vibrio azureus				23.5			1	23.5	0.0
vibrio brasiliensis			29.0				1	29.0	0.0
vibrio breoganii			27.0	18.5			2	22.75	8.5
vibrio campbellii			29.0	27.0			2	28.0	2.0
vibrio casei			29.0	29.0			2	29.0	0.0
vibrio cholerae			36.0	29.25	36.0	Lyubetsky et al., 2020	3	33.75	6.75
vibrio coralliilyticus				25.667			1	25.667	0.0
vibrio coralliirubri				20.0			1	20.0	0.0
vibrio crassostreae			23.0				1	23.0	0.0
vibrio cyclitrophicus			29.0				1	29.0	0.0
vibrio cyclosites			26.0				1	26.0	0.0
vibrio diabolicus	37.5	20.0	40.1	37.5			3	38.36666666666667	2.6000000000000014
vibrio equitatus			26.0				1	26.0	0.0
vibrio ezurae			29.0				1	29.0	0.0
vibrio fluvialis			29.0				1	29.0	0.0
vibrio fortis			29.0				1	29.0	0.0
vibrio galatheae	27.5	15.0		27.5			2	27.5	0.0
vibrio gazogenes			27.5				1	27.5	0.0
vibrio gigantis			24.0	4.0			2	14.0	20.0
vibrio halioticoli			26.0				1	26.0	0.0
vibrio harveyi			28.0				1	28.0	0.0
vibrio hepatarius			27.0				1	27.0	0.0
vibrio hippocampi	20.0	10.0					1	20.0	0.0
vibrio hispanicus			29.0				1	29.0	0.0
vibrio ichthyoenteri			27.0				1	27.0	0.0
vibrio japonicus	35.0	10.0					1	35.0	0.0
vibrio jasicida				31.0			1	31.0	0.0
vibrio kanaloae			27.0				1	27.0	0.0
vibrio lentus			27.0				1	27.0	0.0
vibrio litoralis	27.5	4.0	29.0				2	28.25	1.5
vibrio maritimus	32.5	7.0		32.5			2	32.5	0.0
vibrio mediterranei				26.0			1	26.0	0.0
vibrio mimicus			32.0				1	32.0	0.0
vibrio natriegens			28.5				1	28.5	0.0
vibrio navarrensis	33.5	10.0	31.0	33.6			3	32.699999999999996	2.6000000000000014
vibrio neonatus			27.0				1	27.0	0.0
vibrio neptunius			27.0				1	27.0	0.0
vibrio nereis			26.0				1	26.0	0.0
vibrio nigripulchritudo			26.0		25.0	Lyubetsky et al., 2020	2	25.5	1.0
vibrio olivae	33.5	15.0	34.0				2	33.75	0.5
vibrio ordalii			27.0				1	27.0	0.0
vibrio orientalis			29.0				1	29.0	0.0
vibrio ouci	32.0	16.0		32.0			2	32.0	0.0
vibrio owensii			27.0				1	27.0	0.0
vibrio pacinii			29.0				1	29.0	0.0
vibrio palustris	26.0	15.0					1	26.0	0.0
vibrio panuliri	29.0	16.0		29.0			2	29.0	0.0
vibrio parahaemolyticus			31.0	30.65714285714285			2	30.828571428571426	0.34285714285714874
vibrio pectenicida			20.0				1	20.0	0.0
vibrio pelagius			29.0				1	29.0	0.0
vibrio penaeicida			26.0				1	26.0	0.0
vibrio pomeroyi			27.0				1	27.0	0.0
vibrio proteolyticus			26.0				1	26.0	0.0
vibrio renipiscarius				26.0			1	26.0	0.0
vibrio rhizosphaerae	27.5	20.0					1	27.5	0.0
vibrio rotiferianus			27.0				1	27.0	0.0
vibrio ruber	27.5	20.0	27.0				2	27.25	0.5
vibrio rumoiensis			29.0				1	29.0	0.0
vibrio sagamiensis	27.5	10.0					1	27.5	0.0
vibrio scophthalmi	26.0	22.0	27.0	26.0	26.0	Lyubetsky et al., 2020	4	26.25	1.0
vibrio shilonii			29.0				1	29.0	0.0
vibrio sinaloensis_b				31.667			1	31.667	0.0
vibrio sp.			29.0				1	29.0	0.0
vibrio spartinae	26.0	15.0					1	26.0	0.0
vibrio splendidus			27.0				1	27.0	0.0
vibrio tapetis	18.0	4.0	27.0	18.0			3	21.0	9.0
vibrio tasmaniensis			27.0				1	27.0	0.0
vibrio tubiashii			26.0				1	26.0	0.0
vibrio variabilis	31.5	15.0		31.5			2	31.5	0.0
vibrio vulnificus			30.5	27.9165			2	29.20825	2.583500000000001
vibrio xiamenensis	33.5	15.0					1	33.5	0.0
vibrio xuii			27.0				1	27.0	0.0
vibrio zhanjiangensis	27.5	15.0	26.0				2	26.75	1.5
vicinamibacter silvestris	28.3	12.0					1	28.3	0.0
virgibacillus alimentarius					37.0	BacDive	1	37.0	0.0
virgibacillus arcticus			20.0		25.0	BacDive	2	22.5	5.0
virgibacillus byunsanensis	33.5	4.0					1	33.5	0.0
virgibacillus carmonensis	27.5	10.0	29.0				2	28.25	1.5
virgibacillus chiguensis	40.0	15.0		40.0	40.0	ThermoBase	3	40.0	0.0
virgibacillus dokdonensis					37.0	BacDive	1	37.0	0.0
virgibacillus halodenitrificans	38.0	10.0	37.8	37.75	37.5	Lyubetsky et al., 2020	4	37.7625	0.5
virgibacillus halotolerans	28.5	8.0					1	28.5	0.0
virgibacillus jeotgali	29.0	4.0					1	29.0	0.0
virgibacillus kekensis					37.0	BacDive	1	37.0	0.0
virgibacillus marismortui			34.5		37.0	BacDive	2	35.75	2.5
virgibacillus natechei	35.0	10.0					1	35.0	0.0
virgibacillus necropolis			29.0		30.0	Lyubetsky et al., 2020	2	29.5	1.0
virgibacillus oceani	36.0	15.0					1	36.0	0.0
virgibacillus olivae					30.0	BacDive	1	30.0	0.0
virgibacillus pantothenticus					37.0	BacDive	1	37.0	0.0
virgibacillus proomii					37.0	BacDive	1	37.0	0.0
virgibacillus salarius	32.5	10.0					1	32.5	0.0
virgibacillus salexigens			34.5	33.5	37.0	BacDive	3	35.0	3.5
virgibacillus salinus					37.0	BacDive	1	37.0	0.0
virgibacillus sediminis	37.5	10.0					1	37.5	0.0
virgibacillus soli	27.5	15.0	29.0				2	28.25	1.5
virgibacillus sp000725285				36.667			1	36.667	0.0
virgibacillus subterraneus					30.0	BacDive	1	30.0	0.0
virgibacillus xinjiangensis	33.5	8.0					1	33.5	0.0
virgisporangium aliadipatigenens	32.5	20.0		32.5			2	32.5	0.0
virgisporangium aurantiacum			29.0				1	29.0	0.0
virgisporangium myanmarense	33.5	20.0					1	33.5	0.0
virgisporangium ochraceum			29.0				1	29.0	0.0
viridibacillus neidei	29.0	5.0					1	29.0	0.0
vitellibacter todarodis	32.5	4.0					1	32.5	0.0
vitreoscilla stercoraria			26.0	26.0			2	26.0	0.0
vogesella amnigena	27.5	15.0					1	27.5	0.0
vogesella lacus	27.5	10.0					1	27.5	0.0
vogesella oryzae	29.0	10.0		29.0			2	29.0	0.0
vreelandella andesensis					32.5	BacDive	1	32.5	0.0
vreelandella arcis					30.0	BacDive	1	30.0	0.0
vreelandella boliviensis					27.5	BacDive	1	27.5	0.0
vreelandella hamiltonii					32.5	BacDive	1	32.5	0.0
vreelandella neptunia					30.0	BacDive	1	30.0	0.0
vreelandella stevensii					32.5	BacDive	1	32.5	0.0
vreelandella subterranea					30.0	BacDive	1	30.0	0.0
vreelandella sulfidaeris					27.5	BacDive	1	27.5	0.0
vreelandella vilamensis					30.0	BacDive	1	30.0	0.0
vreelandella zhanjiangensis					27.5	BacDive	1	27.5	0.0
vulcanibacillus modesticaldus	55.0	37.0	45.0		55.0	BacDive;ThermoBase	3	51.666666666666664	10.0
vulcaniibacterium tengchongense	45.0	25.0			45.0	ThermoBase	2	45.0	0.0
vulcaniibacterium thermophilum	50.0	37.0	50.0		50.0	ThermoBase	3	50.0	0.0
vulcanisaeta distributa	90.0	70.0	90.0		81.0	ThermoBase;aciDB	3	87.0	9.0
vulcanisaeta moutnovskia	82.5	60.0		80.75	87.5	ThermoBase	3	83.58333333333333	6.75
vulcanisaeta souniana	85.0	65.0	85.0		82.25	ThermoBase;aciDB	3	84.08333333333333	2.75
vulcanisaeta sp.					80.9	aciDB	1	80.9	0.0
vulcanisaeta thermophila	85.0	75.0			85.0	ThermoBase;aciDB	2	85.0	0.0
vulcanithermus mediatlanticus	70.0	37.0	65.0		70.0	ThermoBase	3	68.33333333333333	5.0
waddlia chondrophila				32.5			1	32.5	0.0
wandonia haliotis	33.5	25.0					1	33.5	0.0
weeksella virosa			33.0	32.5			2	32.75	0.5
weissella ceti				29.667			1	29.667	0.0
weissella cibaria			32.0	36.125			2	34.0625	4.125
weissella confusa			31.5	32.75			2	32.125	1.25
weissella halotolerans			31.0				1	31.0	0.0
weissella hellenica			29.0				1	29.0	0.0
weissella minor			31.0				1	31.0	0.0
weissella paramesenteroides			28.0				1	28.0	0.0
weissella soli			23.0	20.0			2	21.5	3.0
weissella viridescens			32.0				1	32.0	0.0
wenxinia marina	36.0	15.0		36.0			2	36.0	0.0
williamsia marianensis			29.0				1	29.0	0.0
williamsia maris			29.0				1	29.0	0.0
williamsia muralis			26.0	29.0			2	27.5	3.0
williamsia serinedens			31.0				1	31.0	0.0
williamsia sp.			29.0				1	29.0	0.0
williamwhitmania taraxaci	22.5	3.0		22.5			2	22.5	0.0
winogradskyella aquimaris	33.5	10.0					1	33.5	0.0
winogradskyella arenosi	26.5	4.0		26.5			2	26.5	0.0
winogradskyella aurantia	34.0	15.0		34.0			2	34.0	0.0
winogradskyella damuponensis	27.5	4.0					1	27.5	0.0
winogradskyella eckloniae	22.5	10.0		22.5			2	22.5	0.0
winogradskyella epiphytica	24.0	4.0		24.0			2	24.0	0.0
winogradskyella exilis	23.0	4.0					1	23.0	0.0
winogradskyella eximia	22.0	4.0		22.0			2	22.0	0.0
winogradskyella jejuensis	22.5	10.0		22.5			2	22.5	0.0
winogradskyella litoriviva	26.5	4.0		26.5			2	26.5	0.0
winogradskyella lutea	32.5	10.0	27.0				2	29.75	5.5
winogradskyella profunda	26.5	5.0					1	26.5	0.0
winogradskyella psychrotolerans	18.0	4.0					1	18.0	0.0
winogradskyella rapida	24.0	4.0					1	24.0	0.0
winogradskyella thalassocola	22.0	4.0	21.0	21.5			3	21.5	1.0
winogradskyella ulvae	26.5	4.0					1	26.5	0.0
winslowiella toletana					28.0	BacDive	1	28.0	0.0
wohlfahrtiimonas chitiniclastica	32.5	4.0					1	32.5	0.0
wolinella succinogenes					37.0	Lyubetsky et al., 2020	1	37.0	0.0
woodsholea maritima					30.0	BacDive	1	30.0	0.0
xanthobacter autotrophicus			29.0		27.5	Lyubetsky et al., 2020	2	28.25	1.5
xanthobacter sp.			29.0		15.44	aciDB	2	22.22	13.56
xanthomarina gelatinilytica	32.5	10.0		32.5			2	32.5	0.0
xanthomarina spongicola					30.0	BacDive	1	30.0	0.0
xanthomonas albilineans					28.0	Lyubetsky et al., 2020	1	28.0	0.0
xanthomonas alfalfae			27.0				1	27.0	0.0
xanthomonas arboricola			27.0				1	27.0	0.0
xanthomonas axonopodis			27.0	27.75	28.0	Lyubetsky et al., 2020	3	27.583333333333332	1.0
xanthomonas campestris			26.0	26.4	28.0	Lyubetsky et al., 2020	3	26.8	2.0
xanthomonas citri			26.0				1	26.0	0.0
xanthomonas cucurbitae			27.0				1	27.0	0.0
xanthomonas cynarae			29.0				1	29.0	0.0
xanthomonas euvesicatoria			26.0				1	26.0	0.0
xanthomonas fragariae					28.0	Lyubetsky et al., 2020	1	28.0	0.0
xanthomonas fuscans			26.0				1	26.0	0.0
xanthomonas gardneri			29.0				1	29.0	0.0
xanthomonas hortorum			27.0	26.5			2	26.75	0.5
xanthomonas hyacinthi			27.0				1	27.0	0.0
xanthomonas oryzae			26.0		28.0	Lyubetsky et al., 2020	2	27.0	2.0
xanthomonas perforans				27.731			1	27.731	0.0
xanthomonas phaseoli			26.0				1	26.0	0.0
xanthomonas pisi			27.0				1	27.0	0.0
xanthomonas populi			19.0				1	19.0	0.0
xanthomonas sacchari					28.0	Lyubetsky et al., 2020	1	28.0	0.0
xanthomonas sp.			27.0				1	27.0	0.0
xanthomonas theicola			29.0				1	29.0	0.0
xanthomonas translucens			27.0		28.0	Lyubetsky et al., 2020	2	27.5	1.0
xanthomonas vasicola			27.5	27.722			2	27.611	0.2220000000000013
xanthomonas vesicatoria			27.0		28.0	Lyubetsky et al., 2020	2	27.5	1.0
xenococcus sp.			23.0				1	23.0	0.0
xenophilus aerolatus	27.5	10.0			27.5	BacDive	2	27.5	0.0
xenophilus arseniciresistens	27.5	4.0					1	27.5	0.0
xenorhabdus bovienii					28.0	Lyubetsky et al., 2020	1	28.0	0.0
xenorhabdus indica			29.0				1	29.0	0.0
xenorhabdus innexi			27.0				1	27.0	0.0
xenorhabdus japonica			29.0				1	29.0	0.0
xenorhabdus kozodoii			29.0				1	29.0	0.0
xenorhabdus nematophila			26.5	26.0	28.0	Lyubetsky et al., 2020	3	26.833333333333332	2.0
xenorhabdus poinarii			27.0		28.0	Lyubetsky et al., 2020	2	27.5	1.0
xenorhabdus vietnamensis			29.0				1	29.0	0.0
xylanibacillus composti	37.5	30.0		37.5			2	37.5	0.0
xylanibacter ruminicola					33.5	Lyubetsky et al., 2020	1	33.5	0.0
xylanimonas cellulosilytica			29.0	29.0	28.0	Lyubetsky et al., 2020	3	28.666666666666668	1.0
xylella fastidiosa			27.45	26.724	27.0	Lyubetsky et al., 2020	3	27.058000000000003	0.7259999999999991
xylophilus ampelinus			26.0	20.0			2	23.0	6.0
yaniella flava					28.0	BacDive	1	28.0	0.0
yaniella halotolerans				29.5	28.5	BacDive	2	29.0	1.0
yeosuana aromativorans	34.5	23.0		34.5			2	34.5	0.0
yersinia aldovae			29.0		28.5	Lyubetsky et al., 2020	2	28.75	0.5
yersinia aleksiciae			29.0				1	29.0	0.0
yersinia bercovieri			29.0				1	29.0	0.0
yersinia enterocolitica			31.0	28.8395	28.5	Lyubetsky et al., 2020	3	29.4465	2.5
yersinia entomophaga			29.0	33.5	33.5	BacDive	3	32.0	4.5
yersinia frederiksenii					28.5	Lyubetsky et al., 2020	1	28.5	0.0
yersinia intermedia					28.5	Lyubetsky et al., 2020	1	28.5	0.0
yersinia kristensenii				33.5	28.5	Lyubetsky et al., 2020	2	31.0	5.0
yersinia massiliensis			31.0				1	31.0	0.0
yersinia mollaretii			29.0				1	29.0	0.0
yersinia pestis			33.0	31.578	28.5	Lyubetsky et al., 2020	3	31.026	4.5
yersinia pseudotuberculosis			35.0		28.5	Lyubetsky et al., 2020	2	31.75	6.5
yersinia rohdei					28.5	Lyubetsky et al., 2020	1	28.5	0.0
yersinia ruckeri			31.0	22.0	28.5	Lyubetsky et al., 2020	3	27.166666666666668	9.0
yersinia wautersii			29.0				1	29.0	0.0
yimella lutea					28.0	BacDive	1	28.0	0.0
yokenella regensburgei			35.0				1	35.0	0.0
yonghaparkia alkaliphila			29.0				1	29.0	0.0
yoonia maritima	29.0	4.0		29.0			2	29.0	0.0
yoonia tamlensis	27.5	4.0		27.5			2	27.5	0.0
youngiibacter fragilis	33.0	15.0					1	33.0	0.0
zavarzinella formosa	22.5	10.0	20.0				2	21.25	2.5
zeaxanthinibacter aestuarii	36.0	15.0					1	36.0	0.0
zeaxanthinibacter enoshimensis	29.0	16.0	32.0	29.0			3	30.0	3.0
zestosphaera tikiterensis	82.5	60.0		82.5			2	82.5	0.0
zhihengliuella alba	32.5	4.0			30.25	BacDive	2	31.375	2.25
zhihengliuella halotolerans				29.0	28.5	BacDive	2	28.75	0.5
zhihengliuella salsuginis	27.5	10.0		27.5			2	27.5	0.0
zhizhongheella caldifontis			40.0				1	40.0	0.0
zhongshania aliphaticivorans	27.5	10.0		27.5			2	27.5	0.0
zhongshania borealis	22.5	4.0					1	22.5	0.0
zobellella aerophila	32.5	5.0					1	32.5	0.0
zobellella denitrificans	32.5	10.0		32.5			2	32.5	0.0
zobellella maritima	32.5	10.0					1	32.5	0.0
zobellia amurskyensis	24.0	4.0		24.0			2	24.0	0.0
zobellia galactanivorans	35.0	13.0	34.0	35.0	35.0	Lyubetsky et al., 2020	4	34.75	1.0
zobellia laminariae	22.0	4.0		22.0			2	22.0	0.0
zobellia russellii	26.5	4.0		26.5			2	26.5	0.0
zobellia uliginosa			26.0	26.0			2	26.0	0.0
zoogloea caeni	27.5	15.0					1	27.5	0.0
zoogloea oleivorans	26.5	5.0					1	26.5	0.0
zoogloea ramigera			27.0				1	27.0	0.0
zoogloea resiniphila			29.0				1	29.0	0.0
zoogloea sp.			27.0				1	27.0	0.0
zunongwangia atlantica	26.5	4.0		26.5			2	26.5	0.0
zunongwangia endophytica	26.0	4.0					1	26.0	0.0
zunongwangia flava	27.5	20.0					1	27.5	0.0
zunongwangia mangrovi	26.5	20.0		26.5			2	26.5	0.0
zunongwangia profunda	27.5	4.0		30.0			2	28.75	2.5
zymobacter palmae			26.0	26.0			2	26.0	0.0
zymomonas mobilis			29.0	28.83316666666665	27.5	Lyubetsky et al., 2020	3	28.44438888888888	1.5
